
UILINT — rendered-layout gate · https://hellokahwin.com, https://hellokahwin.com/artikel, https://hellokahwin.com/artikel/idea-dan-nasihat, https://hellokahwin.com/artikel/hiasan-dekorasi, https://hellokahwin.com/artikel/real-wedding, https://hellokahwin.com/artikel/moden-kontemporari, https://hellokahwin.com/artikel/pantai-santai, https://hellokahwin.com/artikel/glamor-eksklusif, https://hellokahwin.com/artikel/fotografi-videografi, https://hellokahwin.com/artikel/minimalis-mewah, https://hellokahwin.com/artikel/nikah-undang-undang, https://hellokahwin.com/artikel/hantaran-mas-kahwin, https://hellokahwin.com/artikel/ucapan-doa, https://hellokahwin.com/artikel/busana-pengantin, https://hellokahwin.com/artikel/pelamin-kad-cenderahati, https://hellokahwin.com/artikel/venue-perancangan, https://hellokahwin.com/artikel/sebelum-nikah, https://hellokahwin.com/artikel/hantaran-mas-kahwin/hantaran-tunang, https://hellokahwin.com/artikel/glamor-eksklusif/amankila-bali, https://hellokahwin.com/artikel/hantaran-mas-kahwin/hantaran-kahwin, https://hellokahwin.com/artikel/hantaran-mas-kahwin/mas-kahwin-sabah-sarawak, https://hellokahwin.com/artikel/glamor-eksklusif/grand-hyatt-kuala-lumpur, https://hellokahwin.com/artikel/venue-perancangan/checklist-kahwin, https://hellokahwin.com/artikel/idea-dan-nasihat/kursus-kahwin, https://hellokahwin.com/artikel/venue-perancangan/pakej-dewan-kahwin, https://hellokahwin.com/artikel/ucapan-doa/ucapan-pengantin-baru, https://hellokahwin.com/artikel/nikah-undang-undang/borang-nikah, https://hellokahwin.com/artikel/hantaran-mas-kahwin/mas-kahwin-pahang-negeri-sembilan, https://hellokahwin.com/artikel/moden-kontemporari/marriott-putrajaya, https://hellokahwin.com/artikel/real-wedding/villa-warisan, https://hellokahwin.com/artikel/ucapan-doa/doa-majlis-perkahwinan, https://hellokahwin.com/artikel/hantaran-mas-kahwin/adat-hantaran-berbeza-negeri, https://hellokahwin.com/artikel/idea-dan-nasihat/cara-buat-kad-kahwin-digital, https://hellokahwin.com/artikel/hantaran-mas-kahwin/adat-hantaran-ikut-keluarga, https://hellokahwin.com/artikel/real-wedding/cheong-fatt-tze-mansion, https://hellokahwin.com/artikel/venue-perancangan/harga-sewa-dewan-kahwin, https://hellokahwin.com/artikel/real-wedding/sentosa-janda-baik, https://hellokahwin.com/artikel/venue-perancangan/bajet-kahwin, https://hellokahwin.com/artikel/idea-dan-nasihat/pelamin-kahwin-dewan, https://hellokahwin.com/artikel/busana-pengantin/baju-pengantin-sewa-atau-beli, https://hellokahwin.com/artikel/busana-pengantin/inai-tangan-pengantin, https://hellokahwin.com/artikel/hantaran-mas-kahwin/nisbah-hantaran, https://hellokahwin.com/artikel/hantaran-mas-kahwin/hantaran-kahwin-5-balas-7, https://hellokahwin.com/artikel/hantaran-mas-kahwin/hantaran-tunang-3-balas-5, https://hellokahwin.com/artikel/hantaran-mas-kahwin/barang-hantaran-perempuan, https://hellokahwin.com/artikel/hantaran-mas-kahwin/bilangan-dulang-hantaran-ganjil, https://hellokahwin.com/artikel/hantaran-mas-kahwin/hantaran-tunang-untuk-lelaki, https://hellokahwin.com/artikel/hantaran-mas-kahwin/duit-hantaran-kahwin, https://hellokahwin.com/artikel/hantaran-mas-kahwin/cara-tetapkan-duit-hantaran, https://hellokahwin.com/artikel/sebelum-nikah/doa-majlis-pertunangan, https://hellokahwin.com/artikel/idea-dan-nasihat/dewan-kahwin, https://hellokahwin.com/artikel/hantaran-mas-kahwin/hantaran-untuk-lelaki, https://hellokahwin.com/artikel/moden-kontemporari/jw-marriott-kuala-lumpur, https://hellokahwin.com/artikel/idea-dan-nasihat/tempat-honeymoon-di-malaysia, https://hellokahwin.com/artikel/hantaran-mas-kahwin/mas-kahwin-kelantan-terengganu, https://hellokahwin.com/artikel/hantaran-mas-kahwin/mas-kahwin-perak, https://hellokahwin.com/artikel/real-wedding/perkahwinan-di-ruma-hotel-kuala-lumpur-dengan-sentuhan-warisan-peranakan, https://hellokahwin.com/artikel/hantaran-mas-kahwin/gubahan-hantaran-simple
widths 390/768/1024/1440/1920 · chrome C:/Program Files/Google/Chrome/Application/chrome.exe
──────────────────────────────────────────────────────────────────────────────
[ ok ] / @390                                         0 violation(s)  empty:0 rail:0 narrow:0 measure:0 clipped:0 over:0 clip:0 upscale:0 aspect:0 attr:0 unmeasurable:0 R2:0 R6:0 H6:0 H6.6:0
[ ok ] / @768                                         0 violation(s)  empty:0 rail:0 narrow:0 measure:0 clipped:0 over:0 clip:0 upscale:0 aspect:0 attr:0 unmeasurable:0 R2:0 R6:0 H6:0 H6.6:0
[ ok ] / @1024                                        0 violation(s)  empty:0 rail:0 narrow:0 measure:0 clipped:0 over:0 clip:0 upscale:0 aspect:0 attr:1 unmeasurable:0 R2:0 R6:0 H6:0 H6.6:0 · +1 advisory
        image-attr-aspect ×1
          declared width="1200" height="630" (1.90:1) for a 2464x700 file (3.52:1) — 46% off, so the box reserved before load is the wrong shape (ceiling 25%)
            a.group.block > div.bg-muted.relative.aspect-[40/21] > picture > img.absolute.inset-0.h-full  ⟨img · link → /artikel/nikah-undang-undang/kad-nikah-selangor · alt="Kad nikah Selangor: MyNCR, RM40 dan 10 hari bekerja"⟩
            "lam-angys/crop-4.3x1-desktop-hero.webp?v=0.8437_0.2507-g48c0b959"
[ ok ] / @1440                                        0 violation(s)  empty:0 rail:0 narrow:0 measure:0 clipped:0 over:0 clip:0 upscale:0 aspect:0 attr:1 unmeasurable:0 R2:0 R6:0 H6:0 H6.6:0 · +1 advisory
        image-attr-aspect ×1
          declared width="1200" height="630" (1.90:1) for a 2464x700 file (3.52:1) — 46% off, so the box reserved before load is the wrong shape (ceiling 25%)
            a.group.block > div.bg-muted.relative.aspect-[40/21] > picture > img.absolute.inset-0.h-full  ⟨img · link → /artikel/nikah-undang-undang/kad-nikah-selangor · alt="Kad nikah Selangor: MyNCR, RM40 dan 10 hari bekerja"⟩
            "lam-angys/crop-4.3x1-desktop-hero.webp?v=0.8437_0.2507-g48c0b959"
[ ok ] / @1920                                        0 violation(s)  empty:0 rail:0 narrow:0 measure:0 clipped:0 over:0 clip:0 upscale:0 aspect:0 attr:1 unmeasurable:0 R2:0 R6:0 H6:0 H6.6:0 · +1 advisory
        image-attr-aspect ×1
          declared width="1200" height="630" (1.90:1) for a 2464x700 file (3.52:1) — 46% off, so the box reserved before load is the wrong shape (ceiling 25%)
            a.group.block > div.bg-muted.relative.aspect-[40/21] > picture > img.absolute.inset-0.h-full  ⟨img · link → /artikel/nikah-undang-undang/kad-nikah-selangor · alt="Kad nikah Selangor: MyNCR, RM40 dan 10 hari bekerja"⟩
            "lam-angys/crop-4.3x1-desktop-hero.webp?v=0.8437_0.2507-g48c0b959"
[ ok ] /artikel @390                                  0 violation(s)  empty:0 rail:0 narrow:0 measure:0 clipped:0 over:0 clip:0 upscale:0 aspect:0 attr:0 unmeasurable:0 R2:0 R6:0 H6:0 H6.6:0
[ ok ] /artikel @768                                  0 violation(s)  empty:0 rail:0 narrow:0 measure:0 clipped:0 over:0 clip:0 upscale:0 aspect:0 attr:0 unmeasurable:0 R2:0 R6:0 H6:0 H6.6:0
[ ok ] /artikel @1024                                 0 violation(s)  empty:0 rail:0 narrow:0 measure:0 clipped:0 over:0 clip:0 upscale:0 aspect:0 attr:1 unmeasurable:0 R2:0 R6:0 H6:0 H6.6:0 · +1 advisory
        image-attr-aspect ×1
          declared width="1200" height="630" (1.90:1) for a 2464x700 file (3.52:1) — 46% off, so the box reserved before load is the wrong shape (ceiling 25%)
            a.group.block > div.bg-muted.relative.aspect-[40/21] > picture > img.absolute.inset-0.h-full  ⟨img · link → /artikel/nikah-undang-undang/kursus-kahwin-selangor · alt="Kursus kahwin Selangor: yuran RM100 dan 10 penganjur"⟩
            "mat-angys/crop-4.3x1-desktop-hero.webp?v=0.9075_0.1333-g48c0b959"
[ ok ] /artikel @1440                                 0 violation(s)  empty:0 rail:0 narrow:0 measure:0 clipped:0 over:0 clip:0 upscale:0 aspect:0 attr:1 unmeasurable:0 R2:0 R6:0 H6:0 H6.6:0 · +1 advisory
        image-attr-aspect ×1
          declared width="1200" height="630" (1.90:1) for a 2464x700 file (3.52:1) — 46% off, so the box reserved before load is the wrong shape (ceiling 25%)
            a.group.block > div.bg-muted.relative.aspect-[40/21] > picture > img.absolute.inset-0.h-full  ⟨img · link → /artikel/nikah-undang-undang/kursus-kahwin-selangor · alt="Kursus kahwin Selangor: yuran RM100 dan 10 penganjur"⟩
            "mat-angys/crop-4.3x1-desktop-hero.webp?v=0.9075_0.1333-g48c0b959"
[ ok ] /artikel @1920                                 0 violation(s)  empty:0 rail:0 narrow:0 measure:0 clipped:0 over:0 clip:0 upscale:0 aspect:0 attr:1 unmeasurable:0 R2:0 R6:0 H6:0 H6.6:0 · +1 advisory
        image-attr-aspect ×1
          declared width="1200" height="630" (1.90:1) for a 2464x700 file (3.52:1) — 46% off, so the box reserved before load is the wrong shape (ceiling 25%)
            a.group.block > div.bg-muted.relative.aspect-[40/21] > picture > img.absolute.inset-0.h-full  ⟨img · link → /artikel/nikah-undang-undang/kursus-kahwin-selangor · alt="Kursus kahwin Selangor: yuran RM100 dan 10 penganjur"⟩
            "mat-angys/crop-4.3x1-desktop-hero.webp?v=0.9075_0.1333-g48c0b959"
[ ok ] /artikel/idea-dan-nasihat @390                 0 violation(s)  empty:0 rail:0 narrow:0 measure:0 clipped:0 over:0 clip:0 upscale:0 aspect:0 attr:0 unmeasurable:0 R2:0 R6:0 H6:0 H6.6:0
[FAIL] /artikel/idea-dan-nasihat @768                 1 violation(s)  empty:0 rail:0 narrow:0 measure:1 clipped:0 over:0 clip:0 upscale:0 aspect:0 attr:0 unmeasurable:0 R2:0 R6:0 H6:0 H6.6:0
        reading-measure ×1
          81.3 characters per line — 610px column at 15.0px (ceiling 75)
            div > a.s-row > div > h2.t  ⟨h2 · link → /artikel/fotografi-videografi/lokasi-pre-wedding-photoshoot-terbaik⟩
            "20 Lokasi Terbaik Pre Wedding Photoshoot di Malaysia – Dari "
[ ok ] /artikel/idea-dan-nasihat @1024                0 violation(s)  empty:0 rail:0 narrow:0 measure:0 clipped:0 over:0 clip:0 upscale:0 aspect:0 attr:0 unmeasurable:0 R2:0 R6:0 H6:0 H6.6:0
[ ok ] /artikel/idea-dan-nasihat @1440                0 violation(s)  empty:0 rail:0 narrow:0 measure:0 clipped:0 over:0 clip:0 upscale:0 aspect:0 attr:0 unmeasurable:0 R2:0 R6:0 H6:0 H6.6:0
[ ok ] /artikel/idea-dan-nasihat @1920                0 violation(s)  empty:0 rail:0 narrow:0 measure:0 clipped:0 over:0 clip:0 upscale:0 aspect:0 attr:0 unmeasurable:0 R2:0 R6:0 H6:0 H6.6:0
[ ok ] /artikel/hiasan-dekorasi @390                  0 violation(s)  empty:0 rail:0 narrow:0 measure:0 clipped:0 over:0 clip:0 upscale:0 aspect:0 attr:0 unmeasurable:0 R2:0 R6:0 H6:0 H6.6:0
[ ok ] /artikel/hiasan-dekorasi @768                  0 violation(s)  empty:0 rail:0 narrow:0 measure:0 clipped:0 over:0 clip:0 upscale:0 aspect:0 attr:0 unmeasurable:0 R2:0 R6:0 H6:0 H6.6:0
[ ok ] /artikel/hiasan-dekorasi @1024                 0 violation(s)  empty:0 rail:0 narrow:0 measure:0 clipped:0 over:0 clip:0 upscale:0 aspect:0 attr:0 unmeasurable:0 R2:0 R6:0 H6:0 H6.6:0
[ ok ] /artikel/hiasan-dekorasi @1440                 0 violation(s)  empty:0 rail:0 narrow:0 measure:0 clipped:0 over:0 clip:0 upscale:0 aspect:0 attr:0 unmeasurable:0 R2:0 R6:0 H6:0 H6.6:0
[ ok ] /artikel/hiasan-dekorasi @1920                 0 violation(s)  empty:0 rail:0 narrow:0 measure:0 clipped:0 over:0 clip:0 upscale:0 aspect:0 attr:0 unmeasurable:0 R2:0 R6:0 H6:0 H6.6:0
[ ok ] /artikel/real-wedding @390                     0 violation(s)  empty:0 rail:0 narrow:0 measure:0 clipped:0 over:0 clip:0 upscale:0 aspect:0 attr:0 unmeasurable:0 R2:0 R6:0 H6:0 H6.6:0
[FAIL] /artikel/real-wedding @768                     5 violation(s)  empty:0 rail:0 narrow:0 measure:5 clipped:0 over:0 clip:0 upscale:0 aspect:0 attr:0 unmeasurable:0 R2:0 R6:0 H6:0 H6.6:0
        reading-measure ×5
          81.3 characters per line — 610px column at 15.0px (ceiling 75)
            div > a.s-row > div > h2.t  ⟨h2 · link → /artikel/real-wedding/yasaka-shrine⟩
            "Perkahwinan Jepun di Yasaka Shrine & Majlis Resepsi Bertemak"
          81.3 characters per line — 610px column at 15.0px (ceiling 75)
            div > a.s-row > div > h2.t  ⟨h2 · link → /artikel/moden-kontemporari/sime-darby-convention-centre⟩
            "Majlis Perkahwinan Mewah dengan Sentuhan Warna Lembut di Sim"
          81.3 characters per line — 610px column at 15.0px (ceiling 75)
            div > a.s-row > div > h2.t  ⟨h2 · link → /artikel/real-wedding/cheong-fatt-tze-mansion⟩
            "Perkahwinan Pelbagai Budaya di Cheong Fatt Tze Mansion, Ikon"
          81.3 characters per line — 610px column at 15.0px (ceiling 75)
            div > a.s-row > div > h2.t  ⟨h2 · link → /artikel/real-wedding/sentosa-janda-baik⟩
            "Majlis Perkahwinan Penuh Nilai Budaya di Sentosa, Janda Baik"
          … and 1 more
[ ok ] /artikel/real-wedding @1024                    0 violation(s)  empty:0 rail:0 narrow:0 measure:0 clipped:0 over:0 clip:0 upscale:0 aspect:0 attr:0 unmeasurable:0 R2:0 R6:0 H6:0 H6.6:0
[ ok ] /artikel/real-wedding @1440                    0 violation(s)  empty:0 rail:0 narrow:0 measure:0 clipped:0 over:0 clip:0 upscale:0 aspect:0 attr:0 unmeasurable:0 R2:0 R6:0 H6:0 H6.6:0
[ ok ] /artikel/real-wedding @1920                    0 violation(s)  empty:0 rail:0 narrow:0 measure:0 clipped:0 over:0 clip:0 upscale:0 aspect:0 attr:0 unmeasurable:0 R2:0 R6:0 H6:0 H6.6:0
[ ok ] /artikel/moden-kontemporari @390               0 violation(s)  empty:0 rail:0 narrow:0 measure:0 clipped:0 over:0 clip:0 upscale:0 aspect:0 attr:0 unmeasurable:0 R2:0 R6:0 H6:0 H6.6:0
[FAIL] /artikel/moden-kontemporari @768               1 violation(s)  empty:0 rail:0 narrow:0 measure:1 clipped:0 over:0 clip:0 upscale:0 aspect:0 attr:0 unmeasurable:0 R2:0 R6:0 H6:0 H6.6:0
        reading-measure ×1
          81.3 characters per line — 610px column at 15.0px (ceiling 75)
            div > a.s-row > div > h2.t  ⟨h2 · link → /artikel/moden-kontemporari/sime-darby-convention-centre⟩
            "Majlis Perkahwinan Mewah dengan Sentuhan Warna Lembut di Sim"
[ ok ] /artikel/moden-kontemporari @1024              0 violation(s)  empty:0 rail:0 narrow:0 measure:0 clipped:0 over:0 clip:0 upscale:0 aspect:0 attr:0 unmeasurable:0 R2:0 R6:0 H6:0 H6.6:0
[ ok ] /artikel/moden-kontemporari @1440              0 violation(s)  empty:0 rail:0 narrow:0 measure:0 clipped:0 over:0 clip:0 upscale:0 aspect:0 attr:0 unmeasurable:0 R2:0 R6:0 H6:0 H6.6:0
[ ok ] /artikel/moden-kontemporari @1920              0 violation(s)  empty:0 rail:0 narrow:0 measure:0 clipped:0 over:0 clip:0 upscale:0 aspect:0 attr:0 unmeasurable:0 R2:0 R6:0 H6:0 H6.6:0
[ ok ] /artikel/pantai-santai @390                    0 violation(s)  empty:0 rail:0 narrow:0 measure:0 clipped:0 over:0 clip:0 upscale:0 aspect:0 attr:0 unmeasurable:0 R2:0 R6:0 H6:0 H6.6:0
[ ok ] /artikel/pantai-santai @768                    0 violation(s)  empty:0 rail:0 narrow:0 measure:0 clipped:0 over:0 clip:0 upscale:0 aspect:0 attr:0 unmeasurable:0 R2:0 R6:0 H6:0 H6.6:0
[ ok ] /artikel/pantai-santai @1024                   0 violation(s)  empty:0 rail:0 narrow:0 measure:0 clipped:0 over:0 clip:0 upscale:0 aspect:0 attr:0 unmeasurable:0 R2:0 R6:0 H6:0 H6.6:0
[ ok ] /artikel/pantai-santai @1440                   0 violation(s)  empty:0 rail:0 narrow:0 measure:0 clipped:0 over:0 clip:0 upscale:0 aspect:0 attr:0 unmeasurable:0 R2:0 R6:0 H6:0 H6.6:0
[ ok ] /artikel/pantai-santai @1920                   0 violation(s)  empty:0 rail:0 narrow:0 measure:0 clipped:0 over:0 clip:0 upscale:0 aspect:0 attr:0 unmeasurable:0 R2:0 R6:0 H6:0 H6.6:0
[ ok ] /artikel/glamor-eksklusif @390                 0 violation(s)  empty:0 rail:0 narrow:0 measure:0 clipped:0 over:0 clip:0 upscale:0 aspect:0 attr:0 unmeasurable:0 R2:0 R6:0 H6:0 H6.6:0
[ ok ] /artikel/glamor-eksklusif @768                 0 violation(s)  empty:0 rail:0 narrow:0 measure:0 clipped:0 over:0 clip:0 upscale:0 aspect:0 attr:0 unmeasurable:0 R2:0 R6:0 H6:0 H6.6:0
[ ok ] /artikel/glamor-eksklusif @1024                0 violation(s)  empty:0 rail:0 narrow:0 measure:0 clipped:0 over:0 clip:0 upscale:0 aspect:0 attr:0 unmeasurable:0 R2:0 R6:0 H6:0 H6.6:0
[ ok ] /artikel/glamor-eksklusif @1440                0 violation(s)  empty:0 rail:0 narrow:0 measure:0 clipped:0 over:0 clip:0 upscale:0 aspect:0 attr:0 unmeasurable:0 R2:0 R6:0 H6:0 H6.6:0
[ ok ] /artikel/glamor-eksklusif @1920                0 violation(s)  empty:0 rail:0 narrow:0 measure:0 clipped:0 over:0 clip:0 upscale:0 aspect:0 attr:0 unmeasurable:0 R2:0 R6:0 H6:0 H6.6:0
[ ok ] /artikel/fotografi-videografi @390             0 violation(s)  empty:0 rail:0 narrow:0 measure:0 clipped:0 over:0 clip:0 upscale:0 aspect:0 attr:0 unmeasurable:0 R2:0 R6:0 H6:0 H6.6:0
[ ok ] /artikel/fotografi-videografi @768             0 violation(s)  empty:0 rail:0 narrow:0 measure:0 clipped:0 over:0 clip:0 upscale:0 aspect:0 attr:0 unmeasurable:0 R2:0 R6:0 H6:0 H6.6:0
[ ok ] /artikel/fotografi-videografi @1024            0 violation(s)  empty:0 rail:0 narrow:0 measure:0 clipped:0 over:0 clip:0 upscale:0 aspect:0 attr:0 unmeasurable:0 R2:0 R6:0 H6:0 H6.6:0
[ ok ] /artikel/fotografi-videografi @1440            0 violation(s)  empty:0 rail:0 narrow:0 measure:0 clipped:0 over:0 clip:0 upscale:0 aspect:0 attr:0 unmeasurable:0 R2:0 R6:0 H6:0 H6.6:0
[ ok ] /artikel/fotografi-videografi @1920            0 violation(s)  empty:0 rail:0 narrow:0 measure:0 clipped:0 over:0 clip:0 upscale:0 aspect:0 attr:0 unmeasurable:0 R2:0 R6:0 H6:0 H6.6:0
[ ok ] /artikel/minimalis-mewah @390                  0 violation(s)  empty:0 rail:0 narrow:0 measure:0 clipped:0 over:0 clip:0 upscale:0 aspect:0 attr:0 unmeasurable:0 R2:0 R6:0 H6:0 H6.6:0
[ ok ] /artikel/minimalis-mewah @768                  0 violation(s)  empty:0 rail:0 narrow:0 measure:0 clipped:0 over:0 clip:0 upscale:0 aspect:0 attr:0 unmeasurable:0 R2:0 R6:0 H6:0 H6.6:0
[ ok ] /artikel/minimalis-mewah @1024                 0 violation(s)  empty:0 rail:0 narrow:0 measure:0 clipped:0 over:0 clip:0 upscale:0 aspect:0 attr:0 unmeasurable:0 R2:0 R6:0 H6:0 H6.6:0
[ ok ] /artikel/minimalis-mewah @1440                 0 violation(s)  empty:0 rail:0 narrow:0 measure:0 clipped:0 over:0 clip:0 upscale:0 aspect:0 attr:0 unmeasurable:0 R2:0 R6:0 H6:0 H6.6:0
[ ok ] /artikel/minimalis-mewah @1920                 0 violation(s)  empty:0 rail:0 narrow:0 measure:0 clipped:0 over:0 clip:0 upscale:0 aspect:0 attr:0 unmeasurable:0 R2:0 R6:0 H6:0 H6.6:0
[ ok ] /artikel/nikah-undang-undang @390              0 violation(s)  empty:0 rail:0 narrow:0 measure:0 clipped:0 over:0 clip:0 upscale:0 aspect:0 attr:0 unmeasurable:0 R2:0 R6:0 H6:0 H6.6:0
[ ok ] /artikel/nikah-undang-undang @768              0 violation(s)  empty:0 rail:0 narrow:0 measure:0 clipped:0 over:0 clip:0 upscale:0 aspect:0 attr:0 unmeasurable:0 R2:0 R6:0 H6:0 H6.6:0
[ ok ] /artikel/nikah-undang-undang @1024             0 violation(s)  empty:0 rail:0 narrow:0 measure:0 clipped:0 over:0 clip:0 upscale:0 aspect:0 attr:0 unmeasurable:0 R2:0 R6:0 H6:0 H6.6:0
[ ok ] /artikel/nikah-undang-undang @1440             0 violation(s)  empty:0 rail:0 narrow:0 measure:0 clipped:0 over:0 clip:0 upscale:0 aspect:0 attr:0 unmeasurable:0 R2:0 R6:0 H6:0 H6.6:0
[ ok ] /artikel/nikah-undang-undang @1920             0 violation(s)  empty:0 rail:0 narrow:0 measure:0 clipped:0 over:0 clip:0 upscale:0 aspect:0 attr:0 unmeasurable:0 R2:0 R6:0 H6:0 H6.6:0
[ ok ] /artikel/hantaran-mas-kahwin @390              0 violation(s)  empty:0 rail:0 narrow:0 measure:0 clipped:0 over:0 clip:0 upscale:0 aspect:0 attr:0 unmeasurable:0 R2:0 R6:0 H6:0 H6.6:0
[ ok ] /artikel/hantaran-mas-kahwin @768              0 violation(s)  empty:0 rail:0 narrow:0 measure:0 clipped:0 over:0 clip:0 upscale:0 aspect:0 attr:0 unmeasurable:0 R2:0 R6:0 H6:0 H6.6:0
[ ok ] /artikel/hantaran-mas-kahwin @1024             0 violation(s)  empty:0 rail:0 narrow:0 measure:0 clipped:0 over:0 clip:0 upscale:0 aspect:0 attr:0 unmeasurable:0 R2:0 R6:0 H6:0 H6.6:0
[ ok ] /artikel/hantaran-mas-kahwin @1440             0 violation(s)  empty:0 rail:0 narrow:0 measure:0 clipped:0 over:0 clip:0 upscale:0 aspect:0 attr:0 unmeasurable:0 R2:0 R6:0 H6:0 H6.6:0
[ ok ] /artikel/hantaran-mas-kahwin @1920             0 violation(s)  empty:0 rail:0 narrow:0 measure:0 clipped:0 over:0 clip:0 upscale:0 aspect:0 attr:0 unmeasurable:0 R2:0 R6:0 H6:0 H6.6:0
[ ok ] /artikel/ucapan-doa @390                       0 violation(s)  empty:0 rail:0 narrow:0 measure:0 clipped:0 over:0 clip:0 upscale:0 aspect:0 attr:0 unmeasurable:0 R2:0 R6:0 H6:0 H6.6:0
[ ok ] /artikel/ucapan-doa @768                       0 violation(s)  empty:0 rail:0 narrow:0 measure:0 clipped:0 over:0 clip:0 upscale:0 aspect:0 attr:0 unmeasurable:0 R2:0 R6:0 H6:0 H6.6:0
[ ok ] /artikel/ucapan-doa @1024                      0 violation(s)  empty:0 rail:0 narrow:0 measure:0 clipped:0 over:0 clip:0 upscale:0 aspect:0 attr:0 unmeasurable:0 R2:0 R6:0 H6:0 H6.6:0
[ ok ] /artikel/ucapan-doa @1440                      0 violation(s)  empty:0 rail:0 narrow:0 measure:0 clipped:0 over:0 clip:0 upscale:0 aspect:0 attr:0 unmeasurable:0 R2:0 R6:0 H6:0 H6.6:0
[ ok ] /artikel/ucapan-doa @1920                      0 violation(s)  empty:0 rail:0 narrow:0 measure:0 clipped:0 over:0 clip:0 upscale:0 aspect:0 attr:0 unmeasurable:0 R2:0 R6:0 H6:0 H6.6:0
[ ok ] /artikel/busana-pengantin @390                 0 violation(s)  empty:0 rail:0 narrow:0 measure:0 clipped:0 over:0 clip:0 upscale:0 aspect:0 attr:0 unmeasurable:0 R2:0 R6:0 H6:0 H6.6:0
[ ok ] /artikel/busana-pengantin @768                 0 violation(s)  empty:0 rail:0 narrow:0 measure:0 clipped:0 over:0 clip:0 upscale:0 aspect:0 attr:0 unmeasurable:0 R2:0 R6:0 H6:0 H6.6:0
[ ok ] /artikel/busana-pengantin @1024                0 violation(s)  empty:0 rail:0 narrow:0 measure:0 clipped:0 over:0 clip:0 upscale:0 aspect:0 attr:0 unmeasurable:0 R2:0 R6:0 H6:0 H6.6:0
[ ok ] /artikel/busana-pengantin @1440                0 violation(s)  empty:0 rail:0 narrow:0 measure:0 clipped:0 over:0 clip:0 upscale:0 aspect:0 attr:0 unmeasurable:0 R2:0 R6:0 H6:0 H6.6:0
[ ok ] /artikel/busana-pengantin @1920                0 violation(s)  empty:0 rail:0 narrow:0 measure:0 clipped:0 over:0 clip:0 upscale:0 aspect:0 attr:0 unmeasurable:0 R2:0 R6:0 H6:0 H6.6:0
[ ok ] /artikel/pelamin-kad-cenderahati @390          0 violation(s)  empty:0 rail:0 narrow:0 measure:0 clipped:0 over:0 clip:0 upscale:0 aspect:0 attr:0 unmeasurable:0 R2:0 R6:0 H6:0 H6.6:0
[ ok ] /artikel/pelamin-kad-cenderahati @768          0 violation(s)  empty:0 rail:0 narrow:0 measure:0 clipped:0 over:0 clip:0 upscale:0 aspect:0 attr:0 unmeasurable:0 R2:0 R6:0 H6:0 H6.6:0
[ ok ] /artikel/pelamin-kad-cenderahati @1024         0 violation(s)  empty:0 rail:0 narrow:0 measure:0 clipped:0 over:0 clip:0 upscale:0 aspect:0 attr:0 unmeasurable:0 R2:0 R6:0 H6:0 H6.6:0
[ ok ] /artikel/pelamin-kad-cenderahati @1440         0 violation(s)  empty:0 rail:0 narrow:0 measure:0 clipped:0 over:0 clip:0 upscale:0 aspect:0 attr:0 unmeasurable:0 R2:0 R6:0 H6:0 H6.6:0
[ ok ] /artikel/pelamin-kad-cenderahati @1920         0 violation(s)  empty:0 rail:0 narrow:0 measure:0 clipped:0 over:0 clip:0 upscale:0 aspect:0 attr:0 unmeasurable:0 R2:0 R6:0 H6:0 H6.6:0
[ ok ] /artikel/venue-perancangan @390                0 violation(s)  empty:0 rail:0 narrow:0 measure:0 clipped:0 over:0 clip:0 upscale:0 aspect:0 attr:0 unmeasurable:0 R2:0 R6:0 H6:0 H6.6:0
[ ok ] /artikel/venue-perancangan @768                0 violation(s)  empty:0 rail:0 narrow:0 measure:0 clipped:0 over:0 clip:0 upscale:0 aspect:0 attr:0 unmeasurable:0 R2:0 R6:0 H6:0 H6.6:0
[ ok ] /artikel/venue-perancangan @1024               0 violation(s)  empty:0 rail:0 narrow:0 measure:0 clipped:0 over:0 clip:0 upscale:0 aspect:0 attr:0 unmeasurable:0 R2:0 R6:0 H6:0 H6.6:0
[ ok ] /artikel/venue-perancangan @1440               0 violation(s)  empty:0 rail:0 narrow:0 measure:0 clipped:0 over:0 clip:0 upscale:0 aspect:0 attr:0 unmeasurable:0 R2:0 R6:0 H6:0 H6.6:0
[ ok ] /artikel/venue-perancangan @1920               0 violation(s)  empty:0 rail:0 narrow:0 measure:0 clipped:0 over:0 clip:0 upscale:0 aspect:0 attr:0 unmeasurable:0 R2:0 R6:0 H6:0 H6.6:0
[ ok ] /artikel/sebelum-nikah @390                    0 violation(s)  empty:0 rail:0 narrow:0 measure:0 clipped:0 over:0 clip:0 upscale:0 aspect:0 attr:0 unmeasurable:0 R2:0 R6:0 H6:0 H6.6:0
[ ok ] /artikel/sebelum-nikah @768                    0 violation(s)  empty:0 rail:0 narrow:0 measure:0 clipped:0 over:0 clip:0 upscale:0 aspect:0 attr:0 unmeasurable:0 R2:0 R6:0 H6:0 H6.6:0
[ ok ] /artikel/sebelum-nikah @1024                   0 violation(s)  empty:0 rail:0 narrow:0 measure:0 clipped:0 over:0 clip:0 upscale:0 aspect:0 attr:0 unmeasurable:0 R2:0 R6:0 H6:0 H6.6:0
[ ok ] /artikel/sebelum-nikah @1440                   0 violation(s)  empty:0 rail:0 narrow:0 measure:0 clipped:0 over:0 clip:0 upscale:0 aspect:0 attr:0 unmeasurable:0 R2:0 R6:0 H6:0 H6.6:0
[ ok ] /artikel/sebelum-nikah @1920                   0 violation(s)  empty:0 rail:0 narrow:0 measure:0 clipped:0 over:0 clip:0 upscale:0 aspect:0 attr:0 unmeasurable:0 R2:0 R6:0 H6:0 H6.6:0
[ ok ] /artikel/hantaran-mas-kahwin/hantaran-tunang @390 0 violation(s)  empty:0 rail:0 narrow:0 measure:0 clipped:0 over:0 clip:0 upscale:0 aspect:0 attr:12 unmeasurable:0 R2:0 R6:0 H6:0 H6.6:0 · +12 advisory
        image-attr-aspect ×12
          declared width="1200" height="800" (1.50:1) for a 960x1200 file (0.80:1) — 87% off, so the box reserved before load is the wrong shape (ceiling 25%)
            article > div.inspire-prose > div.group.relative.lg:mx-auto > img.h-auto.w-auto.max-w-full  ⟨img · not a link · alt=null⟩
            "95747566-IN_E2_80_94HantaranTunang-HantaranBakulBuah-1/high.webp"
          declared width="1200" height="800" (1.50:1) for a 856x960 file (0.89:1) — 68% off, so the box reserved before load is the wrong shape (ceiling 25%)
            article > div.inspire-prose > div.group.relative.lg:mx-auto > img.h-auto.w-auto.max-w-full  ⟨img · not a link · alt=null⟩
            "95748886-IN_E2_80_94HantaranTunang-HantaranBakulBuah-2/high.webp"
          declared width="1200" height="800" (1.50:1) for a 720x803 file (0.90:1) — 67% off, so the box reserved before load is the wrong shape (ceiling 25%)
            article > div.inspire-prose > div.group.relative.lg:mx-auto > img.h-auto.w-auto.max-w-full  ⟨img · not a link · alt=null⟩
            "/1787395750227-IN_E2_80_94HantaranTunang-KekHantaran-1/high.webp"
          declared width="1200" height="800" (1.50:1) for a 1080x1350 file (0.80:1) — 87% off, so the box reserved before load is the wrong shape (ceiling 25%)
            article > div.inspire-prose > div.group.relative.lg:mx-auto > img.h-auto.w-auto.max-w-full  ⟨img · not a link · alt=null⟩
            "/1787395751431-IN_E2_80_94HantaranTunang-KekHantaran-2/high.webp"
          … and 8 more
[ ok ] /artikel/hantaran-mas-kahwin/hantaran-tunang @768 0 violation(s)  empty:0 rail:0 narrow:0 measure:0 clipped:0 over:0 clip:0 upscale:0 aspect:0 attr:12 unmeasurable:0 R2:0 R6:0 H6:0 H6.6:0 · +12 advisory
        image-attr-aspect ×12
          declared width="1200" height="800" (1.50:1) for a 960x1200 file (0.80:1) — 87% off, so the box reserved before load is the wrong shape (ceiling 25%)
            article > div.inspire-prose > div.group.relative.lg:mx-auto > img.h-auto.w-auto.max-w-full  ⟨img · not a link · alt=null⟩
            "95747566-IN_E2_80_94HantaranTunang-HantaranBakulBuah-1/high.webp"
          declared width="1200" height="800" (1.50:1) for a 856x960 file (0.89:1) — 68% off, so the box reserved before load is the wrong shape (ceiling 25%)
            article > div.inspire-prose > div.group.relative.lg:mx-auto > img.h-auto.w-auto.max-w-full  ⟨img · not a link · alt=null⟩
            "95748886-IN_E2_80_94HantaranTunang-HantaranBakulBuah-2/high.webp"
          declared width="1200" height="800" (1.50:1) for a 720x803 file (0.90:1) — 67% off, so the box reserved before load is the wrong shape (ceiling 25%)
            article > div.inspire-prose > div.group.relative.lg:mx-auto > img.h-auto.w-auto.max-w-full  ⟨img · not a link · alt=null⟩
            "/1787395750227-IN_E2_80_94HantaranTunang-KekHantaran-1/high.webp"
          declared width="1200" height="800" (1.50:1) for a 1080x1350 file (0.80:1) — 87% off, so the box reserved before load is the wrong shape (ceiling 25%)
            article > div.inspire-prose > div.group.relative.lg:mx-auto > img.h-auto.w-auto.max-w-full  ⟨img · not a link · alt=null⟩
            "/1787395751431-IN_E2_80_94HantaranTunang-KekHantaran-2/high.webp"
          … and 8 more
[ ok ] /artikel/hantaran-mas-kahwin/hantaran-tunang @1024 0 violation(s)  empty:0 rail:0 narrow:0 measure:0 clipped:0 over:0 clip:0 upscale:0 aspect:0 attr:12 unmeasurable:0 R2:0 R6:0 H6:0 H6.6:0 · +12 advisory
        image-attr-aspect ×12
          declared width="1200" height="800" (1.50:1) for a 960x1200 file (0.80:1) — 87% off, so the box reserved before load is the wrong shape (ceiling 25%)
            article > div.inspire-prose > div.group.relative.lg:mx-auto > img.h-auto.w-auto.max-w-full  ⟨img · not a link · alt=null⟩
            "95747566-IN_E2_80_94HantaranTunang-HantaranBakulBuah-1/high.webp"
          declared width="1200" height="800" (1.50:1) for a 856x960 file (0.89:1) — 68% off, so the box reserved before load is the wrong shape (ceiling 25%)
            article > div.inspire-prose > div.group.relative.lg:mx-auto > img.h-auto.w-auto.max-w-full  ⟨img · not a link · alt=null⟩
            "95748886-IN_E2_80_94HantaranTunang-HantaranBakulBuah-2/high.webp"
          declared width="1200" height="800" (1.50:1) for a 720x803 file (0.90:1) — 67% off, so the box reserved before load is the wrong shape (ceiling 25%)
            article > div.inspire-prose > div.group.relative.lg:mx-auto > img.h-auto.w-auto.max-w-full  ⟨img · not a link · alt=null⟩
            "/1787395750227-IN_E2_80_94HantaranTunang-KekHantaran-1/high.webp"
          declared width="1200" height="800" (1.50:1) for a 1080x1350 file (0.80:1) — 87% off, so the box reserved before load is the wrong shape (ceiling 25%)
            article > div.inspire-prose > div.group.relative.lg:mx-auto > img.h-auto.w-auto.max-w-full  ⟨img · not a link · alt=null⟩
            "/1787395751431-IN_E2_80_94HantaranTunang-KekHantaran-2/high.webp"
          … and 8 more
[ ok ] /artikel/hantaran-mas-kahwin/hantaran-tunang @1440 0 violation(s)  empty:0 rail:0 narrow:0 measure:0 clipped:0 over:0 clip:0 upscale:0 aspect:0 attr:12 unmeasurable:0 R2:0 R6:0 H6:0 H6.6:0 · +12 advisory
        image-attr-aspect ×12
          declared width="1200" height="800" (1.50:1) for a 960x1200 file (0.80:1) — 87% off, so the box reserved before load is the wrong shape (ceiling 25%)
            article > div.inspire-prose > div.group.relative.lg:mx-auto > img.h-auto.w-auto.max-w-full  ⟨img · not a link · alt=null⟩
            "95747566-IN_E2_80_94HantaranTunang-HantaranBakulBuah-1/high.webp"
          declared width="1200" height="800" (1.50:1) for a 856x960 file (0.89:1) — 68% off, so the box reserved before load is the wrong shape (ceiling 25%)
            article > div.inspire-prose > div.group.relative.lg:mx-auto > img.h-auto.w-auto.max-w-full  ⟨img · not a link · alt=null⟩
            "95748886-IN_E2_80_94HantaranTunang-HantaranBakulBuah-2/high.webp"
          declared width="1200" height="800" (1.50:1) for a 720x803 file (0.90:1) — 67% off, so the box reserved before load is the wrong shape (ceiling 25%)
            article > div.inspire-prose > div.group.relative.lg:mx-auto > img.h-auto.w-auto.max-w-full  ⟨img · not a link · alt=null⟩
            "/1787395750227-IN_E2_80_94HantaranTunang-KekHantaran-1/high.webp"
          declared width="1200" height="800" (1.50:1) for a 1080x1350 file (0.80:1) — 87% off, so the box reserved before load is the wrong shape (ceiling 25%)
            article > div.inspire-prose > div.group.relative.lg:mx-auto > img.h-auto.w-auto.max-w-full  ⟨img · not a link · alt=null⟩
            "/1787395751431-IN_E2_80_94HantaranTunang-KekHantaran-2/high.webp"
          … and 8 more
[ ok ] /artikel/hantaran-mas-kahwin/hantaran-tunang @1920 0 violation(s)  empty:0 rail:0 narrow:0 measure:0 clipped:0 over:0 clip:0 upscale:0 aspect:0 attr:12 unmeasurable:0 R2:0 R6:0 H6:0 H6.6:0 · +12 advisory
        image-attr-aspect ×12
          declared width="1200" height="800" (1.50:1) for a 960x1200 file (0.80:1) — 87% off, so the box reserved before load is the wrong shape (ceiling 25%)
            article > div.inspire-prose > div.group.relative.lg:mx-auto > img.h-auto.w-auto.max-w-full  ⟨img · not a link · alt=null⟩
            "95747566-IN_E2_80_94HantaranTunang-HantaranBakulBuah-1/high.webp"
          declared width="1200" height="800" (1.50:1) for a 856x960 file (0.89:1) — 68% off, so the box reserved before load is the wrong shape (ceiling 25%)
            article > div.inspire-prose > div.group.relative.lg:mx-auto > img.h-auto.w-auto.max-w-full  ⟨img · not a link · alt=null⟩
            "95748886-IN_E2_80_94HantaranTunang-HantaranBakulBuah-2/high.webp"
          declared width="1200" height="800" (1.50:1) for a 720x803 file (0.90:1) — 67% off, so the box reserved before load is the wrong shape (ceiling 25%)
            article > div.inspire-prose > div.group.relative.lg:mx-auto > img.h-auto.w-auto.max-w-full  ⟨img · not a link · alt=null⟩
            "/1787395750227-IN_E2_80_94HantaranTunang-KekHantaran-1/high.webp"
          declared width="1200" height="800" (1.50:1) for a 1080x1350 file (0.80:1) — 87% off, so the box reserved before load is the wrong shape (ceiling 25%)
            article > div.inspire-prose > div.group.relative.lg:mx-auto > img.h-auto.w-auto.max-w-full  ⟨img · not a link · alt=null⟩
            "/1787395751431-IN_E2_80_94HantaranTunang-KekHantaran-2/high.webp"
          … and 8 more
[ ok ] /artikel/glamor-eksklusif/amankila-bali @390   0 violation(s)  empty:0 rail:0 narrow:0 measure:0 clipped:0 over:0 clip:0 upscale:0 aspect:0 attr:24 unmeasurable:0 R2:0 R6:0 H6:0 H6.6:0 · +24 advisory
        image-attr-aspect ×24
          declared width="683" height="10" (68.30:1) for a 2400x3600 file (0.67:1) — 10145% off, so the box reserved before load is the wrong shape (ceiling 25%)
            article > div.inspire-prose > div.group.relative.lg:mx-auto > img.h-auto.w-auto.max-w-full  ⟨img · not a link · alt=null⟩
            "246-RW-BonjoTerralogicalLeeanaTimAmankilaBali-7-683x10/high.webp"
          declared width="683" height="10" (68.30:1) for a 2400x3600 file (0.67:1) — 10145% off, so the box reserved before load is the wrong shape (ceiling 25%)
            article > div.inspire-prose > div.group.relative.lg:mx-auto > img.h-auto.w-auto.max-w-full  ⟨img · not a link · alt=null⟩
            "086-RW-BonjoTerralogicalLeeanaTimAmankilaBali-8-683x10/high.webp"
          declared width="683" height="10" (68.30:1) for a 2400x3600 file (0.67:1) — 10145% off, so the box reserved before load is the wrong shape (ceiling 25%)
            article > div.inspire-prose > div.group.relative.lg:mx-auto > img.h-auto.w-auto.max-w-full  ⟨img · not a link · alt=null⟩
            "410-RW-BonjoTerralogicalLeeanaTimAmankilaBali-9-683x10/high.webp"
          declared width="1200" height="800" (1.50:1) for a 2400x3600 file (0.67:1) — 125% off, so the box reserved before load is the wrong shape (ceiling 25%)
            article > div.inspire-prose > div.group.relative.lg:mx-auto > img.h-auto.w-auto.max-w-full  ⟨img · not a link · alt=null⟩
            "573-RW-BonjoTerralogicalLeeanaTimAmankilaBali-10-683x1/high.webp"
          … and 20 more
[ ok ] /artikel/glamor-eksklusif/amankila-bali @768   0 violation(s)  empty:0 rail:0 narrow:0 measure:0 clipped:0 over:0 clip:0 upscale:0 aspect:0 attr:24 unmeasurable:0 R2:0 R6:0 H6:0 H6.6:0 · +24 advisory
        image-attr-aspect ×24
          declared width="683" height="10" (68.30:1) for a 2400x3600 file (0.67:1) — 10145% off, so the box reserved before load is the wrong shape (ceiling 25%)
            article > div.inspire-prose > div.group.relative.lg:mx-auto > img.h-auto.w-auto.max-w-full  ⟨img · not a link · alt=null⟩
            "246-RW-BonjoTerralogicalLeeanaTimAmankilaBali-7-683x10/high.webp"
          declared width="683" height="10" (68.30:1) for a 2400x3600 file (0.67:1) — 10145% off, so the box reserved before load is the wrong shape (ceiling 25%)
            article > div.inspire-prose > div.group.relative.lg:mx-auto > img.h-auto.w-auto.max-w-full  ⟨img · not a link · alt=null⟩
            "086-RW-BonjoTerralogicalLeeanaTimAmankilaBali-8-683x10/high.webp"
          declared width="683" height="10" (68.30:1) for a 2400x3600 file (0.67:1) — 10145% off, so the box reserved before load is the wrong shape (ceiling 25%)
            article > div.inspire-prose > div.group.relative.lg:mx-auto > img.h-auto.w-auto.max-w-full  ⟨img · not a link · alt=null⟩
            "410-RW-BonjoTerralogicalLeeanaTimAmankilaBali-9-683x10/high.webp"
          declared width="1200" height="800" (1.50:1) for a 2400x3600 file (0.67:1) — 125% off, so the box reserved before load is the wrong shape (ceiling 25%)
            article > div.inspire-prose > div.group.relative.lg:mx-auto > img.h-auto.w-auto.max-w-full  ⟨img · not a link · alt=null⟩
            "573-RW-BonjoTerralogicalLeeanaTimAmankilaBali-10-683x1/high.webp"
          … and 20 more
[ ok ] /artikel/glamor-eksklusif/amankila-bali @1024  0 violation(s)  empty:0 rail:0 narrow:0 measure:0 clipped:0 over:0 clip:0 upscale:0 aspect:0 attr:24 unmeasurable:0 R2:0 R6:0 H6:0 H6.6:0 · +24 advisory
        image-attr-aspect ×24
          declared width="683" height="10" (68.30:1) for a 2400x3600 file (0.67:1) — 10145% off, so the box reserved before load is the wrong shape (ceiling 25%)
            article > div.inspire-prose > div.group.relative.lg:mx-auto > img.h-auto.w-auto.max-w-full  ⟨img · not a link · alt=null⟩
            "246-RW-BonjoTerralogicalLeeanaTimAmankilaBali-7-683x10/high.webp"
          declared width="683" height="10" (68.30:1) for a 2400x3600 file (0.67:1) — 10145% off, so the box reserved before load is the wrong shape (ceiling 25%)
            article > div.inspire-prose > div.group.relative.lg:mx-auto > img.h-auto.w-auto.max-w-full  ⟨img · not a link · alt=null⟩
            "086-RW-BonjoTerralogicalLeeanaTimAmankilaBali-8-683x10/high.webp"
          declared width="683" height="10" (68.30:1) for a 2400x3600 file (0.67:1) — 10145% off, so the box reserved before load is the wrong shape (ceiling 25%)
            article > div.inspire-prose > div.group.relative.lg:mx-auto > img.h-auto.w-auto.max-w-full  ⟨img · not a link · alt=null⟩
            "410-RW-BonjoTerralogicalLeeanaTimAmankilaBali-9-683x10/high.webp"
          declared width="1200" height="800" (1.50:1) for a 2400x3600 file (0.67:1) — 125% off, so the box reserved before load is the wrong shape (ceiling 25%)
            article > div.inspire-prose > div.group.relative.lg:mx-auto > img.h-auto.w-auto.max-w-full  ⟨img · not a link · alt=null⟩
            "573-RW-BonjoTerralogicalLeeanaTimAmankilaBali-10-683x1/high.webp"
          … and 20 more
[ ok ] /artikel/glamor-eksklusif/amankila-bali @1440  0 violation(s)  empty:0 rail:0 narrow:0 measure:0 clipped:0 over:0 clip:0 upscale:0 aspect:0 attr:24 unmeasurable:0 R2:0 R6:0 H6:0 H6.6:0 · +24 advisory
        image-attr-aspect ×24
          declared width="683" height="10" (68.30:1) for a 2400x3600 file (0.67:1) — 10145% off, so the box reserved before load is the wrong shape (ceiling 25%)
            article > div.inspire-prose > div.group.relative.lg:mx-auto > img.h-auto.w-auto.max-w-full  ⟨img · not a link · alt=null⟩
            "246-RW-BonjoTerralogicalLeeanaTimAmankilaBali-7-683x10/high.webp"
          declared width="683" height="10" (68.30:1) for a 2400x3600 file (0.67:1) — 10145% off, so the box reserved before load is the wrong shape (ceiling 25%)
            article > div.inspire-prose > div.group.relative.lg:mx-auto > img.h-auto.w-auto.max-w-full  ⟨img · not a link · alt=null⟩
            "086-RW-BonjoTerralogicalLeeanaTimAmankilaBali-8-683x10/high.webp"
          declared width="683" height="10" (68.30:1) for a 2400x3600 file (0.67:1) — 10145% off, so the box reserved before load is the wrong shape (ceiling 25%)
            article > div.inspire-prose > div.group.relative.lg:mx-auto > img.h-auto.w-auto.max-w-full  ⟨img · not a link · alt=null⟩
            "410-RW-BonjoTerralogicalLeeanaTimAmankilaBali-9-683x10/high.webp"
          declared width="1200" height="800" (1.50:1) for a 2400x3600 file (0.67:1) — 125% off, so the box reserved before load is the wrong shape (ceiling 25%)
            article > div.inspire-prose > div.group.relative.lg:mx-auto > img.h-auto.w-auto.max-w-full  ⟨img · not a link · alt=null⟩
            "573-RW-BonjoTerralogicalLeeanaTimAmankilaBali-10-683x1/high.webp"
          … and 20 more
[ ok ] /artikel/glamor-eksklusif/amankila-bali @1920  0 violation(s)  empty:0 rail:0 narrow:0 measure:0 clipped:0 over:0 clip:0 upscale:0 aspect:0 attr:24 unmeasurable:0 R2:0 R6:0 H6:0 H6.6:0 · +24 advisory
        image-attr-aspect ×24
          declared width="683" height="10" (68.30:1) for a 2400x3600 file (0.67:1) — 10145% off, so the box reserved before load is the wrong shape (ceiling 25%)
            article > div.inspire-prose > div.group.relative.lg:mx-auto > img.h-auto.w-auto.max-w-full  ⟨img · not a link · alt=null⟩
            "246-RW-BonjoTerralogicalLeeanaTimAmankilaBali-7-683x10/high.webp"
          declared width="683" height="10" (68.30:1) for a 2400x3600 file (0.67:1) — 10145% off, so the box reserved before load is the wrong shape (ceiling 25%)
            article > div.inspire-prose > div.group.relative.lg:mx-auto > img.h-auto.w-auto.max-w-full  ⟨img · not a link · alt=null⟩
            "086-RW-BonjoTerralogicalLeeanaTimAmankilaBali-8-683x10/high.webp"
          declared width="683" height="10" (68.30:1) for a 2400x3600 file (0.67:1) — 10145% off, so the box reserved before load is the wrong shape (ceiling 25%)
            article > div.inspire-prose > div.group.relative.lg:mx-auto > img.h-auto.w-auto.max-w-full  ⟨img · not a link · alt=null⟩
            "410-RW-BonjoTerralogicalLeeanaTimAmankilaBali-9-683x10/high.webp"
          declared width="1200" height="800" (1.50:1) for a 2400x3600 file (0.67:1) — 125% off, so the box reserved before load is the wrong shape (ceiling 25%)
            article > div.inspire-prose > div.group.relative.lg:mx-auto > img.h-auto.w-auto.max-w-full  ⟨img · not a link · alt=null⟩
            "573-RW-BonjoTerralogicalLeeanaTimAmankilaBali-10-683x1/high.webp"
          … and 20 more
[FAIL] /artikel/hantaran-mas-kahwin/hantaran-kahwin @390 3 violation(s)  empty:0 rail:0 narrow:3 measure:0 clipped:0 over:0 clip:0 upscale:0 aspect:0 attr:1 unmeasurable:0 R2:0 R6:0 H6:0 H6.6:0 · +1 advisory
        narrow-text-column ×3
          61.0px column, 3 lines, box 61x87px (floor 120px)
            tbody > tr > th > p  ⟨p · not a link⟩
            "Wajib atau adat"
          76.1px column, 2 lines, box 76x58px (floor 120px)
            tbody > tr > td > p  ⟨p · not a link⟩
            "Mas kahwin"
          76.1px column, 2 lines, box 76x58px (floor 120px)
            tbody > tr > td > p  ⟨p · not a link⟩
            "Duit hantaran"
        image-attr-aspect ×1
          declared width="1200" height="800" (1.50:1) for a 1536x2048 file (0.75:1) — 100% off, so the box reserved before load is the wrong shape (ceiling 25%)
            article > div.inspire-prose > figure.group.relative.my-6 > img.h-auto.w-auto.max-w-full  ⟨img · not a link · alt="Deretan dulang hantaran bersarung kain putih bermanik disusun memanjang di atas permaidani masjid berwarna hijau, membawa bantal cincin, kotak baldu biru gelap, kotak bercermin, tali leher, sepasang kasut kulit coklat dan jambangan bunga ros putih."⟩
            "7758416340-images-s-dulang-hantaran-masjid-mylifestory/high.webp"
[FAIL] /artikel/hantaran-mas-kahwin/hantaran-kahwin @768 3 violation(s)  empty:0 rail:0 narrow:3 measure:0 clipped:0 over:0 clip:0 upscale:0 aspect:0 attr:1 unmeasurable:0 R2:0 R6:0 H6:0 H6.6:0 · +1 advisory
        narrow-text-column ×3
          93.8px column, 2 lines, box 94x60px (floor 120px)
            tbody > tr > th > p  ⟨p · not a link⟩
            "Wajib atau adat"
          90.7px column, 2 lines, box 91x60px (floor 120px)
            tbody > tr > td > p  ⟨p · not a link⟩
            "Mas kahwin"
          90.7px column, 2 lines, box 91x60px (floor 120px)
            tbody > tr > td > p  ⟨p · not a link⟩
            "Duit hantaran"
        image-attr-aspect ×1
          declared width="1200" height="800" (1.50:1) for a 1536x2048 file (0.75:1) — 100% off, so the box reserved before load is the wrong shape (ceiling 25%)
            article > div.inspire-prose > figure.group.relative.my-6 > img.h-auto.w-auto.max-w-full  ⟨img · not a link · alt="Deretan dulang hantaran bersarung kain putih bermanik disusun memanjang di atas permaidani masjid berwarna hijau, membawa bantal cincin, kotak baldu biru gelap, kotak bercermin, tali leher, sepasang kasut kulit coklat dan jambangan bunga ros putih."⟩
            "7758416340-images-s-dulang-hantaran-masjid-mylifestory/high.webp"
[FAIL] /artikel/hantaran-mas-kahwin/hantaran-kahwin @1024 3 violation(s)  empty:0 rail:0 narrow:3 measure:0 clipped:0 over:0 clip:0 upscale:0 aspect:0 attr:1 unmeasurable:0 R2:0 R6:0 H6:0 H6.6:0 · +1 advisory
        narrow-text-column ×3
          94.2px column, 2 lines, box 94x61px (floor 120px)
            tbody > tr > th > p  ⟨p · not a link⟩
            "Wajib atau adat"
          92.0px column, 2 lines, box 92x61px (floor 120px)
            tbody > tr > td > p  ⟨p · not a link⟩
            "Mas kahwin"
          92.0px column, 2 lines, box 92x61px (floor 120px)
            tbody > tr > td > p  ⟨p · not a link⟩
            "Duit hantaran"
        image-attr-aspect ×1
          declared width="1200" height="800" (1.50:1) for a 1536x2048 file (0.75:1) — 100% off, so the box reserved before load is the wrong shape (ceiling 25%)
            article > div.inspire-prose > figure.group.relative.my-6 > img.h-auto.w-auto.max-w-full  ⟨img · not a link · alt="Deretan dulang hantaran bersarung kain putih bermanik disusun memanjang di atas permaidani masjid berwarna hijau, membawa bantal cincin, kotak baldu biru gelap, kotak bercermin, tali leher, sepasang kasut kulit coklat dan jambangan bunga ros putih."⟩
            "7758416340-images-s-dulang-hantaran-masjid-mylifestory/high.webp"
[FAIL] /artikel/hantaran-mas-kahwin/hantaran-kahwin @1440 3 violation(s)  empty:0 rail:0 narrow:3 measure:0 clipped:0 over:0 clip:0 upscale:0 aspect:0 attr:1 unmeasurable:0 R2:0 R6:0 H6:0 H6.6:0 · +1 advisory
        narrow-text-column ×3
          96.1px column, 2 lines, box 96x61px (floor 120px)
            tbody > tr > th > p  ⟨p · not a link⟩
            "Wajib atau adat"
          92.8px column, 2 lines, box 93x61px (floor 120px)
            tbody > tr > td > p  ⟨p · not a link⟩
            "Mas kahwin"
          92.8px column, 2 lines, box 93x61px (floor 120px)
            tbody > tr > td > p  ⟨p · not a link⟩
            "Duit hantaran"
        image-attr-aspect ×1
          declared width="1200" height="800" (1.50:1) for a 1536x2048 file (0.75:1) — 100% off, so the box reserved before load is the wrong shape (ceiling 25%)
            article > div.inspire-prose > figure.group.relative.my-6 > img.h-auto.w-auto.max-w-full  ⟨img · not a link · alt="Deretan dulang hantaran bersarung kain putih bermanik disusun memanjang di atas permaidani masjid berwarna hijau, membawa bantal cincin, kotak baldu biru gelap, kotak bercermin, tali leher, sepasang kasut kulit coklat dan jambangan bunga ros putih."⟩
            "7758416340-images-s-dulang-hantaran-masjid-mylifestory/high.webp"
[FAIL] /artikel/hantaran-mas-kahwin/hantaran-kahwin @1920 3 violation(s)  empty:0 rail:0 narrow:3 measure:0 clipped:0 over:0 clip:0 upscale:0 aspect:0 attr:1 unmeasurable:0 R2:0 R6:0 H6:0 H6.6:0 · +1 advisory
        narrow-text-column ×3
          96.1px column, 2 lines, box 96x61px (floor 120px)
            tbody > tr > th > p  ⟨p · not a link⟩
            "Wajib atau adat"
          92.8px column, 2 lines, box 93x61px (floor 120px)
            tbody > tr > td > p  ⟨p · not a link⟩
            "Mas kahwin"
          92.8px column, 2 lines, box 93x61px (floor 120px)
            tbody > tr > td > p  ⟨p · not a link⟩
            "Duit hantaran"
        image-attr-aspect ×1
          declared width="1200" height="800" (1.50:1) for a 1536x2048 file (0.75:1) — 100% off, so the box reserved before load is the wrong shape (ceiling 25%)
            article > div.inspire-prose > figure.group.relative.my-6 > img.h-auto.w-auto.max-w-full  ⟨img · not a link · alt="Deretan dulang hantaran bersarung kain putih bermanik disusun memanjang di atas permaidani masjid berwarna hijau, membawa bantal cincin, kotak baldu biru gelap, kotak bercermin, tali leher, sepasang kasut kulit coklat dan jambangan bunga ros putih."⟩
            "7758416340-images-s-dulang-hantaran-masjid-mylifestory/high.webp"
[FAIL] /artikel/hantaran-mas-kahwin/mas-kahwin-sabah-sarawak @390 14 violation(s)  empty:0 rail:0 narrow:14 measure:0 clipped:0 over:0 clip:0 upscale:0 aspect:0 attr:1 unmeasurable:0 R2:0 R6:0 H6:0 H6.6:0 · +1 advisory
        narrow-text-column ×14
          102.2px column, 4 lines, box 102x116px (floor 120px)
            tbody > tr > th > p  ⟨p · not a link⟩
            "Kadar (belum pernah berkahwin)"
          86.2px column, 4 lines, box 86x116px (floor 120px)
            tbody > tr > th > p  ⟨p · not a link⟩
            "Kadar (janda / balu / ibu tunggal)"
          81.4px column, 2 lines, box 81x58px (floor 120px)
            tbody > tr > th > p  ⟨p · not a link⟩
            "Pihak berkuasa"
          74.0px column, 2 lines, box 74x58px (floor 120px)
            tbody > tr > th > p  ⟨p · not a link⟩
            "Tarikh disemak"
          … and 10 more
        image-attr-aspect ×1
          declared width="1200" height="800" (1.50:1) for a 1536x2048 file (0.75:1) — 100% off, so the box reserved before load is the wrong shape (ceiling 25%)
            article > div.inspire-prose > figure.group.relative.my-6 > img.h-auto.w-auto.max-w-full  ⟨img · not a link · alt="Deretan dulang hantaran bersarung kain putih bermanik disusun memanjang di atas permaidani masjid berwarna hijau. Antaranya bantal cincin, kotak baldu biru gelap, kotak bercermin, tali leher, sepasang kasut kulit coklat dan jambangan bunga ros putih."⟩
            "7707412159-images-s-dulang-hantaran-masjid-mylifestory/high.webp"
[FAIL] /artikel/hantaran-mas-kahwin/mas-kahwin-sabah-sarawak @768 10 violation(s)  empty:0 rail:0 narrow:10 measure:0 clipped:0 over:0 clip:0 upscale:0 aspect:0 attr:1 unmeasurable:0 R2:0 R6:0 H6:0 H6.6:0 · +1 advisory
        narrow-text-column ×10
          110.3px column, 4 lines, box 110x120px (floor 120px)
            tbody > tr > th > p  ⟨p · not a link⟩
            "Kadar (belum pernah berkahwin)"
          104.6px column, 4 lines, box 105x120px (floor 120px)
            tbody > tr > th > p  ⟨p · not a link⟩
            "Kadar (janda / balu / ibu tunggal)"
          96.2px column, 2 lines, box 96x60px (floor 120px)
            tbody > tr > th > p  ⟨p · not a link⟩
            "Pihak berkuasa"
          78.0px column, 2 lines, box 78x60px (floor 120px)
            tbody > tr > th > p  ⟨p · not a link⟩
            "Tarikh disemak"
          … and 6 more
        image-attr-aspect ×1
          declared width="1200" height="800" (1.50:1) for a 1536x2048 file (0.75:1) — 100% off, so the box reserved before load is the wrong shape (ceiling 25%)
            article > div.inspire-prose > figure.group.relative.my-6 > img.h-auto.w-auto.max-w-full  ⟨img · not a link · alt="Deretan dulang hantaran bersarung kain putih bermanik disusun memanjang di atas permaidani masjid berwarna hijau. Antaranya bantal cincin, kotak baldu biru gelap, kotak bercermin, tali leher, sepasang kasut kulit coklat dan jambangan bunga ros putih."⟩
            "7707412159-images-s-dulang-hantaran-masjid-mylifestory/high.webp"
[FAIL] /artikel/hantaran-mas-kahwin/mas-kahwin-sabah-sarawak @1024 10 violation(s)  empty:0 rail:0 narrow:10 measure:0 clipped:0 over:0 clip:0 upscale:0 aspect:0 attr:1 unmeasurable:0 R2:0 R6:0 H6:0 H6.6:0 · +1 advisory
        narrow-text-column ×10
          111.1px column, 4 lines, box 111x122px (floor 120px)
            tbody > tr > th > p  ⟨p · not a link⟩
            "Kadar (belum pernah berkahwin)"
          101.8px column, 4 lines, box 102x122px (floor 120px)
            tbody > tr > th > p  ⟨p · not a link⟩
            "Kadar (janda / balu / ibu tunggal)"
          94.3px column, 2 lines, box 94x61px (floor 120px)
            tbody > tr > th > p  ⟨p · not a link⟩
            "Pihak berkuasa"
          79.2px column, 2 lines, box 79x61px (floor 120px)
            tbody > tr > th > p  ⟨p · not a link⟩
            "Tarikh disemak"
          … and 6 more
        image-attr-aspect ×1
          declared width="1200" height="800" (1.50:1) for a 1536x2048 file (0.75:1) — 100% off, so the box reserved before load is the wrong shape (ceiling 25%)
            article > div.inspire-prose > figure.group.relative.my-6 > img.h-auto.w-auto.max-w-full  ⟨img · not a link · alt="Deretan dulang hantaran bersarung kain putih bermanik disusun memanjang di atas permaidani masjid berwarna hijau. Antaranya bantal cincin, kotak baldu biru gelap, kotak bercermin, tali leher, sepasang kasut kulit coklat dan jambangan bunga ros putih."⟩
            "7707412159-images-s-dulang-hantaran-masjid-mylifestory/high.webp"
[FAIL] /artikel/hantaran-mas-kahwin/mas-kahwin-sabah-sarawak @1440 10 violation(s)  empty:0 rail:0 narrow:10 measure:0 clipped:0 over:0 clip:0 upscale:0 aspect:0 attr:1 unmeasurable:0 R2:0 R6:0 H6:0 H6.6:0 · +1 advisory
        narrow-text-column ×10
          113.0px column, 4 lines, box 113x122px (floor 120px)
            tbody > tr > th > p  ⟨p · not a link⟩
            "Kadar (belum pernah berkahwin)"
          108.2px column, 4 lines, box 108x122px (floor 120px)
            tbody > tr > th > p  ⟨p · not a link⟩
            "Kadar (janda / balu / ibu tunggal)"
          99.3px column, 2 lines, box 99x61px (floor 120px)
            tbody > tr > th > p  ⟨p · not a link⟩
            "Pihak berkuasa"
          79.9px column, 2 lines, box 80x61px (floor 120px)
            tbody > tr > th > p  ⟨p · not a link⟩
            "Tarikh disemak"
          … and 6 more
        image-attr-aspect ×1
          declared width="1200" height="800" (1.50:1) for a 1536x2048 file (0.75:1) — 100% off, so the box reserved before load is the wrong shape (ceiling 25%)
            article > div.inspire-prose > figure.group.relative.my-6 > img.h-auto.w-auto.max-w-full  ⟨img · not a link · alt="Deretan dulang hantaran bersarung kain putih bermanik disusun memanjang di atas permaidani masjid berwarna hijau. Antaranya bantal cincin, kotak baldu biru gelap, kotak bercermin, tali leher, sepasang kasut kulit coklat dan jambangan bunga ros putih."⟩
            "7707412159-images-s-dulang-hantaran-masjid-mylifestory/high.webp"
[FAIL] /artikel/hantaran-mas-kahwin/mas-kahwin-sabah-sarawak @1920 10 violation(s)  empty:0 rail:0 narrow:10 measure:0 clipped:0 over:0 clip:0 upscale:0 aspect:0 attr:1 unmeasurable:0 R2:0 R6:0 H6:0 H6.6:0 · +1 advisory
        narrow-text-column ×10
          113.0px column, 4 lines, box 113x122px (floor 120px)
            tbody > tr > th > p  ⟨p · not a link⟩
            "Kadar (belum pernah berkahwin)"
          108.2px column, 4 lines, box 108x122px (floor 120px)
            tbody > tr > th > p  ⟨p · not a link⟩
            "Kadar (janda / balu / ibu tunggal)"
          99.3px column, 2 lines, box 99x61px (floor 120px)
            tbody > tr > th > p  ⟨p · not a link⟩
            "Pihak berkuasa"
          79.9px column, 2 lines, box 80x61px (floor 120px)
            tbody > tr > th > p  ⟨p · not a link⟩
            "Tarikh disemak"
          … and 6 more
        image-attr-aspect ×1
          declared width="1200" height="800" (1.50:1) for a 1536x2048 file (0.75:1) — 100% off, so the box reserved before load is the wrong shape (ceiling 25%)
            article > div.inspire-prose > figure.group.relative.my-6 > img.h-auto.w-auto.max-w-full  ⟨img · not a link · alt="Deretan dulang hantaran bersarung kain putih bermanik disusun memanjang di atas permaidani masjid berwarna hijau. Antaranya bantal cincin, kotak baldu biru gelap, kotak bercermin, tali leher, sepasang kasut kulit coklat dan jambangan bunga ros putih."⟩
            "7707412159-images-s-dulang-hantaran-masjid-mylifestory/high.webp"
[ ok ] /artikel/glamor-eksklusif/grand-hyatt-kuala-lumpur @390 0 violation(s)  empty:0 rail:0 narrow:0 measure:0 clipped:0 over:0 clip:0 upscale:0 aspect:0 attr:13 unmeasurable:0 R2:0 R6:0 H6:0 H6.6:0 · +13 advisory
        image-attr-aspect ×13
          declared width="683" height="10" (68.30:1) for a 2400x3600 file (0.67:1) — 10145% off, so the box reserved before load is the wrong shape (ceiling 25%)
            article > div.inspire-prose > div.group.relative.lg:mx-auto > img.h-auto.w-auto.max-w-full  ⟨img · not a link · alt=null⟩
            "653-RW-AzizulArissaHafizGrandHyattKualaLumpur-2-683x10/high.webp"
          declared width="683" height="10" (68.30:1) for a 2400x3600 file (0.67:1) — 10145% off, so the box reserved before load is the wrong shape (ceiling 25%)
            article > div.inspire-prose > div.group.relative.lg:mx-auto > img.h-auto.w-auto.max-w-full  ⟨img · not a link · alt=null⟩
            "486-RW-AzizulArissaHafizGrandHyattKualaLumpur-3-683x10/high.webp"
          declared width="683" height="10" (68.30:1) for a 2400x3600 file (0.67:1) — 10145% off, so the box reserved before load is the wrong shape (ceiling 25%)
            article > div.inspire-prose > div.group.relative.lg:mx-auto > img.h-auto.w-auto.max-w-full  ⟨img · not a link · alt=null⟩
            "189-RW-AzizulArissaHafizGrandHyattKualaLumpur-4-683x10/high.webp"
          declared width="768" height="10" (76.80:1) for a 2400x3200 file (0.75:1) — 10140% off, so the box reserved before load is the wrong shape (ceiling 25%)
            article > div.inspire-prose > div.group.relative.lg:mx-auto > img.h-auto.w-auto.max-w-full  ⟨img · not a link · alt=null⟩
            "547-RW-AzizulArissaHafizGrandHyattKualaLumpur-7-768x10/high.webp"
          … and 9 more
[ ok ] /artikel/glamor-eksklusif/grand-hyatt-kuala-lumpur @768 0 violation(s)  empty:0 rail:0 narrow:0 measure:0 clipped:0 over:0 clip:0 upscale:0 aspect:0 attr:13 unmeasurable:0 R2:0 R6:0 H6:0 H6.6:0 · +13 advisory
        image-attr-aspect ×13
          declared width="683" height="10" (68.30:1) for a 2400x3600 file (0.67:1) — 10145% off, so the box reserved before load is the wrong shape (ceiling 25%)
            article > div.inspire-prose > div.group.relative.lg:mx-auto > img.h-auto.w-auto.max-w-full  ⟨img · not a link · alt=null⟩
            "653-RW-AzizulArissaHafizGrandHyattKualaLumpur-2-683x10/high.webp"
          declared width="683" height="10" (68.30:1) for a 2400x3600 file (0.67:1) — 10145% off, so the box reserved before load is the wrong shape (ceiling 25%)
            article > div.inspire-prose > div.group.relative.lg:mx-auto > img.h-auto.w-auto.max-w-full  ⟨img · not a link · alt=null⟩
            "486-RW-AzizulArissaHafizGrandHyattKualaLumpur-3-683x10/high.webp"
          declared width="683" height="10" (68.30:1) for a 2400x3600 file (0.67:1) — 10145% off, so the box reserved before load is the wrong shape (ceiling 25%)
            article > div.inspire-prose > div.group.relative.lg:mx-auto > img.h-auto.w-auto.max-w-full  ⟨img · not a link · alt=null⟩
            "189-RW-AzizulArissaHafizGrandHyattKualaLumpur-4-683x10/high.webp"
          declared width="768" height="10" (76.80:1) for a 2400x3200 file (0.75:1) — 10140% off, so the box reserved before load is the wrong shape (ceiling 25%)
            article > div.inspire-prose > div.group.relative.lg:mx-auto > img.h-auto.w-auto.max-w-full  ⟨img · not a link · alt=null⟩
            "547-RW-AzizulArissaHafizGrandHyattKualaLumpur-7-768x10/high.webp"
          … and 9 more
[ ok ] /artikel/glamor-eksklusif/grand-hyatt-kuala-lumpur @1024 0 violation(s)  empty:0 rail:0 narrow:0 measure:0 clipped:0 over:0 clip:0 upscale:0 aspect:0 attr:13 unmeasurable:0 R2:0 R6:0 H6:0 H6.6:0 · +13 advisory
        image-attr-aspect ×13
          declared width="683" height="10" (68.30:1) for a 2400x3600 file (0.67:1) — 10145% off, so the box reserved before load is the wrong shape (ceiling 25%)
            article > div.inspire-prose > div.group.relative.lg:mx-auto > img.h-auto.w-auto.max-w-full  ⟨img · not a link · alt=null⟩
            "653-RW-AzizulArissaHafizGrandHyattKualaLumpur-2-683x10/high.webp"
          declared width="683" height="10" (68.30:1) for a 2400x3600 file (0.67:1) — 10145% off, so the box reserved before load is the wrong shape (ceiling 25%)
            article > div.inspire-prose > div.group.relative.lg:mx-auto > img.h-auto.w-auto.max-w-full  ⟨img · not a link · alt=null⟩
            "486-RW-AzizulArissaHafizGrandHyattKualaLumpur-3-683x10/high.webp"
          declared width="683" height="10" (68.30:1) for a 2400x3600 file (0.67:1) — 10145% off, so the box reserved before load is the wrong shape (ceiling 25%)
            article > div.inspire-prose > div.group.relative.lg:mx-auto > img.h-auto.w-auto.max-w-full  ⟨img · not a link · alt=null⟩
            "189-RW-AzizulArissaHafizGrandHyattKualaLumpur-4-683x10/high.webp"
          declared width="768" height="10" (76.80:1) for a 2400x3200 file (0.75:1) — 10140% off, so the box reserved before load is the wrong shape (ceiling 25%)
            article > div.inspire-prose > div.group.relative.lg:mx-auto > img.h-auto.w-auto.max-w-full  ⟨img · not a link · alt=null⟩
            "547-RW-AzizulArissaHafizGrandHyattKualaLumpur-7-768x10/high.webp"
          … and 9 more
[ ok ] /artikel/glamor-eksklusif/grand-hyatt-kuala-lumpur @1440 0 violation(s)  empty:0 rail:0 narrow:0 measure:0 clipped:0 over:0 clip:0 upscale:0 aspect:0 attr:13 unmeasurable:0 R2:0 R6:0 H6:0 H6.6:0 · +13 advisory
        image-attr-aspect ×13
          declared width="683" height="10" (68.30:1) for a 2400x3600 file (0.67:1) — 10145% off, so the box reserved before load is the wrong shape (ceiling 25%)
            article > div.inspire-prose > div.group.relative.lg:mx-auto > img.h-auto.w-auto.max-w-full  ⟨img · not a link · alt=null⟩
            "653-RW-AzizulArissaHafizGrandHyattKualaLumpur-2-683x10/high.webp"
          declared width="683" height="10" (68.30:1) for a 2400x3600 file (0.67:1) — 10145% off, so the box reserved before load is the wrong shape (ceiling 25%)
            article > div.inspire-prose > div.group.relative.lg:mx-auto > img.h-auto.w-auto.max-w-full  ⟨img · not a link · alt=null⟩
            "486-RW-AzizulArissaHafizGrandHyattKualaLumpur-3-683x10/high.webp"
          declared width="683" height="10" (68.30:1) for a 2400x3600 file (0.67:1) — 10145% off, so the box reserved before load is the wrong shape (ceiling 25%)
            article > div.inspire-prose > div.group.relative.lg:mx-auto > img.h-auto.w-auto.max-w-full  ⟨img · not a link · alt=null⟩
            "189-RW-AzizulArissaHafizGrandHyattKualaLumpur-4-683x10/high.webp"
          declared width="768" height="10" (76.80:1) for a 2400x3200 file (0.75:1) — 10140% off, so the box reserved before load is the wrong shape (ceiling 25%)
            article > div.inspire-prose > div.group.relative.lg:mx-auto > img.h-auto.w-auto.max-w-full  ⟨img · not a link · alt=null⟩
            "547-RW-AzizulArissaHafizGrandHyattKualaLumpur-7-768x10/high.webp"
          … and 9 more
[ ok ] /artikel/glamor-eksklusif/grand-hyatt-kuala-lumpur @1920 0 violation(s)  empty:0 rail:0 narrow:0 measure:0 clipped:0 over:0 clip:0 upscale:0 aspect:0 attr:13 unmeasurable:0 R2:0 R6:0 H6:0 H6.6:0 · +13 advisory
        image-attr-aspect ×13
          declared width="683" height="10" (68.30:1) for a 2400x3600 file (0.67:1) — 10145% off, so the box reserved before load is the wrong shape (ceiling 25%)
            article > div.inspire-prose > div.group.relative.lg:mx-auto > img.h-auto.w-auto.max-w-full  ⟨img · not a link · alt=null⟩
            "653-RW-AzizulArissaHafizGrandHyattKualaLumpur-2-683x10/high.webp"
          declared width="683" height="10" (68.30:1) for a 2400x3600 file (0.67:1) — 10145% off, so the box reserved before load is the wrong shape (ceiling 25%)
            article > div.inspire-prose > div.group.relative.lg:mx-auto > img.h-auto.w-auto.max-w-full  ⟨img · not a link · alt=null⟩
            "486-RW-AzizulArissaHafizGrandHyattKualaLumpur-3-683x10/high.webp"
          declared width="683" height="10" (68.30:1) for a 2400x3600 file (0.67:1) — 10145% off, so the box reserved before load is the wrong shape (ceiling 25%)
            article > div.inspire-prose > div.group.relative.lg:mx-auto > img.h-auto.w-auto.max-w-full  ⟨img · not a link · alt=null⟩
            "189-RW-AzizulArissaHafizGrandHyattKualaLumpur-4-683x10/high.webp"
          declared width="768" height="10" (76.80:1) for a 2400x3200 file (0.75:1) — 10140% off, so the box reserved before load is the wrong shape (ceiling 25%)
            article > div.inspire-prose > div.group.relative.lg:mx-auto > img.h-auto.w-auto.max-w-full  ⟨img · not a link · alt=null⟩
            "547-RW-AzizulArissaHafizGrandHyattKualaLumpur-7-768x10/high.webp"
          … and 9 more
[ ok ] /artikel/venue-perancangan/checklist-kahwin @390 0 violation(s)  empty:0 rail:0 narrow:0 measure:0 clipped:0 over:0 clip:0 upscale:0 aspect:0 attr:2 unmeasurable:0 R2:0 R6:0 H6:0 H6.6:0 · +2 advisory
        image-attr-aspect ×2
          declared width="1200" height="800" (1.50:1) for a 771x1024 file (0.75:1) — 99% off, so the box reserved before load is the wrong shape (ceiling 25%)
            article > div.inspire-prose > figure.group.relative.my-6 > img.h-auto.w-auto.max-w-full  ⟨img · not a link · alt="\"Sekeping kad jemputan kahwin dipegang di tangan. Kad itu bertajuk Walimatul Urus dalam tulisan berbunga, dengan gambar pasangan berdiri di atas batas sawah, nama kedua-dua pengantin, dua tarikh Masihi berserta tarikh Hijrah masing-masing, dan satu doa panjang di bahagian bawah.\""⟩
            "/1787707780243-images-s-kad-jemputan-tangan-sham-hardy/high.webp"
          declared width="1200" height="800" (1.50:1) for a 1080x1080 file (1.00:1) — 50% off, so the box reserved before load is the wrong shape (ceiling 25%)
            article > div.inspire-prose > figure.group.relative.my-6 > img.h-auto.w-auto.max-w-full  ⟨img · not a link · alt="Kenduri kahwin di halaman rumah kampung di bawah bumbung terbuka. Satu meja panjang beralas putih menempatkan dulang pemanas hidangan buffet, dua meja panjang lagi dipenuhi tetamu lelaki yang sedang makan, dan motosikal serta rumah kampung kelihatan di belakang."⟩
            "87707780243-images-s-kenduri-khemah-terengganu-irwandy/high.webp"
[ ok ] /artikel/venue-perancangan/checklist-kahwin @768 0 violation(s)  empty:0 rail:0 narrow:0 measure:0 clipped:0 over:0 clip:0 upscale:0 aspect:0 attr:2 unmeasurable:0 R2:0 R6:0 H6:0 H6.6:0 · +2 advisory
        image-attr-aspect ×2
          declared width="1200" height="800" (1.50:1) for a 771x1024 file (0.75:1) — 99% off, so the box reserved before load is the wrong shape (ceiling 25%)
            article > div.inspire-prose > figure.group.relative.my-6 > img.h-auto.w-auto.max-w-full  ⟨img · not a link · alt="\"Sekeping kad jemputan kahwin dipegang di tangan. Kad itu bertajuk Walimatul Urus dalam tulisan berbunga, dengan gambar pasangan berdiri di atas batas sawah, nama kedua-dua pengantin, dua tarikh Masihi berserta tarikh Hijrah masing-masing, dan satu doa panjang di bahagian bawah.\""⟩
            "/1787707780243-images-s-kad-jemputan-tangan-sham-hardy/high.webp"
          declared width="1200" height="800" (1.50:1) for a 1080x1080 file (1.00:1) — 50% off, so the box reserved before load is the wrong shape (ceiling 25%)
            article > div.inspire-prose > figure.group.relative.my-6 > img.h-auto.w-auto.max-w-full  ⟨img · not a link · alt="Kenduri kahwin di halaman rumah kampung di bawah bumbung terbuka. Satu meja panjang beralas putih menempatkan dulang pemanas hidangan buffet, dua meja panjang lagi dipenuhi tetamu lelaki yang sedang makan, dan motosikal serta rumah kampung kelihatan di belakang."⟩
            "87707780243-images-s-kenduri-khemah-terengganu-irwandy/high.webp"
[ ok ] /artikel/venue-perancangan/checklist-kahwin @1024 0 violation(s)  empty:0 rail:0 narrow:0 measure:0 clipped:0 over:0 clip:0 upscale:0 aspect:0 attr:2 unmeasurable:0 R2:0 R6:0 H6:0 H6.6:0 · +2 advisory
        image-attr-aspect ×2
          declared width="1200" height="800" (1.50:1) for a 771x1024 file (0.75:1) — 99% off, so the box reserved before load is the wrong shape (ceiling 25%)
            article > div.inspire-prose > figure.group.relative.my-6 > img.h-auto.w-auto.max-w-full  ⟨img · not a link · alt="\"Sekeping kad jemputan kahwin dipegang di tangan. Kad itu bertajuk Walimatul Urus dalam tulisan berbunga, dengan gambar pasangan berdiri di atas batas sawah, nama kedua-dua pengantin, dua tarikh Masihi berserta tarikh Hijrah masing-masing, dan satu doa panjang di bahagian bawah.\""⟩
            "/1787707780243-images-s-kad-jemputan-tangan-sham-hardy/high.webp"
          declared width="1200" height="800" (1.50:1) for a 1080x1080 file (1.00:1) — 50% off, so the box reserved before load is the wrong shape (ceiling 25%)
            article > div.inspire-prose > figure.group.relative.my-6 > img.h-auto.w-auto.max-w-full  ⟨img · not a link · alt="Kenduri kahwin di halaman rumah kampung di bawah bumbung terbuka. Satu meja panjang beralas putih menempatkan dulang pemanas hidangan buffet, dua meja panjang lagi dipenuhi tetamu lelaki yang sedang makan, dan motosikal serta rumah kampung kelihatan di belakang."⟩
            "87707780243-images-s-kenduri-khemah-terengganu-irwandy/high.webp"
[ ok ] /artikel/venue-perancangan/checklist-kahwin @1440 0 violation(s)  empty:0 rail:0 narrow:0 measure:0 clipped:0 over:0 clip:0 upscale:0 aspect:0 attr:2 unmeasurable:0 R2:0 R6:0 H6:0 H6.6:0 · +2 advisory
        image-attr-aspect ×2
          declared width="1200" height="800" (1.50:1) for a 771x1024 file (0.75:1) — 99% off, so the box reserved before load is the wrong shape (ceiling 25%)
            article > div.inspire-prose > figure.group.relative.my-6 > img.h-auto.w-auto.max-w-full  ⟨img · not a link · alt="\"Sekeping kad jemputan kahwin dipegang di tangan. Kad itu bertajuk Walimatul Urus dalam tulisan berbunga, dengan gambar pasangan berdiri di atas batas sawah, nama kedua-dua pengantin, dua tarikh Masihi berserta tarikh Hijrah masing-masing, dan satu doa panjang di bahagian bawah.\""⟩
            "/1787707780243-images-s-kad-jemputan-tangan-sham-hardy/high.webp"
          declared width="1200" height="800" (1.50:1) for a 1080x1080 file (1.00:1) — 50% off, so the box reserved before load is the wrong shape (ceiling 25%)
            article > div.inspire-prose > figure.group.relative.my-6 > img.h-auto.w-auto.max-w-full  ⟨img · not a link · alt="Kenduri kahwin di halaman rumah kampung di bawah bumbung terbuka. Satu meja panjang beralas putih menempatkan dulang pemanas hidangan buffet, dua meja panjang lagi dipenuhi tetamu lelaki yang sedang makan, dan motosikal serta rumah kampung kelihatan di belakang."⟩
            "87707780243-images-s-kenduri-khemah-terengganu-irwandy/high.webp"
[ ok ] /artikel/venue-perancangan/checklist-kahwin @1920 0 violation(s)  empty:0 rail:0 narrow:0 measure:0 clipped:0 over:0 clip:0 upscale:0 aspect:0 attr:2 unmeasurable:0 R2:0 R6:0 H6:0 H6.6:0 · +2 advisory
        image-attr-aspect ×2
          declared width="1200" height="800" (1.50:1) for a 771x1024 file (0.75:1) — 99% off, so the box reserved before load is the wrong shape (ceiling 25%)
            article > div.inspire-prose > figure.group.relative.my-6 > img.h-auto.w-auto.max-w-full  ⟨img · not a link · alt="\"Sekeping kad jemputan kahwin dipegang di tangan. Kad itu bertajuk Walimatul Urus dalam tulisan berbunga, dengan gambar pasangan berdiri di atas batas sawah, nama kedua-dua pengantin, dua tarikh Masihi berserta tarikh Hijrah masing-masing, dan satu doa panjang di bahagian bawah.\""⟩
            "/1787707780243-images-s-kad-jemputan-tangan-sham-hardy/high.webp"
          declared width="1200" height="800" (1.50:1) for a 1080x1080 file (1.00:1) — 50% off, so the box reserved before load is the wrong shape (ceiling 25%)
            article > div.inspire-prose > figure.group.relative.my-6 > img.h-auto.w-auto.max-w-full  ⟨img · not a link · alt="Kenduri kahwin di halaman rumah kampung di bawah bumbung terbuka. Satu meja panjang beralas putih menempatkan dulang pemanas hidangan buffet, dua meja panjang lagi dipenuhi tetamu lelaki yang sedang makan, dan motosikal serta rumah kampung kelihatan di belakang."⟩
            "87707780243-images-s-kenduri-khemah-terengganu-irwandy/high.webp"
[FAIL] /artikel/idea-dan-nasihat/kursus-kahwin @390   13 violation(s)  empty:0 rail:0 narrow:12 measure:0 clipped:0 over:1 clip:0 upscale:0 aspect:0 attr:0 unmeasurable:0 R2:0 R6:0 H6:0 H6.6:0
        narrow-text-column ×12
          83.5px column, 2 lines, box 84x58px (floor 120px)
            tbody > tr > th > p  ⟨p · not a link⟩
            "Yuran seorang"
          77.0px column, 2 lines, box 77x58px (floor 120px)
            tbody > tr > td > p  ⟨p · not a link⟩
            "26 Ogos 2026"
          94.5px column, 2 lines, box 94x58px (floor 120px)
            tbody > tr > td > p  ⟨p · not a link⟩
            "Pulau Pinang"
          83.5px column, 5 lines, box 84x145px (floor 120px)
            tbody > tr > td > p  ⟨p · not a link⟩
            "RM100, naik ke RM120 mulai 1 Sep 2026"
          … and 8 more
        viewport-overflow ×1
          right edge 468.6px in a 390px viewport (element 448.6px wide, 78.6px past)
            div.inspire-prose > div > p > a  ⟨a · link → https://www.sppim.gov.my/v2/online/aduan/main⟩
            "https://www.sppim.gov.my/v2/online/aduan/main"
[FAIL] /artikel/idea-dan-nasihat/kursus-kahwin @768   11 violation(s)  empty:0 rail:0 narrow:11 measure:0 clipped:0 over:0 clip:0 upscale:0 aspect:0 attr:0 unmeasurable:0 R2:0 R6:0 H6:0 H6.6:0
        narrow-text-column ×11
          116.3px column, 2 lines, box 116x60px (floor 120px)
            tbody > tr > th > p  ⟨p · not a link⟩
            "Yuran seorang"
          82.5px column, 2 lines, box 83x60px (floor 120px)
            tbody > tr > td > p  ⟨p · not a link⟩
            "26 Ogos 2026"
          116.3px column, 4 lines, box 116x120px (floor 120px)
            tbody > tr > td > p  ⟨p · not a link⟩
            "RM100, naik ke RM120 mulai 1 Sep 2026"
          104.8px column, 2 lines, box 105x60px (floor 120px)
            tbody > tr > td > p  ⟨p · not a link⟩
            "Wilayah Persekutuan"
          … and 7 more
[FAIL] /artikel/idea-dan-nasihat/kursus-kahwin @1024  11 violation(s)  empty:0 rail:0 narrow:11 measure:0 clipped:0 over:0 clip:0 upscale:0 aspect:0 attr:0 unmeasurable:0 R2:0 R6:0 H6:0 H6.6:0
        narrow-text-column ×11
          115.0px column, 2 lines, box 115x61px (floor 120px)
            tbody > tr > th > p  ⟨p · not a link⟩
            "Yuran seorang"
          83.9px column, 2 lines, box 84x61px (floor 120px)
            tbody > tr > td > p  ⟨p · not a link⟩
            "26 Ogos 2026"
          115.0px column, 4 lines, box 115x122px (floor 120px)
            tbody > tr > td > p  ⟨p · not a link⟩
            "RM100, naik ke RM120 mulai 1 Sep 2026"
          106.1px column, 2 lines, box 106x61px (floor 120px)
            tbody > tr > td > p  ⟨p · not a link⟩
            "Wilayah Persekutuan"
          … and 7 more
[FAIL] /artikel/idea-dan-nasihat/kursus-kahwin @1440  11 violation(s)  empty:0 rail:0 narrow:11 measure:0 clipped:0 over:0 clip:0 upscale:0 aspect:0 attr:0 unmeasurable:0 R2:0 R6:0 H6:0 H6.6:0
        narrow-text-column ×11
          119.5px column, 2 lines, box 120x61px (floor 120px)
            tbody > tr > th > p  ⟨p · not a link⟩
            "Yuran seorang"
          84.4px column, 2 lines, box 84x61px (floor 120px)
            tbody > tr > td > p  ⟨p · not a link⟩
            "26 Ogos 2026"
          119.5px column, 4 lines, box 120x122px (floor 120px)
            tbody > tr > td > p  ⟨p · not a link⟩
            "RM100, naik ke RM120 mulai 1 Sep 2026"
          107.3px column, 2 lines, box 107x61px (floor 120px)
            tbody > tr > td > p  ⟨p · not a link⟩
            "Wilayah Persekutuan"
          … and 7 more
[FAIL] /artikel/idea-dan-nasihat/kursus-kahwin @1920  11 violation(s)  empty:0 rail:0 narrow:11 measure:0 clipped:0 over:0 clip:0 upscale:0 aspect:0 attr:0 unmeasurable:0 R2:0 R6:0 H6:0 H6.6:0
        narrow-text-column ×11
          119.5px column, 2 lines, box 120x61px (floor 120px)
            tbody > tr > th > p  ⟨p · not a link⟩
            "Yuran seorang"
          84.4px column, 2 lines, box 84x61px (floor 120px)
            tbody > tr > td > p  ⟨p · not a link⟩
            "26 Ogos 2026"
          119.5px column, 4 lines, box 120x122px (floor 120px)
            tbody > tr > td > p  ⟨p · not a link⟩
            "RM100, naik ke RM120 mulai 1 Sep 2026"
          107.3px column, 2 lines, box 107x61px (floor 120px)
            tbody > tr > td > p  ⟨p · not a link⟩
            "Wilayah Persekutuan"
          … and 7 more
[FAIL] /artikel/venue-perancangan/pakej-dewan-kahwin @390 6 violation(s)  empty:0 rail:0 narrow:6 measure:0 clipped:0 over:0 clip:0 upscale:0 aspect:0 attr:0 unmeasurable:0 R2:0 R6:0 H6:0 H6.6:0
        narrow-text-column ×6
          107.4px column, 2 lines, box 107x58px (floor 120px)
            tbody > tr > td > p  ⟨p · not a link⟩
            "RM400 sekali guna"
          107.4px column, 2 lines, box 107x58px (floor 120px)
            tbody > tr > td > p  ⟨p · not a link⟩
            "RM200 sekali guna"
          107.4px column, 2 lines, box 107x58px (floor 120px)
            tbody > tr > td > p  ⟨p · not a link⟩
            "RM50 sekali guna"
          107.4px column, 2 lines, box 107x58px (floor 120px)
            tbody > tr > td > p  ⟨p · not a link⟩
            "RM800 sekali guna"
          … and 2 more
[ ok ] /artikel/venue-perancangan/pakej-dewan-kahwin @768 0 violation(s)  empty:0 rail:0 narrow:0 measure:0 clipped:0 over:0 clip:0 upscale:0 aspect:0 attr:0 unmeasurable:0 R2:0 R6:0 H6:0 H6.6:0
[ ok ] /artikel/venue-perancangan/pakej-dewan-kahwin @1024 0 violation(s)  empty:0 rail:0 narrow:0 measure:0 clipped:0 over:0 clip:0 upscale:0 aspect:0 attr:0 unmeasurable:0 R2:0 R6:0 H6:0 H6.6:0
[ ok ] /artikel/venue-perancangan/pakej-dewan-kahwin @1440 0 violation(s)  empty:0 rail:0 narrow:0 measure:0 clipped:0 over:0 clip:0 upscale:0 aspect:0 attr:0 unmeasurable:0 R2:0 R6:0 H6:0 H6.6:0
[ ok ] /artikel/venue-perancangan/pakej-dewan-kahwin @1920 0 violation(s)  empty:0 rail:0 narrow:0 measure:0 clipped:0 over:0 clip:0 upscale:0 aspect:0 attr:0 unmeasurable:0 R2:0 R6:0 H6:0 H6.6:0
[FAIL] /artikel/ucapan-doa/ucapan-pengantin-baru @390 25 violation(s)  empty:0 rail:0 narrow:25 measure:0 clipped:0 over:0 clip:0 upscale:0 aspect:0 attr:2 unmeasurable:0 R2:0 R6:0 H6:0 H6.6:0 · +2 advisory
        narrow-text-column ×25
          81.6px column, 3 lines, box 82x87px (floor 120px)
            tbody > tr > th > p  ⟨p · not a link⟩
            "Panjang yang sesuai"
          89.4px column, 4 lines, box 89x116px (floor 120px)
            tbody > tr > td > p  ⟨p · not a link⟩
            "Santai, boleh berjenaka sedikit"
          81.6px column, 2 lines, box 82x58px (floor 120px)
            tbody > tr > td > p  ⟨p · not a link⟩
            "1 hingga 3 ayat"
          103.0px column, 3 lines, box 103x87px (floor 120px)
            tbody > tr > td > p  ⟨p · not a link⟩
            "Adik-beradik, sepupu"
          … and 21 more
        image-attr-aspect ×2
          declared width="1200" height="800" (1.50:1) for a 2400x2912 file (0.82:1) — 82% off, so the box reserved before load is the wrong shape (ceiling 25%)
            article > div.inspire-prose > figure.group.relative.my-6 > img.h-auto.w-auto.max-w-full  ⟨img · not a link · alt="Sekuntum bunga manggar besar daripada jaluran kertas perada ungu, merah jambu dan perak, dipacak pada batang merah dan diangkat tinggi di atas kepala orang ramai di luar rumah. Tetamu bertopi, berkaca mata hitam dan bertudung kelihatan di bawahnya."⟩
            "aru/1787707708864-images-s-bunga-manggar-tetamu-ayyand/high.webp"
          declared width="1200" height="800" (1.50:1) for a 771x1024 file (0.75:1) — 99% off, so the box reserved before load is the wrong shape (ceiling 25%)
            article > div.inspire-prose > figure.group.relative.my-6 > img.h-auto.w-auto.max-w-full  ⟨img · not a link · alt="\"Sekeping kad jemputan kahwin dipegang di tangan. Kad itu bertajuk Walimatul Urus dalam tulisan berbunga, dengan gambar pasangan berdiri di atas batas sawah, nama kedua-dua pengantin, dua tarikh Masihi berserta tarikh Hijrah masing-masing, dan satu doa panjang di bahagian bawah.\""⟩
            "/1787707708864-images-s-kad-jemputan-tangan-sham-hardy/high.webp"
[FAIL] /artikel/ucapan-doa/ucapan-pengantin-baru @768 1 violation(s)  empty:0 rail:0 narrow:1 measure:0 clipped:0 over:0 clip:0 upscale:0 aspect:0 attr:2 unmeasurable:0 R2:0 R6:0 H6:0 H6.6:0 · +2 advisory
        narrow-text-column ×1
          103.6px column, 2 lines, box 104x60px (floor 120px)
            tbody > tr > td > p  ⟨p · not a link⟩
            "Fardu kifayah"
        image-attr-aspect ×2
          declared width="1200" height="800" (1.50:1) for a 2400x2912 file (0.82:1) — 82% off, so the box reserved before load is the wrong shape (ceiling 25%)
            article > div.inspire-prose > figure.group.relative.my-6 > img.h-auto.w-auto.max-w-full  ⟨img · not a link · alt="Sekuntum bunga manggar besar daripada jaluran kertas perada ungu, merah jambu dan perak, dipacak pada batang merah dan diangkat tinggi di atas kepala orang ramai di luar rumah. Tetamu bertopi, berkaca mata hitam dan bertudung kelihatan di bawahnya."⟩
            "aru/1787707708864-images-s-bunga-manggar-tetamu-ayyand/high.webp"
          declared width="1200" height="800" (1.50:1) for a 771x1024 file (0.75:1) — 99% off, so the box reserved before load is the wrong shape (ceiling 25%)
            article > div.inspire-prose > figure.group.relative.my-6 > img.h-auto.w-auto.max-w-full  ⟨img · not a link · alt="\"Sekeping kad jemputan kahwin dipegang di tangan. Kad itu bertajuk Walimatul Urus dalam tulisan berbunga, dengan gambar pasangan berdiri di atas batas sawah, nama kedua-dua pengantin, dua tarikh Masihi berserta tarikh Hijrah masing-masing, dan satu doa panjang di bahagian bawah.\""⟩
            "/1787707708864-images-s-kad-jemputan-tangan-sham-hardy/high.webp"
[FAIL] /artikel/ucapan-doa/ucapan-pengantin-baru @1024 1 violation(s)  empty:0 rail:0 narrow:1 measure:0 clipped:0 over:0 clip:0 upscale:0 aspect:0 attr:2 unmeasurable:0 R2:0 R6:0 H6:0 H6.6:0 · +2 advisory
        narrow-text-column ×1
          105.8px column, 2 lines, box 106x61px (floor 120px)
            tbody > tr > td > p  ⟨p · not a link⟩
            "Fardu kifayah"
        image-attr-aspect ×2
          declared width="1200" height="800" (1.50:1) for a 2400x2912 file (0.82:1) — 82% off, so the box reserved before load is the wrong shape (ceiling 25%)
            article > div.inspire-prose > figure.group.relative.my-6 > img.h-auto.w-auto.max-w-full  ⟨img · not a link · alt="Sekuntum bunga manggar besar daripada jaluran kertas perada ungu, merah jambu dan perak, dipacak pada batang merah dan diangkat tinggi di atas kepala orang ramai di luar rumah. Tetamu bertopi, berkaca mata hitam dan bertudung kelihatan di bawahnya."⟩
            "aru/1787707708864-images-s-bunga-manggar-tetamu-ayyand/high.webp"
          declared width="1200" height="800" (1.50:1) for a 771x1024 file (0.75:1) — 99% off, so the box reserved before load is the wrong shape (ceiling 25%)
            article > div.inspire-prose > figure.group.relative.my-6 > img.h-auto.w-auto.max-w-full  ⟨img · not a link · alt="\"Sekeping kad jemputan kahwin dipegang di tangan. Kad itu bertajuk Walimatul Urus dalam tulisan berbunga, dengan gambar pasangan berdiri di atas batas sawah, nama kedua-dua pengantin, dua tarikh Masihi berserta tarikh Hijrah masing-masing, dan satu doa panjang di bahagian bawah.\""⟩
            "/1787707708864-images-s-kad-jemputan-tangan-sham-hardy/high.webp"
[FAIL] /artikel/ucapan-doa/ucapan-pengantin-baru @1440 1 violation(s)  empty:0 rail:0 narrow:1 measure:0 clipped:0 over:0 clip:0 upscale:0 aspect:0 attr:2 unmeasurable:0 R2:0 R6:0 H6:0 H6.6:0 · +2 advisory
        narrow-text-column ×1
          106.0px column, 2 lines, box 106x61px (floor 120px)
            tbody > tr > td > p  ⟨p · not a link⟩
            "Fardu kifayah"
        image-attr-aspect ×2
          declared width="1200" height="800" (1.50:1) for a 2400x2912 file (0.82:1) — 82% off, so the box reserved before load is the wrong shape (ceiling 25%)
            article > div.inspire-prose > figure.group.relative.my-6 > img.h-auto.w-auto.max-w-full  ⟨img · not a link · alt="Sekuntum bunga manggar besar daripada jaluran kertas perada ungu, merah jambu dan perak, dipacak pada batang merah dan diangkat tinggi di atas kepala orang ramai di luar rumah. Tetamu bertopi, berkaca mata hitam dan bertudung kelihatan di bawahnya."⟩
            "aru/1787707708864-images-s-bunga-manggar-tetamu-ayyand/high.webp"
          declared width="1200" height="800" (1.50:1) for a 771x1024 file (0.75:1) — 99% off, so the box reserved before load is the wrong shape (ceiling 25%)
            article > div.inspire-prose > figure.group.relative.my-6 > img.h-auto.w-auto.max-w-full  ⟨img · not a link · alt="\"Sekeping kad jemputan kahwin dipegang di tangan. Kad itu bertajuk Walimatul Urus dalam tulisan berbunga, dengan gambar pasangan berdiri di atas batas sawah, nama kedua-dua pengantin, dua tarikh Masihi berserta tarikh Hijrah masing-masing, dan satu doa panjang di bahagian bawah.\""⟩
            "/1787707708864-images-s-kad-jemputan-tangan-sham-hardy/high.webp"
[FAIL] /artikel/ucapan-doa/ucapan-pengantin-baru @1920 1 violation(s)  empty:0 rail:0 narrow:1 measure:0 clipped:0 over:0 clip:0 upscale:0 aspect:0 attr:2 unmeasurable:0 R2:0 R6:0 H6:0 H6.6:0 · +2 advisory
        narrow-text-column ×1
          106.0px column, 2 lines, box 106x61px (floor 120px)
            tbody > tr > td > p  ⟨p · not a link⟩
            "Fardu kifayah"
        image-attr-aspect ×2
          declared width="1200" height="800" (1.50:1) for a 2400x2912 file (0.82:1) — 82% off, so the box reserved before load is the wrong shape (ceiling 25%)
            article > div.inspire-prose > figure.group.relative.my-6 > img.h-auto.w-auto.max-w-full  ⟨img · not a link · alt="Sekuntum bunga manggar besar daripada jaluran kertas perada ungu, merah jambu dan perak, dipacak pada batang merah dan diangkat tinggi di atas kepala orang ramai di luar rumah. Tetamu bertopi, berkaca mata hitam dan bertudung kelihatan di bawahnya."⟩
            "aru/1787707708864-images-s-bunga-manggar-tetamu-ayyand/high.webp"
          declared width="1200" height="800" (1.50:1) for a 771x1024 file (0.75:1) — 99% off, so the box reserved before load is the wrong shape (ceiling 25%)
            article > div.inspire-prose > figure.group.relative.my-6 > img.h-auto.w-auto.max-w-full  ⟨img · not a link · alt="\"Sekeping kad jemputan kahwin dipegang di tangan. Kad itu bertajuk Walimatul Urus dalam tulisan berbunga, dengan gambar pasangan berdiri di atas batas sawah, nama kedua-dua pengantin, dua tarikh Masihi berserta tarikh Hijrah masing-masing, dan satu doa panjang di bahagian bawah.\""⟩
            "/1787707708864-images-s-kad-jemputan-tangan-sham-hardy/high.webp"
[FAIL] /artikel/nikah-undang-undang/borang-nikah @390 13 violation(s)  empty:0 rail:0 narrow:13 measure:0 clipped:0 over:0 clip:0 upscale:0 aspect:0 attr:2 unmeasurable:0 R2:0 R6:0 H6:0 H6.6:0 · +2 advisory
        narrow-text-column ×13
          76.1px column, 2 lines, box 76x58px (floor 120px)
            tbody > tr > th > p  ⟨p · not a link⟩
            "Fi bercetak"
          64.3px column, 2 lines, box 64x58px (floor 120px)
            tbody > tr > td > p  ⟨p · not a link⟩
            "Borang 1"
          99.5px column, 4 lines, box 100x116px (floor 120px)
            tbody > tr > td > p  ⟨p · not a link⟩
            "Permohonan Untuk Kebenaran Berkahwin"
          64.3px column, 2 lines, box 64x58px (floor 120px)
            tbody > tr > td > p  ⟨p · not a link⟩
            "Borang 2"
          … and 9 more
        image-attr-aspect ×2
          declared width="1200" height="800" (1.50:1) for a 2400x683 file (3.51:1) — 57% off, so the box reserved before load is the wrong shape (ceiling 25%)
            article > div.inspire-prose > figure.group.relative.my-6 > img.h-auto.w-auto.max-w-full  ⟨img · not a link · alt="Papan tanda batu bersalut hitam pada dinding berwarna krim. Baris atas bertulis khat Arab berwarna emas, baris bawah bertulis “The Islamic Religious Department of the Federal Territories Kuala Lumpur” dalam huruf rumi emas."⟩
            "07437117-images-s-papan-tanda-jawi-kuala-lumpur-aranas/high.webp"
          declared width="1200" height="800" (1.50:1) for a 1536x2048 file (0.75:1) — 100% off, so the box reserved before load is the wrong shape (ceiling 25%)
            article > div.inspire-prose > figure.group.relative.my-6 > img.h-auto.w-auto.max-w-full  ⟨img · not a link · alt="Tiga orang lelaki berumur duduk berbaris di dalam masjid, dilihat dari sisi. Yang paling hadapan berbaju melayu merah jambu dan bersongkok hitam memegang mikrofon; dua lagi di belakangnya berbaju biru muda dan hijau muda, juga bersongkok."⟩
            "1787707437117-images-s-wali-saksi-tok-kadi-mylifestory/high.webp"
[FAIL] /artikel/nikah-undang-undang/borang-nikah @768 6 violation(s)  empty:0 rail:0 narrow:6 measure:0 clipped:0 over:0 clip:0 upscale:0 aspect:0 attr:2 unmeasurable:0 R2:0 R6:0 H6:0 H6.6:0 · +2 advisory
        narrow-text-column ×6
          68.3px column, 2 lines, box 68x60px (floor 120px)
            tbody > tr > td > p  ⟨p · not a link⟩
            "Borang 2"
          68.3px column, 2 lines, box 68x60px (floor 120px)
            tbody > tr > td > p  ⟨p · not a link⟩
            "Borang 3"
          68.3px column, 2 lines, box 68x60px (floor 120px)
            tbody > tr > td > p  ⟨p · not a link⟩
            "Borang 4"
          101.2px column, 2 lines, box 101x60px (floor 120px)
            tbody > tr > td > p  ⟨p · not a link⟩
            "Tiada fi bercetak"
          … and 2 more
        image-attr-aspect ×2
          declared width="1200" height="800" (1.50:1) for a 2400x683 file (3.51:1) — 57% off, so the box reserved before load is the wrong shape (ceiling 25%)
            article > div.inspire-prose > figure.group.relative.my-6 > img.h-auto.w-auto.max-w-full  ⟨img · not a link · alt="Papan tanda batu bersalut hitam pada dinding berwarna krim. Baris atas bertulis khat Arab berwarna emas, baris bawah bertulis “The Islamic Religious Department of the Federal Territories Kuala Lumpur” dalam huruf rumi emas."⟩
            "07437117-images-s-papan-tanda-jawi-kuala-lumpur-aranas/high.webp"
          declared width="1200" height="800" (1.50:1) for a 1536x2048 file (0.75:1) — 100% off, so the box reserved before load is the wrong shape (ceiling 25%)
            article > div.inspire-prose > figure.group.relative.my-6 > img.h-auto.w-auto.max-w-full  ⟨img · not a link · alt="Tiga orang lelaki berumur duduk berbaris di dalam masjid, dilihat dari sisi. Yang paling hadapan berbaju melayu merah jambu dan bersongkok hitam memegang mikrofon; dua lagi di belakangnya berbaju biru muda dan hijau muda, juga bersongkok."⟩
            "1787707437117-images-s-wali-saksi-tok-kadi-mylifestory/high.webp"
[FAIL] /artikel/nikah-undang-undang/borang-nikah @1024 8 violation(s)  empty:0 rail:0 narrow:8 measure:0 clipped:0 over:0 clip:0 upscale:0 aspect:0 attr:2 unmeasurable:0 R2:0 R6:0 H6:0 H6.6:0 · +2 advisory
        narrow-text-column ×8
          101.7px column, 2 lines, box 102x61px (floor 120px)
            tbody > tr > th > p  ⟨p · not a link⟩
            "Fi bercetak"
          69.7px column, 2 lines, box 70x61px (floor 120px)
            tbody > tr > td > p  ⟨p · not a link⟩
            "Borang 1"
          69.7px column, 2 lines, box 70x61px (floor 120px)
            tbody > tr > td > p  ⟨p · not a link⟩
            "Borang 2"
          69.7px column, 2 lines, box 70x61px (floor 120px)
            tbody > tr > td > p  ⟨p · not a link⟩
            "Borang 3"
          … and 4 more
        image-attr-aspect ×2
          declared width="1200" height="800" (1.50:1) for a 2400x683 file (3.51:1) — 57% off, so the box reserved before load is the wrong shape (ceiling 25%)
            article > div.inspire-prose > figure.group.relative.my-6 > img.h-auto.w-auto.max-w-full  ⟨img · not a link · alt="Papan tanda batu bersalut hitam pada dinding berwarna krim. Baris atas bertulis khat Arab berwarna emas, baris bawah bertulis “The Islamic Religious Department of the Federal Territories Kuala Lumpur” dalam huruf rumi emas."⟩
            "07437117-images-s-papan-tanda-jawi-kuala-lumpur-aranas/high.webp"
          declared width="1200" height="800" (1.50:1) for a 1536x2048 file (0.75:1) — 100% off, so the box reserved before load is the wrong shape (ceiling 25%)
            article > div.inspire-prose > figure.group.relative.my-6 > img.h-auto.w-auto.max-w-full  ⟨img · not a link · alt="Tiga orang lelaki berumur duduk berbaris di dalam masjid, dilihat dari sisi. Yang paling hadapan berbaju melayu merah jambu dan bersongkok hitam memegang mikrofon; dua lagi di belakangnya berbaju biru muda dan hijau muda, juga bersongkok."⟩
            "1787707437117-images-s-wali-saksi-tok-kadi-mylifestory/high.webp"
[FAIL] /artikel/nikah-undang-undang/borang-nikah @1440 6 violation(s)  empty:0 rail:0 narrow:6 measure:0 clipped:0 over:0 clip:0 upscale:0 aspect:0 attr:2 unmeasurable:0 R2:0 R6:0 H6:0 H6.6:0 · +2 advisory
        narrow-text-column ×6
          69.9px column, 2 lines, box 70x61px (floor 120px)
            tbody > tr > td > p  ⟨p · not a link⟩
            "Borang 2"
          69.9px column, 2 lines, box 70x61px (floor 120px)
            tbody > tr > td > p  ⟨p · not a link⟩
            "Borang 3"
          69.9px column, 2 lines, box 70x61px (floor 120px)
            tbody > tr > td > p  ⟨p · not a link⟩
            "Borang 4"
          103.8px column, 2 lines, box 104x61px (floor 120px)
            tbody > tr > td > p  ⟨p · not a link⟩
            "Tiada fi bercetak"
          … and 2 more
        image-attr-aspect ×2
          declared width="1200" height="800" (1.50:1) for a 2400x683 file (3.51:1) — 57% off, so the box reserved before load is the wrong shape (ceiling 25%)
            article > div.inspire-prose > figure.group.relative.my-6 > img.h-auto.w-auto.max-w-full  ⟨img · not a link · alt="Papan tanda batu bersalut hitam pada dinding berwarna krim. Baris atas bertulis khat Arab berwarna emas, baris bawah bertulis “The Islamic Religious Department of the Federal Territories Kuala Lumpur” dalam huruf rumi emas."⟩
            "07437117-images-s-papan-tanda-jawi-kuala-lumpur-aranas/high.webp"
          declared width="1200" height="800" (1.50:1) for a 1536x2048 file (0.75:1) — 100% off, so the box reserved before load is the wrong shape (ceiling 25%)
            article > div.inspire-prose > figure.group.relative.my-6 > img.h-auto.w-auto.max-w-full  ⟨img · not a link · alt="Tiga orang lelaki berumur duduk berbaris di dalam masjid, dilihat dari sisi. Yang paling hadapan berbaju melayu merah jambu dan bersongkok hitam memegang mikrofon; dua lagi di belakangnya berbaju biru muda dan hijau muda, juga bersongkok."⟩
            "1787707437117-images-s-wali-saksi-tok-kadi-mylifestory/high.webp"
[FAIL] /artikel/nikah-undang-undang/borang-nikah @1920 6 violation(s)  empty:0 rail:0 narrow:6 measure:0 clipped:0 over:0 clip:0 upscale:0 aspect:0 attr:2 unmeasurable:0 R2:0 R6:0 H6:0 H6.6:0 · +2 advisory
        narrow-text-column ×6
          69.9px column, 2 lines, box 70x61px (floor 120px)
            tbody > tr > td > p  ⟨p · not a link⟩
            "Borang 2"
          69.9px column, 2 lines, box 70x61px (floor 120px)
            tbody > tr > td > p  ⟨p · not a link⟩
            "Borang 3"
          69.9px column, 2 lines, box 70x61px (floor 120px)
            tbody > tr > td > p  ⟨p · not a link⟩
            "Borang 4"
          103.8px column, 2 lines, box 104x61px (floor 120px)
            tbody > tr > td > p  ⟨p · not a link⟩
            "Tiada fi bercetak"
          … and 2 more
        image-attr-aspect ×2
          declared width="1200" height="800" (1.50:1) for a 2400x683 file (3.51:1) — 57% off, so the box reserved before load is the wrong shape (ceiling 25%)
            article > div.inspire-prose > figure.group.relative.my-6 > img.h-auto.w-auto.max-w-full  ⟨img · not a link · alt="Papan tanda batu bersalut hitam pada dinding berwarna krim. Baris atas bertulis khat Arab berwarna emas, baris bawah bertulis “The Islamic Religious Department of the Federal Territories Kuala Lumpur” dalam huruf rumi emas."⟩
            "07437117-images-s-papan-tanda-jawi-kuala-lumpur-aranas/high.webp"
          declared width="1200" height="800" (1.50:1) for a 1536x2048 file (0.75:1) — 100% off, so the box reserved before load is the wrong shape (ceiling 25%)
            article > div.inspire-prose > figure.group.relative.my-6 > img.h-auto.w-auto.max-w-full  ⟨img · not a link · alt="Tiga orang lelaki berumur duduk berbaris di dalam masjid, dilihat dari sisi. Yang paling hadapan berbaju melayu merah jambu dan bersongkok hitam memegang mikrofon; dua lagi di belakangnya berbaju biru muda dan hijau muda, juga bersongkok."⟩
            "1787707437117-images-s-wali-saksi-tok-kadi-mylifestory/high.webp"
[FAIL] /artikel/hantaran-mas-kahwin/mas-kahwin-pahang-negeri-sembilan @390 2 violation(s)  empty:0 rail:0 narrow:2 measure:0 clipped:0 over:0 clip:0 upscale:0 aspect:0 attr:1 unmeasurable:0 R2:0 R6:0 H6:0 H6.6:0 · +1 advisory
        narrow-text-column ×2
          74.7px column, 2 lines, box 75x58px (floor 120px)
            tbody > tr > td > p  ⟨p · not a link⟩
            "Negeri Sembilan"
          74.2px column, 4 lines, box 74x116px (floor 120px)
            tbody > tr > td > p  ⟨p · not a link⟩
            "RM40 seorang, bagi 2 orang"
        image-attr-aspect ×1
          declared width="1200" height="800" (1.50:1) for a 1712x2288 file (0.75:1) — 100% off, so the box reserved before load is the wrong shape (ceiling 25%)
            article > div.inspire-prose > figure.group.relative.my-6 > img.h-auto.w-auto.max-w-full  ⟨img · not a link · alt="Papan tanda bertiang dua bersalut jubin biru dengan kubah kuning di puncak setiap tiang. Papan hijau di tengahnya bertulis dalam Jawi dan rumi “Pejabat Agama Islam Daerah Cameron Highlands, 36900 Tanah Rata, Cameron Highlands, Pahang Darul Makmur” berserta dua nombor telefon."⟩
            "34-images-s-pejabat-agama-cameron-highlands-gula-kapas/high.webp"
[FAIL] /artikel/hantaran-mas-kahwin/mas-kahwin-pahang-negeri-sembilan @768 2 violation(s)  empty:0 rail:0 narrow:1 measure:1 clipped:0 over:0 clip:0 upscale:0 aspect:0 attr:1 unmeasurable:0 R2:0 R6:0 H6:0 H6.6:0 · +1 advisory
        narrow-text-column ×1
          97.0px column, 2 lines, box 97x60px (floor 120px)
            tbody > tr > td > p  ⟨p · not a link⟩
            "Negeri Sembilan"
        reading-measure ×1
          100.6 characters per line — 704px column at 14.0px (ceiling 75)
            aside.hk-rail > div.hk-rail-block > ul.hk-rail-sources > li  ⟨li · not a link⟩
            "dokumen JHEAINS "Urusan Perkahwinan, Perceraian & Rujuk"; si"
        image-attr-aspect ×1
          declared width="1200" height="800" (1.50:1) for a 1712x2288 file (0.75:1) — 100% off, so the box reserved before load is the wrong shape (ceiling 25%)
            article > div.inspire-prose > figure.group.relative.my-6 > img.h-auto.w-auto.max-w-full  ⟨img · not a link · alt="Papan tanda bertiang dua bersalut jubin biru dengan kubah kuning di puncak setiap tiang. Papan hijau di tengahnya bertulis dalam Jawi dan rumi “Pejabat Agama Islam Daerah Cameron Highlands, 36900 Tanah Rata, Cameron Highlands, Pahang Darul Makmur” berserta dua nombor telefon."⟩
            "34-images-s-pejabat-agama-cameron-highlands-gula-kapas/high.webp"
[FAIL] /artikel/hantaran-mas-kahwin/mas-kahwin-pahang-negeri-sembilan @1024 1 violation(s)  empty:0 rail:0 narrow:1 measure:0 clipped:0 over:0 clip:0 upscale:0 aspect:0 attr:1 unmeasurable:0 R2:0 R6:0 H6:0 H6.6:0 · +1 advisory
        narrow-text-column ×1
          98.0px column, 2 lines, box 98x61px (floor 120px)
            tbody > tr > td > p  ⟨p · not a link⟩
            "Negeri Sembilan"
        image-attr-aspect ×1
          declared width="1200" height="800" (1.50:1) for a 1712x2288 file (0.75:1) — 100% off, so the box reserved before load is the wrong shape (ceiling 25%)
            article > div.inspire-prose > figure.group.relative.my-6 > img.h-auto.w-auto.max-w-full  ⟨img · not a link · alt="Papan tanda bertiang dua bersalut jubin biru dengan kubah kuning di puncak setiap tiang. Papan hijau di tengahnya bertulis dalam Jawi dan rumi “Pejabat Agama Islam Daerah Cameron Highlands, 36900 Tanah Rata, Cameron Highlands, Pahang Darul Makmur” berserta dua nombor telefon."⟩
            "34-images-s-pejabat-agama-cameron-highlands-gula-kapas/high.webp"
[FAIL] /artikel/hantaran-mas-kahwin/mas-kahwin-pahang-negeri-sembilan @1440 1 violation(s)  empty:0 rail:0 narrow:1 measure:0 clipped:0 over:0 clip:0 upscale:0 aspect:0 attr:1 unmeasurable:0 R2:0 R6:0 H6:0 H6.6:0 · +1 advisory
        narrow-text-column ×1
          99.3px column, 2 lines, box 99x61px (floor 120px)
            tbody > tr > td > p  ⟨p · not a link⟩
            "Negeri Sembilan"
        image-attr-aspect ×1
          declared width="1200" height="800" (1.50:1) for a 1712x2288 file (0.75:1) — 100% off, so the box reserved before load is the wrong shape (ceiling 25%)
            article > div.inspire-prose > figure.group.relative.my-6 > img.h-auto.w-auto.max-w-full  ⟨img · not a link · alt="Papan tanda bertiang dua bersalut jubin biru dengan kubah kuning di puncak setiap tiang. Papan hijau di tengahnya bertulis dalam Jawi dan rumi “Pejabat Agama Islam Daerah Cameron Highlands, 36900 Tanah Rata, Cameron Highlands, Pahang Darul Makmur” berserta dua nombor telefon."⟩
            "34-images-s-pejabat-agama-cameron-highlands-gula-kapas/high.webp"
[FAIL] /artikel/hantaran-mas-kahwin/mas-kahwin-pahang-negeri-sembilan @1920 1 violation(s)  empty:0 rail:0 narrow:1 measure:0 clipped:0 over:0 clip:0 upscale:0 aspect:0 attr:1 unmeasurable:0 R2:0 R6:0 H6:0 H6.6:0 · +1 advisory
        narrow-text-column ×1
          99.3px column, 2 lines, box 99x61px (floor 120px)
            tbody > tr > td > p  ⟨p · not a link⟩
            "Negeri Sembilan"
        image-attr-aspect ×1
          declared width="1200" height="800" (1.50:1) for a 1712x2288 file (0.75:1) — 100% off, so the box reserved before load is the wrong shape (ceiling 25%)
            article > div.inspire-prose > figure.group.relative.my-6 > img.h-auto.w-auto.max-w-full  ⟨img · not a link · alt="Papan tanda bertiang dua bersalut jubin biru dengan kubah kuning di puncak setiap tiang. Papan hijau di tengahnya bertulis dalam Jawi dan rumi “Pejabat Agama Islam Daerah Cameron Highlands, 36900 Tanah Rata, Cameron Highlands, Pahang Darul Makmur” berserta dua nombor telefon."⟩
            "34-images-s-pejabat-agama-cameron-highlands-gula-kapas/high.webp"
[ ok ] /artikel/moden-kontemporari/marriott-putrajaya @390 0 violation(s)  empty:0 rail:0 narrow:0 measure:0 clipped:0 over:0 clip:0 upscale:0 aspect:0 attr:11 unmeasurable:0 R2:0 R6:0 H6:0 H6.6:0 · +11 advisory
        image-attr-aspect ×11
          declared width="683" height="102" (6.70:1) for a 2400x3600 file (0.67:1) — 904% off, so the box reserved before load is the wrong shape (ceiling 25%)
            article > div.inspire-prose > div.group.relative.lg:mx-auto > img.h-auto.w-auto.max-w-full  ⟨img · not a link · alt=null⟩
            "150-RW-WhiteneryDhiyaAzrinMarriottPutrajaya-24-683x102/high.webp"
          declared width="683" height="102" (6.70:1) for a 2400x3600 file (0.67:1) — 904% off, so the box reserved before load is the wrong shape (ceiling 25%)
            article > div.inspire-prose > div.group.relative.lg:mx-auto > img.h-auto.w-auto.max-w-full  ⟨img · not a link · alt=null⟩
            "839-RW-WhiteneryDhiyaAzrinMarriottPutrajaya-22-683x102/high.webp"
          declared width="683" height="102" (6.70:1) for a 2400x3600 file (0.67:1) — 904% off, so the box reserved before load is the wrong shape (ceiling 25%)
            article > div.inspire-prose > div.group.relative.lg:mx-auto > img.h-auto.w-auto.max-w-full  ⟨img · not a link · alt=null⟩
            "124-RW-WhiteneryDhiyaAzrinMarriottPutrajaya-10-683x102/high.webp"
          declared width="1024" height="68" (15.06:1) for a 2400x1600 file (1.50:1) — 904% off, so the box reserved before load is the wrong shape (ceiling 25%)
            article > div.inspire-prose > div.group.relative.lg:mx-auto > img.h-auto.w-auto.max-w-full  ⟨img · not a link · alt=null⟩
            "918-RW-WhiteneryDhiyaAzrinMarriottPutrajaya-11-1024x68/high.webp"
          … and 7 more
[FAIL] /artikel/moden-kontemporari/marriott-putrajaya @768 1 violation(s)  empty:0 rail:0 narrow:0 measure:1 clipped:0 over:0 clip:0 upscale:0 aspect:0 attr:11 unmeasurable:0 R2:0 R6:0 H6:0 H6.6:0 · +11 advisory
        reading-measure ×1
          81.3 characters per line — 610px column at 15.0px (ceiling 75)
            div > a.s-row > div > h3.t  ⟨h3 · link → /artikel/moden-kontemporari/sime-darby-convention-centre⟩
            "Majlis Perkahwinan Mewah dengan Sentuhan Warna Lembut di Sim"
        image-attr-aspect ×11
          declared width="683" height="102" (6.70:1) for a 2400x3600 file (0.67:1) — 904% off, so the box reserved before load is the wrong shape (ceiling 25%)
            article > div.inspire-prose > div.group.relative.lg:mx-auto > img.h-auto.w-auto.max-w-full  ⟨img · not a link · alt=null⟩
            "150-RW-WhiteneryDhiyaAzrinMarriottPutrajaya-24-683x102/high.webp"
          declared width="683" height="102" (6.70:1) for a 2400x3600 file (0.67:1) — 904% off, so the box reserved before load is the wrong shape (ceiling 25%)
            article > div.inspire-prose > div.group.relative.lg:mx-auto > img.h-auto.w-auto.max-w-full  ⟨img · not a link · alt=null⟩
            "839-RW-WhiteneryDhiyaAzrinMarriottPutrajaya-22-683x102/high.webp"
          declared width="683" height="102" (6.70:1) for a 2400x3600 file (0.67:1) — 904% off, so the box reserved before load is the wrong shape (ceiling 25%)
            article > div.inspire-prose > div.group.relative.lg:mx-auto > img.h-auto.w-auto.max-w-full  ⟨img · not a link · alt=null⟩
            "124-RW-WhiteneryDhiyaAzrinMarriottPutrajaya-10-683x102/high.webp"
          declared width="1024" height="68" (15.06:1) for a 2400x1600 file (1.50:1) — 904% off, so the box reserved before load is the wrong shape (ceiling 25%)
            article > div.inspire-prose > div.group.relative.lg:mx-auto > img.h-auto.w-auto.max-w-full  ⟨img · not a link · alt=null⟩
            "918-RW-WhiteneryDhiyaAzrinMarriottPutrajaya-11-1024x68/high.webp"
          … and 7 more
[ ok ] /artikel/moden-kontemporari/marriott-putrajaya @1024 0 violation(s)  empty:0 rail:0 narrow:0 measure:0 clipped:0 over:0 clip:0 upscale:0 aspect:0 attr:11 unmeasurable:0 R2:0 R6:0 H6:0 H6.6:0 · +11 advisory
        image-attr-aspect ×11
          declared width="683" height="102" (6.70:1) for a 2400x3600 file (0.67:1) — 904% off, so the box reserved before load is the wrong shape (ceiling 25%)
            article > div.inspire-prose > div.group.relative.lg:mx-auto > img.h-auto.w-auto.max-w-full  ⟨img · not a link · alt=null⟩
            "150-RW-WhiteneryDhiyaAzrinMarriottPutrajaya-24-683x102/high.webp"
          declared width="683" height="102" (6.70:1) for a 2400x3600 file (0.67:1) — 904% off, so the box reserved before load is the wrong shape (ceiling 25%)
            article > div.inspire-prose > div.group.relative.lg:mx-auto > img.h-auto.w-auto.max-w-full  ⟨img · not a link · alt=null⟩
            "839-RW-WhiteneryDhiyaAzrinMarriottPutrajaya-22-683x102/high.webp"
          declared width="683" height="102" (6.70:1) for a 2400x3600 file (0.67:1) — 904% off, so the box reserved before load is the wrong shape (ceiling 25%)
            article > div.inspire-prose > div.group.relative.lg:mx-auto > img.h-auto.w-auto.max-w-full  ⟨img · not a link · alt=null⟩
            "124-RW-WhiteneryDhiyaAzrinMarriottPutrajaya-10-683x102/high.webp"
          declared width="1024" height="68" (15.06:1) for a 2400x1600 file (1.50:1) — 904% off, so the box reserved before load is the wrong shape (ceiling 25%)
            article > div.inspire-prose > div.group.relative.lg:mx-auto > img.h-auto.w-auto.max-w-full  ⟨img · not a link · alt=null⟩
            "918-RW-WhiteneryDhiyaAzrinMarriottPutrajaya-11-1024x68/high.webp"
          … and 7 more
[FAIL] /artikel/moden-kontemporari/marriott-putrajaya @1440 1 violation(s)  empty:0 rail:0 narrow:0 measure:1 clipped:0 over:0 clip:0 upscale:0 aspect:0 attr:11 unmeasurable:0 R2:0 R6:0 H6:0 H6.6:0 · +11 advisory
        reading-measure ×1
          88.0 characters per line — 924px column at 21.0px (ceiling 75)
            div > a.s-row > div > h3.t  ⟨h3 · link → /artikel/moden-kontemporari/sime-darby-convention-centre⟩
            "Majlis Perkahwinan Mewah dengan Sentuhan Warna Lembut di Sim"
        image-attr-aspect ×11
          declared width="683" height="102" (6.70:1) for a 2400x3600 file (0.67:1) — 904% off, so the box reserved before load is the wrong shape (ceiling 25%)
            article > div.inspire-prose > div.group.relative.lg:mx-auto > img.h-auto.w-auto.max-w-full  ⟨img · not a link · alt=null⟩
            "150-RW-WhiteneryDhiyaAzrinMarriottPutrajaya-24-683x102/high.webp"
          declared width="683" height="102" (6.70:1) for a 2400x3600 file (0.67:1) — 904% off, so the box reserved before load is the wrong shape (ceiling 25%)
            article > div.inspire-prose > div.group.relative.lg:mx-auto > img.h-auto.w-auto.max-w-full  ⟨img · not a link · alt=null⟩
            "839-RW-WhiteneryDhiyaAzrinMarriottPutrajaya-22-683x102/high.webp"
          declared width="683" height="102" (6.70:1) for a 2400x3600 file (0.67:1) — 904% off, so the box reserved before load is the wrong shape (ceiling 25%)
            article > div.inspire-prose > div.group.relative.lg:mx-auto > img.h-auto.w-auto.max-w-full  ⟨img · not a link · alt=null⟩
            "124-RW-WhiteneryDhiyaAzrinMarriottPutrajaya-10-683x102/high.webp"
          declared width="1024" height="68" (15.06:1) for a 2400x1600 file (1.50:1) — 904% off, so the box reserved before load is the wrong shape (ceiling 25%)
            article > div.inspire-prose > div.group.relative.lg:mx-auto > img.h-auto.w-auto.max-w-full  ⟨img · not a link · alt=null⟩
            "918-RW-WhiteneryDhiyaAzrinMarriottPutrajaya-11-1024x68/high.webp"
          … and 7 more
[ ok ] /artikel/moden-kontemporari/marriott-putrajaya @1920 0 violation(s)  empty:0 rail:0 narrow:0 measure:0 clipped:0 over:0 clip:0 upscale:0 aspect:0 attr:11 unmeasurable:0 R2:0 R6:0 H6:0 H6.6:0 · +11 advisory
        image-attr-aspect ×11
          declared width="683" height="102" (6.70:1) for a 2400x3600 file (0.67:1) — 904% off, so the box reserved before load is the wrong shape (ceiling 25%)
            article > div.inspire-prose > div.group.relative.lg:mx-auto > img.h-auto.w-auto.max-w-full  ⟨img · not a link · alt=null⟩
            "150-RW-WhiteneryDhiyaAzrinMarriottPutrajaya-24-683x102/high.webp"
          declared width="683" height="102" (6.70:1) for a 2400x3600 file (0.67:1) — 904% off, so the box reserved before load is the wrong shape (ceiling 25%)
            article > div.inspire-prose > div.group.relative.lg:mx-auto > img.h-auto.w-auto.max-w-full  ⟨img · not a link · alt=null⟩
            "839-RW-WhiteneryDhiyaAzrinMarriottPutrajaya-22-683x102/high.webp"
          declared width="683" height="102" (6.70:1) for a 2400x3600 file (0.67:1) — 904% off, so the box reserved before load is the wrong shape (ceiling 25%)
            article > div.inspire-prose > div.group.relative.lg:mx-auto > img.h-auto.w-auto.max-w-full  ⟨img · not a link · alt=null⟩
            "124-RW-WhiteneryDhiyaAzrinMarriottPutrajaya-10-683x102/high.webp"
          declared width="1024" height="68" (15.06:1) for a 2400x1600 file (1.50:1) — 904% off, so the box reserved before load is the wrong shape (ceiling 25%)
            article > div.inspire-prose > div.group.relative.lg:mx-auto > img.h-auto.w-auto.max-w-full  ⟨img · not a link · alt=null⟩
            "918-RW-WhiteneryDhiyaAzrinMarriottPutrajaya-11-1024x68/high.webp"
          … and 7 more
[ ok ] /artikel/real-wedding/villa-warisan @390       0 violation(s)  empty:0 rail:0 narrow:0 measure:0 clipped:0 over:0 clip:0 upscale:0 aspect:0 attr:0 unmeasurable:0 R2:0 R6:0 H6:0 H6.6:0
[FAIL] /artikel/real-wedding/villa-warisan @768       3 violation(s)  empty:0 rail:0 narrow:0 measure:3 clipped:0 over:0 clip:0 upscale:0 aspect:0 attr:0 unmeasurable:0 R2:0 R6:0 H6:0 H6.6:0
        reading-measure ×3
          81.3 characters per line — 610px column at 15.0px (ceiling 75)
            div > a.s-row > div > h3.t  ⟨h3 · link → /artikel/real-wedding/yasaka-shrine⟩
            "Perkahwinan Jepun di Yasaka Shrine & Majlis Resepsi Bertemak"
          81.3 characters per line — 610px column at 15.0px (ceiling 75)
            div > a.s-row > div > h3.t  ⟨h3 · link → /artikel/real-wedding/cheong-fatt-tze-mansion⟩
            "Perkahwinan Pelbagai Budaya di Cheong Fatt Tze Mansion, Ikon"
          81.3 characters per line — 610px column at 15.0px (ceiling 75)
            div > a.s-row > div > h3.t  ⟨h3 · link → /artikel/real-wedding/sentosa-janda-baik⟩
            "Majlis Perkahwinan Penuh Nilai Budaya di Sentosa, Janda Baik"
[ ok ] /artikel/real-wedding/villa-warisan @1024      0 violation(s)  empty:0 rail:0 narrow:0 measure:0 clipped:0 over:0 clip:0 upscale:0 aspect:0 attr:0 unmeasurable:0 R2:0 R6:0 H6:0 H6.6:0
[FAIL] /artikel/real-wedding/villa-warisan @1440      3 violation(s)  empty:0 rail:0 narrow:0 measure:3 clipped:0 over:0 clip:0 upscale:0 aspect:0 attr:0 unmeasurable:0 R2:0 R6:0 H6:0 H6.6:0
        reading-measure ×3
          88.0 characters per line — 924px column at 21.0px (ceiling 75)
            div > a.s-row > div > h3.t  ⟨h3 · link → /artikel/real-wedding/yasaka-shrine⟩
            "Perkahwinan Jepun di Yasaka Shrine & Majlis Resepsi Bertemak"
          88.0 characters per line — 924px column at 21.0px (ceiling 75)
            div > a.s-row > div > h3.t  ⟨h3 · link → /artikel/real-wedding/cheong-fatt-tze-mansion⟩
            "Perkahwinan Pelbagai Budaya di Cheong Fatt Tze Mansion, Ikon"
          88.0 characters per line — 924px column at 21.0px (ceiling 75)
            div > a.s-row > div > h3.t  ⟨h3 · link → /artikel/real-wedding/sentosa-janda-baik⟩
            "Majlis Perkahwinan Penuh Nilai Budaya di Sentosa, Janda Baik"
[ ok ] /artikel/real-wedding/villa-warisan @1920      0 violation(s)  empty:0 rail:0 narrow:0 measure:0 clipped:0 over:0 clip:0 upscale:0 aspect:0 attr:0 unmeasurable:0 R2:0 R6:0 H6:0 H6.6:0
[FAIL] /artikel/ucapan-doa/doa-majlis-perkahwinan @390 18 violation(s)  empty:0 rail:0 narrow:18 measure:0 clipped:0 over:0 clip:0 upscale:0 aspect:0 attr:2 unmeasurable:0 R2:0 R6:0 H6:0 H6.6:0 · +2 advisory
        narrow-text-column ×18
          104.8px column, 3 lines, box 105x87px (floor 120px)
            tbody > tr > th > p  ⟨p · not a link⟩
            "Apa yang ada di dalamnya"
          104.8px column, 7 lines, box 105x203px (floor 120px)
            tbody > tr > td > p  ⟨p · not a link⟩
            "Lafaz puji-pujian kepada Allah dan selawat ke atas Nabi Muha"
          91.1px column, 5 lines, box 91x145px (floor 120px)
            tbody > tr > td > p  ⟨p · not a link⟩
            "Arab, kemudian boleh diikuti bahasa lain"
          91.6px column, 2 lines, box 92x58px (floor 120px)
            tbody > tr > td > p  ⟨p · not a link⟩
            "Isi kandungan"
          … and 14 more
        image-attr-aspect ×2
          declared width="1200" height="800" (1.50:1) for a 2400x3600 file (0.67:1) — 125% off, so the box reserved before load is the wrong shape (ceiling 25%)
            article > div.inspire-prose > figure.group.relative.my-6 > img.h-auto.w-auto.max-w-full  ⟨img · not a link · alt="Seorang qari berserban dan berjubah hitam membaca doa daripada kitab sambil memakai mikrofon kepala, dikelilingi jemaah bersongkok di dalam sebuah masjid."⟩
            "7707650814-images-s-majlis-doa-selamat-ahmad-ali-karim/high.webp"
          declared width="1200" height="800" (1.50:1) for a 2400x2912 file (0.82:1) — 82% off, so the box reserved before load is the wrong shape (ceiling 25%)
            article > div.inspire-prose > figure.group.relative.my-6 > img.h-auto.w-auto.max-w-full  ⟨img · not a link · alt="Sekuntum bunga manggar besar daripada jaluran kertas perada ungu, merah jambu dan perak, dipacak pada batang merah dan diangkat tinggi di atas kepala orang ramai di luar rumah. Tetamu bertopi, berkaca mata hitam dan bertudung kelihatan di bawahnya."⟩
            "nan/1787707650814-images-s-bunga-manggar-tetamu-ayyand/high.webp"
[FAIL] /artikel/ucapan-doa/doa-majlis-perkahwinan @768 12 violation(s)  empty:0 rail:0 narrow:12 measure:0 clipped:0 over:0 clip:0 upscale:0 aspect:0 attr:2 unmeasurable:0 R2:0 R6:0 H6:0 H6.6:0 · +2 advisory
        narrow-text-column ×12
          98.8px column, 2 lines, box 99x60px (floor 120px)
            tbody > tr > td > p  ⟨p · not a link⟩
            "Isi kandungan"
          82.2px column, 2 lines, box 82x60px (floor 120px)
            tbody > tr > th > p  ⟨p · not a link⟩
            "Tempoh bacaan"
          102.8px column, 3 lines, box 103x90px (floor 120px)
            tbody > tr > th > p  ⟨p · not a link⟩
            "Isi kandungan doa"
          110.5px column, 3 lines, box 110x90px (floor 120px)
            tbody > tr > th > p  ⟨p · not a link⟩
            "Doa kenduri kahwin"
          … and 8 more
        image-attr-aspect ×2
          declared width="1200" height="800" (1.50:1) for a 2400x3600 file (0.67:1) — 125% off, so the box reserved before load is the wrong shape (ceiling 25%)
            article > div.inspire-prose > figure.group.relative.my-6 > img.h-auto.w-auto.max-w-full  ⟨img · not a link · alt="Seorang qari berserban dan berjubah hitam membaca doa daripada kitab sambil memakai mikrofon kepala, dikelilingi jemaah bersongkok di dalam sebuah masjid."⟩
            "7707650814-images-s-majlis-doa-selamat-ahmad-ali-karim/high.webp"
          declared width="1200" height="800" (1.50:1) for a 2400x2912 file (0.82:1) — 82% off, so the box reserved before load is the wrong shape (ceiling 25%)
            article > div.inspire-prose > figure.group.relative.my-6 > img.h-auto.w-auto.max-w-full  ⟨img · not a link · alt="Sekuntum bunga manggar besar daripada jaluran kertas perada ungu, merah jambu dan perak, dipacak pada batang merah dan diangkat tinggi di atas kepala orang ramai di luar rumah. Tetamu bertopi, berkaca mata hitam dan bertudung kelihatan di bawahnya."⟩
            "nan/1787707650814-images-s-bunga-manggar-tetamu-ayyand/high.webp"
[FAIL] /artikel/ucapan-doa/doa-majlis-perkahwinan @1024 13 violation(s)  empty:0 rail:0 narrow:12 measure:0 clipped:0 over:0 clip:1 upscale:0 aspect:0 attr:2 unmeasurable:0 R2:0 R6:0 H6:0 H6.6:0 · +2 advisory
        narrow-text-column ×12
          100.7px column, 2 lines, box 101x61px (floor 120px)
            tbody > tr > td > p  ⟨p · not a link⟩
            "Isi kandungan"
          83.7px column, 2 lines, box 84x61px (floor 120px)
            tbody > tr > th > p  ⟨p · not a link⟩
            "Tempoh bacaan"
          104.5px column, 3 lines, box 105x92px (floor 120px)
            tbody > tr > th > p  ⟨p · not a link⟩
            "Isi kandungan doa"
          112.5px column, 3 lines, box 112x92px (floor 120px)
            tbody > tr > th > p  ⟨p · not a link⟩
            "Doa kenduri kahwin"
          … and 8 more
        scroll-container-clip ×1
          right edge 629.1px past its scroller's client box, which ends at 620.0px (scroller 580px wide, content 590px, overflow-x: auto, affordance: none) — the viewport is 1024px, so CHECK 2 DOES NOT SEE THIS
            div.table-scroll-wrapper > table > colgroup > col  ⟨col · not a link⟩
        image-attr-aspect ×2
          declared width="1200" height="800" (1.50:1) for a 2400x3600 file (0.67:1) — 125% off, so the box reserved before load is the wrong shape (ceiling 25%)
            article > div.inspire-prose > figure.group.relative.my-6 > img.h-auto.w-auto.max-w-full  ⟨img · not a link · alt="Seorang qari berserban dan berjubah hitam membaca doa daripada kitab sambil memakai mikrofon kepala, dikelilingi jemaah bersongkok di dalam sebuah masjid."⟩
            "7707650814-images-s-majlis-doa-selamat-ahmad-ali-karim/high.webp"
          declared width="1200" height="800" (1.50:1) for a 2400x2912 file (0.82:1) — 82% off, so the box reserved before load is the wrong shape (ceiling 25%)
            article > div.inspire-prose > figure.group.relative.my-6 > img.h-auto.w-auto.max-w-full  ⟨img · not a link · alt="Sekuntum bunga manggar besar daripada jaluran kertas perada ungu, merah jambu dan perak, dipacak pada batang merah dan diangkat tinggi di atas kepala orang ramai di luar rumah. Tetamu bertopi, berkaca mata hitam dan bertudung kelihatan di bawahnya."⟩
            "nan/1787707650814-images-s-bunga-manggar-tetamu-ayyand/high.webp"
[FAIL] /artikel/ucapan-doa/doa-majlis-perkahwinan @1440 12 violation(s)  empty:0 rail:0 narrow:12 measure:0 clipped:0 over:0 clip:0 upscale:0 aspect:0 attr:2 unmeasurable:0 R2:0 R6:0 H6:0 H6.6:0 · +2 advisory
        narrow-text-column ×12
          101.0px column, 2 lines, box 101x61px (floor 120px)
            tbody > tr > td > p  ⟨p · not a link⟩
            "Isi kandungan"
          84.3px column, 2 lines, box 84x61px (floor 120px)
            tbody > tr > th > p  ⟨p · not a link⟩
            "Tempoh bacaan"
          105.5px column, 3 lines, box 106x92px (floor 120px)
            tbody > tr > th > p  ⟨p · not a link⟩
            "Isi kandungan doa"
          113.3px column, 3 lines, box 113x92px (floor 120px)
            tbody > tr > th > p  ⟨p · not a link⟩
            "Doa kenduri kahwin"
          … and 8 more
        image-attr-aspect ×2
          declared width="1200" height="800" (1.50:1) for a 2400x3600 file (0.67:1) — 125% off, so the box reserved before load is the wrong shape (ceiling 25%)
            article > div.inspire-prose > figure.group.relative.my-6 > img.h-auto.w-auto.max-w-full  ⟨img · not a link · alt="Seorang qari berserban dan berjubah hitam membaca doa daripada kitab sambil memakai mikrofon kepala, dikelilingi jemaah bersongkok di dalam sebuah masjid."⟩
            "7707650814-images-s-majlis-doa-selamat-ahmad-ali-karim/high.webp"
          declared width="1200" height="800" (1.50:1) for a 2400x2912 file (0.82:1) — 82% off, so the box reserved before load is the wrong shape (ceiling 25%)
            article > div.inspire-prose > figure.group.relative.my-6 > img.h-auto.w-auto.max-w-full  ⟨img · not a link · alt="Sekuntum bunga manggar besar daripada jaluran kertas perada ungu, merah jambu dan perak, dipacak pada batang merah dan diangkat tinggi di atas kepala orang ramai di luar rumah. Tetamu bertopi, berkaca mata hitam dan bertudung kelihatan di bawahnya."⟩
            "nan/1787707650814-images-s-bunga-manggar-tetamu-ayyand/high.webp"
[FAIL] /artikel/ucapan-doa/doa-majlis-perkahwinan @1920 12 violation(s)  empty:0 rail:0 narrow:12 measure:0 clipped:0 over:0 clip:0 upscale:0 aspect:0 attr:2 unmeasurable:0 R2:0 R6:0 H6:0 H6.6:0 · +2 advisory
        narrow-text-column ×12
          101.0px column, 2 lines, box 101x61px (floor 120px)
            tbody > tr > td > p  ⟨p · not a link⟩
            "Isi kandungan"
          84.3px column, 2 lines, box 84x61px (floor 120px)
            tbody > tr > th > p  ⟨p · not a link⟩
            "Tempoh bacaan"
          105.5px column, 3 lines, box 106x92px (floor 120px)
            tbody > tr > th > p  ⟨p · not a link⟩
            "Isi kandungan doa"
          113.3px column, 3 lines, box 113x92px (floor 120px)
            tbody > tr > th > p  ⟨p · not a link⟩
            "Doa kenduri kahwin"
          … and 8 more
        image-attr-aspect ×2
          declared width="1200" height="800" (1.50:1) for a 2400x3600 file (0.67:1) — 125% off, so the box reserved before load is the wrong shape (ceiling 25%)
            article > div.inspire-prose > figure.group.relative.my-6 > img.h-auto.w-auto.max-w-full  ⟨img · not a link · alt="Seorang qari berserban dan berjubah hitam membaca doa daripada kitab sambil memakai mikrofon kepala, dikelilingi jemaah bersongkok di dalam sebuah masjid."⟩
            "7707650814-images-s-majlis-doa-selamat-ahmad-ali-karim/high.webp"
          declared width="1200" height="800" (1.50:1) for a 2400x2912 file (0.82:1) — 82% off, so the box reserved before load is the wrong shape (ceiling 25%)
            article > div.inspire-prose > figure.group.relative.my-6 > img.h-auto.w-auto.max-w-full  ⟨img · not a link · alt="Sekuntum bunga manggar besar daripada jaluran kertas perada ungu, merah jambu dan perak, dipacak pada batang merah dan diangkat tinggi di atas kepala orang ramai di luar rumah. Tetamu bertopi, berkaca mata hitam dan bertudung kelihatan di bawahnya."⟩
            "nan/1787707650814-images-s-bunga-manggar-tetamu-ayyand/high.webp"
[FAIL] /artikel/hantaran-mas-kahwin/adat-hantaran-berbeza-negeri @390 18 violation(s)  empty:0 rail:0 narrow:18 measure:0 clipped:0 over:0 clip:0 upscale:0 aspect:0 attr:0 unmeasurable:0 R2:0 R6:0 H6:0 H6.6:0
        narrow-text-column ×18
          119.6px column, 2 lines, box 120x58px (floor 120px)
            tbody > tr > th > p  ⟨p · not a link⟩
            "Apa yang direkodkan"
          86.4px column, 6 lines, box 86x174px (floor 120px)
            tbody > tr > td > p  ⟨p · not a link⟩
            "Duit hantaran dikira sebagai mas kahwin"
          119.6px column, 9 lines, box 120x261px (floor 120px)
            tbody > tr > td > p  ⟨p · not a link⟩
            ""Sekiranya terdapat wang hantaran daripada pihak lelaki, ian"
          104.1px column, 9 lines, box 104x261px (floor 120px)
            tbody > tr > td > p  ⟨p · not a link⟩
            "Fatwa diwartakan 4 Februari 2010, Sel. P.U. 3; Jabatan Mufti"
          … and 14 more
[FAIL] /artikel/hantaran-mas-kahwin/adat-hantaran-berbeza-negeri @768 7 violation(s)  empty:0 rail:0 narrow:6 measure:1 clipped:0 over:0 clip:0 upscale:0 aspect:0 attr:0 unmeasurable:0 R2:0 R6:0 H6:0 H6.6:0
        narrow-text-column ×6
          106.7px column, 5 lines, box 107x150px (floor 120px)
            tbody > tr > td > p  ⟨p · not a link⟩
            "Duit hantaran dikira sebagai mas kahwin"
          106.7px column, 6 lines, box 107x180px (floor 120px)
            tbody > tr > td > p  ⟨p · not a link⟩
            "Balasan pihak perempuan lebih banyak dan lebih bernilai"
          106.7px column, 4 lines, box 107x120px (floor 120px)
            tbody > tr > td > p  ⟨p · not a link⟩
            "Hadiah kepada kakak yang belum berkahwin"
          106.7px column, 4 lines, box 107x120px (floor 120px)
            tbody > tr > td > p  ⟨p · not a link⟩
            "Bayaran duit hantaran dibahagi dua hari"
          … and 2 more
        reading-measure ×1
          100.6 characters per line — 704px column at 14.0px (ceiling 75)
            aside.hk-rail > div.hk-rail-block > ul.hk-rail-sources > li  ⟨li · not a link⟩
            "e-musykil 2019, dan Che Zaharah Abdullah dan rakan-rakan, pr"
[FAIL] /artikel/hantaran-mas-kahwin/adat-hantaran-berbeza-negeri @1024 6 violation(s)  empty:0 rail:0 narrow:6 measure:0 clipped:0 over:0 clip:0 upscale:0 aspect:0 attr:0 unmeasurable:0 R2:0 R6:0 H6:0 H6.6:0
        narrow-text-column ×6
          106.7px column, 5 lines, box 107x153px (floor 120px)
            tbody > tr > td > p  ⟨p · not a link⟩
            "Duit hantaran dikira sebagai mas kahwin"
          106.7px column, 6 lines, box 107x184px (floor 120px)
            tbody > tr > td > p  ⟨p · not a link⟩
            "Balasan pihak perempuan lebih banyak dan lebih bernilai"
          106.7px column, 5 lines, box 107x153px (floor 120px)
            tbody > tr > td > p  ⟨p · not a link⟩
            "Hadiah kepada kakak yang belum berkahwin"
          106.7px column, 4 lines, box 107x122px (floor 120px)
            tbody > tr > td > p  ⟨p · not a link⟩
            "Bayaran duit hantaran dibahagi dua hari"
          … and 2 more
[FAIL] /artikel/hantaran-mas-kahwin/adat-hantaran-berbeza-negeri @1440 6 violation(s)  empty:0 rail:0 narrow:6 measure:0 clipped:0 over:0 clip:0 upscale:0 aspect:0 attr:0 unmeasurable:0 R2:0 R6:0 H6:0 H6.6:0
        narrow-text-column ×6
          109.4px column, 5 lines, box 109x153px (floor 120px)
            tbody > tr > td > p  ⟨p · not a link⟩
            "Duit hantaran dikira sebagai mas kahwin"
          109.4px column, 6 lines, box 109x184px (floor 120px)
            tbody > tr > td > p  ⟨p · not a link⟩
            "Balasan pihak perempuan lebih banyak dan lebih bernilai"
          109.4px column, 4 lines, box 109x122px (floor 120px)
            tbody > tr > td > p  ⟨p · not a link⟩
            "Hadiah kepada kakak yang belum berkahwin"
          109.4px column, 4 lines, box 109x122px (floor 120px)
            tbody > tr > td > p  ⟨p · not a link⟩
            "Bayaran duit hantaran dibahagi dua hari"
          … and 2 more
[FAIL] /artikel/hantaran-mas-kahwin/adat-hantaran-berbeza-negeri @1920 6 violation(s)  empty:0 rail:0 narrow:6 measure:0 clipped:0 over:0 clip:0 upscale:0 aspect:0 attr:0 unmeasurable:0 R2:0 R6:0 H6:0 H6.6:0
        narrow-text-column ×6
          109.4px column, 5 lines, box 109x153px (floor 120px)
            tbody > tr > td > p  ⟨p · not a link⟩
            "Duit hantaran dikira sebagai mas kahwin"
          109.4px column, 6 lines, box 109x184px (floor 120px)
            tbody > tr > td > p  ⟨p · not a link⟩
            "Balasan pihak perempuan lebih banyak dan lebih bernilai"
          109.4px column, 4 lines, box 109x122px (floor 120px)
            tbody > tr > td > p  ⟨p · not a link⟩
            "Hadiah kepada kakak yang belum berkahwin"
          109.4px column, 4 lines, box 109x122px (floor 120px)
            tbody > tr > td > p  ⟨p · not a link⟩
            "Bayaran duit hantaran dibahagi dua hari"
          … and 2 more
[FAIL] /artikel/idea-dan-nasihat/cara-buat-kad-kahwin-digital @390 26 violation(s)  empty:0 rail:0 narrow:26 measure:0 clipped:0 over:0 clip:0 upscale:0 aspect:0 attr:0 unmeasurable:0 R2:0 R6:0 H6:0 H6.6:0
        narrow-text-column ×26
          107.7px column, 3 lines, box 108x87px (floor 120px)
            tbody > tr > th > p  ⟨p · not a link⟩
            "Kad Kahwin Biasa"
          92.5px column, 3 lines, box 93x87px (floor 120px)
            tbody > tr > th > p  ⟨p · not a link⟩
            "Kad Kahwin Digital"
          107.7px column, 2 lines, box 108x58px (floor 120px)
            tbody > tr > td > p  ⟨p · not a link⟩
            "Dicetak pada kertas / kad"
          92.5px column, 6 lines, box 93x174px (floor 120px)
            tbody > tr > td > p  ⟨p · not a link⟩
            "Dalam bentuk link, gambar, poster, video atau microsite"
          … and 22 more
[ ok ] /artikel/idea-dan-nasihat/cara-buat-kad-kahwin-digital @768 0 violation(s)  empty:0 rail:0 narrow:0 measure:0 clipped:0 over:0 clip:0 upscale:0 aspect:0 attr:0 unmeasurable:0 R2:0 R6:0 H6:0 H6.6:0
[ ok ] /artikel/idea-dan-nasihat/cara-buat-kad-kahwin-digital @1024 0 violation(s)  empty:0 rail:0 narrow:0 measure:0 clipped:0 over:0 clip:0 upscale:0 aspect:0 attr:0 unmeasurable:0 R2:0 R6:0 H6:0 H6.6:0
[ ok ] /artikel/idea-dan-nasihat/cara-buat-kad-kahwin-digital @1440 0 violation(s)  empty:0 rail:0 narrow:0 measure:0 clipped:0 over:0 clip:0 upscale:0 aspect:0 attr:0 unmeasurable:0 R2:0 R6:0 H6:0 H6.6:0
[ ok ] /artikel/idea-dan-nasihat/cara-buat-kad-kahwin-digital @1920 0 violation(s)  empty:0 rail:0 narrow:0 measure:0 clipped:0 over:0 clip:0 upscale:0 aspect:0 attr:0 unmeasurable:0 R2:0 R6:0 H6:0 H6.6:0
[FAIL] /artikel/hantaran-mas-kahwin/adat-hantaran-ikut-keluarga @390 11 violation(s)  empty:0 rail:0 narrow:11 measure:0 clipped:0 over:0 clip:0 upscale:0 aspect:0 attr:0 unmeasurable:0 R2:0 R6:0 H6:0 H6.6:0
        narrow-text-column ×11
          115.4px column, 2 lines, box 115x58px (floor 120px)
            tbody > tr > th > p  ⟨p · not a link⟩
            "Barang yang disenaraikan"
          72.7px column, 3 lines, box 73x87px (floor 120px)
            tbody > tr > th > p  ⟨p · not a link⟩
            "Yang ketara tiada"
          103.3px column, 7 lines, box 103x203px (floor 120px)
            tbody > tr > td > p  ⟨p · not a link⟩
            "Portal Pemetaan Budaya JKKN, adat perkahwinan Melayu Sarawak"
          115.4px column, 15 lines, box 115x435px (floor 120px)
            tbody > tr > td > p  ⟨p · not a link⟩
            "Wang tunai, cincin pertunangan, persalinan atau kain bermutu"
          … and 7 more
[FAIL] /artikel/hantaran-mas-kahwin/adat-hantaran-ikut-keluarga @768 4 violation(s)  empty:0 rail:0 narrow:4 measure:0 clipped:0 over:0 clip:0 upscale:0 aspect:0 attr:0 unmeasurable:0 R2:0 R6:0 H6:0 H6.6:0
        narrow-text-column ×4
          119.5px column, 2 lines, box 120x60px (floor 120px)
            tbody > tr > th > p  ⟨p · not a link⟩
            "Yang ketara tiada"
          119.5px column, 2 lines, box 120x60px (floor 120px)
            tbody > tr > td > p  ⟨p · not a link⟩
            "Tepak sirih, bunga rampai"
          119.5px column, 2 lines, box 120x60px (floor 120px)
            tbody > tr > td > p  ⟨p · not a link⟩
            "Beg tangan, kasut"
          119.5px column, 7 lines, box 120x209px (floor 120px)
            tbody > tr > td > p  ⟨p · not a link⟩
            "Semua barang. Ruangan busana, peralatan dan bahan dibiarkan "
[FAIL] /artikel/hantaran-mas-kahwin/adat-hantaran-ikut-keluarga @1024 4 violation(s)  empty:0 rail:0 narrow:4 measure:0 clipped:0 over:0 clip:0 upscale:0 aspect:0 attr:0 unmeasurable:0 R2:0 R6:0 H6:0 H6.6:0
        narrow-text-column ×4
          119.5px column, 2 lines, box 119x61px (floor 120px)
            tbody > tr > th > p  ⟨p · not a link⟩
            "Yang ketara tiada"
          119.5px column, 2 lines, box 119x61px (floor 120px)
            tbody > tr > td > p  ⟨p · not a link⟩
            "Tepak sirih, bunga rampai"
          119.5px column, 2 lines, box 119x61px (floor 120px)
            tbody > tr > td > p  ⟨p · not a link⟩
            "Beg tangan, kasut"
          119.5px column, 7 lines, box 119x214px (floor 120px)
            tbody > tr > td > p  ⟨p · not a link⟩
            "Semua barang. Ruangan busana, peralatan dan bahan dibiarkan "
[ ok ] /artikel/hantaran-mas-kahwin/adat-hantaran-ikut-keluarga @1440 0 violation(s)  empty:0 rail:0 narrow:0 measure:0 clipped:0 over:0 clip:0 upscale:0 aspect:0 attr:0 unmeasurable:0 R2:0 R6:0 H6:0 H6.6:0
[ ok ] /artikel/hantaran-mas-kahwin/adat-hantaran-ikut-keluarga @1920 0 violation(s)  empty:0 rail:0 narrow:0 measure:0 clipped:0 over:0 clip:0 upscale:0 aspect:0 attr:0 unmeasurable:0 R2:0 R6:0 H6:0 H6.6:0
[ ok ] /artikel/real-wedding/cheong-fatt-tze-mansion @390 0 violation(s)  empty:0 rail:0 narrow:0 measure:0 clipped:0 over:0 clip:0 upscale:0 aspect:0 attr:5 unmeasurable:0 R2:0 R6:0 H6:0 H6.6:0 · +5 advisory
        image-attr-aspect ×5
          declared width="1200" height="800" (1.50:1) for a 2400x3600 file (0.67:1) — 125% off, so the box reserved before load is the wrong shape (ceiling 25%)
            article > div.inspire-prose > div.group.relative.lg:mx-auto > img.h-auto.w-auto.max-w-full  ⟨img · not a link · alt=null⟩
            "050-RW-AmeirFikriIrynnaDuncanCheongFattTzeMansion-7-68/high.webp"
          declared width="1200" height="800" (1.50:1) for a 2400x3600 file (0.67:1) — 125% off, so the box reserved before load is the wrong shape (ceiling 25%)
            article > div.inspire-prose > div.group.relative.lg:mx-auto > img.h-auto.w-auto.max-w-full  ⟨img · not a link · alt=null⟩
            "472-RW-AmeirFikriIrynnaDuncanCheongFattTzeMansion-13-6/high.webp"
          declared width="1200" height="800" (1.50:1) for a 2400x3600 file (0.67:1) — 125% off, so the box reserved before load is the wrong shape (ceiling 25%)
            article > div.inspire-prose > div.group.relative.lg:mx-auto > img.h-auto.w-auto.max-w-full  ⟨img · not a link · alt=null⟩
            "001-RW-AmeirFikriIrynnaDuncanCheongFattTzeMansion-14-6/high.webp"
          declared width="1200" height="800" (1.50:1) for a 2400x3600 file (0.67:1) — 125% off, so the box reserved before load is the wrong shape (ceiling 25%)
            article > div.inspire-prose > div.group.relative.lg:mx-auto > img.h-auto.w-auto.max-w-full  ⟨img · not a link · alt=null⟩
            "354-RW-AmeirFikriIrynnaDuncanCheongFattTzeMansion-19-6/high.webp"
          … and 1 more
[FAIL] /artikel/real-wedding/cheong-fatt-tze-mansion @768 3 violation(s)  empty:0 rail:0 narrow:0 measure:3 clipped:0 over:0 clip:0 upscale:0 aspect:0 attr:5 unmeasurable:0 R2:0 R6:0 H6:0 H6.6:0 · +5 advisory
        reading-measure ×3
          81.3 characters per line — 610px column at 15.0px (ceiling 75)
            div > a.s-row > div > h3.t  ⟨h3 · link → /artikel/real-wedding/yasaka-shrine⟩
            "Perkahwinan Jepun di Yasaka Shrine & Majlis Resepsi Bertemak"
          81.3 characters per line — 610px column at 15.0px (ceiling 75)
            div > a.s-row > div > h3.t  ⟨h3 · link → /artikel/real-wedding/sentosa-janda-baik⟩
            "Majlis Perkahwinan Penuh Nilai Budaya di Sentosa, Janda Baik"
          81.3 characters per line — 610px column at 15.0px (ceiling 75)
            div > a.s-row > div > h3.t  ⟨h3 · link → /artikel/real-wedding/villa-warisan⟩
            "Villa Warisan: Majlis Perkahwinan Tradisional di Lokasi Bern"
        image-attr-aspect ×5
          declared width="1200" height="800" (1.50:1) for a 2400x3600 file (0.67:1) — 125% off, so the box reserved before load is the wrong shape (ceiling 25%)
            article > div.inspire-prose > div.group.relative.lg:mx-auto > img.h-auto.w-auto.max-w-full  ⟨img · not a link · alt=null⟩
            "050-RW-AmeirFikriIrynnaDuncanCheongFattTzeMansion-7-68/high.webp"
          declared width="1200" height="800" (1.50:1) for a 2400x3600 file (0.67:1) — 125% off, so the box reserved before load is the wrong shape (ceiling 25%)
            article > div.inspire-prose > div.group.relative.lg:mx-auto > img.h-auto.w-auto.max-w-full  ⟨img · not a link · alt=null⟩
            "472-RW-AmeirFikriIrynnaDuncanCheongFattTzeMansion-13-6/high.webp"
          declared width="1200" height="800" (1.50:1) for a 2400x3600 file (0.67:1) — 125% off, so the box reserved before load is the wrong shape (ceiling 25%)
            article > div.inspire-prose > div.group.relative.lg:mx-auto > img.h-auto.w-auto.max-w-full  ⟨img · not a link · alt=null⟩
            "001-RW-AmeirFikriIrynnaDuncanCheongFattTzeMansion-14-6/high.webp"
          declared width="1200" height="800" (1.50:1) for a 2400x3600 file (0.67:1) — 125% off, so the box reserved before load is the wrong shape (ceiling 25%)
            article > div.inspire-prose > div.group.relative.lg:mx-auto > img.h-auto.w-auto.max-w-full  ⟨img · not a link · alt=null⟩
            "354-RW-AmeirFikriIrynnaDuncanCheongFattTzeMansion-19-6/high.webp"
          … and 1 more
[ ok ] /artikel/real-wedding/cheong-fatt-tze-mansion @1024 0 violation(s)  empty:0 rail:0 narrow:0 measure:0 clipped:0 over:0 clip:0 upscale:0 aspect:0 attr:5 unmeasurable:0 R2:0 R6:0 H6:0 H6.6:0 · +5 advisory
        image-attr-aspect ×5
          declared width="1200" height="800" (1.50:1) for a 2400x3600 file (0.67:1) — 125% off, so the box reserved before load is the wrong shape (ceiling 25%)
            article > div.inspire-prose > div.group.relative.lg:mx-auto > img.h-auto.w-auto.max-w-full  ⟨img · not a link · alt=null⟩
            "050-RW-AmeirFikriIrynnaDuncanCheongFattTzeMansion-7-68/high.webp"
          declared width="1200" height="800" (1.50:1) for a 2400x3600 file (0.67:1) — 125% off, so the box reserved before load is the wrong shape (ceiling 25%)
            article > div.inspire-prose > div.group.relative.lg:mx-auto > img.h-auto.w-auto.max-w-full  ⟨img · not a link · alt=null⟩
            "472-RW-AmeirFikriIrynnaDuncanCheongFattTzeMansion-13-6/high.webp"
          declared width="1200" height="800" (1.50:1) for a 2400x3600 file (0.67:1) — 125% off, so the box reserved before load is the wrong shape (ceiling 25%)
            article > div.inspire-prose > div.group.relative.lg:mx-auto > img.h-auto.w-auto.max-w-full  ⟨img · not a link · alt=null⟩
            "001-RW-AmeirFikriIrynnaDuncanCheongFattTzeMansion-14-6/high.webp"
          declared width="1200" height="800" (1.50:1) for a 2400x3600 file (0.67:1) — 125% off, so the box reserved before load is the wrong shape (ceiling 25%)
            article > div.inspire-prose > div.group.relative.lg:mx-auto > img.h-auto.w-auto.max-w-full  ⟨img · not a link · alt=null⟩
            "354-RW-AmeirFikriIrynnaDuncanCheongFattTzeMansion-19-6/high.webp"
          … and 1 more
[FAIL] /artikel/real-wedding/cheong-fatt-tze-mansion @1440 3 violation(s)  empty:0 rail:0 narrow:0 measure:3 clipped:0 over:0 clip:0 upscale:0 aspect:0 attr:5 unmeasurable:0 R2:0 R6:0 H6:0 H6.6:0 · +5 advisory
        reading-measure ×3
          88.0 characters per line — 924px column at 21.0px (ceiling 75)
            div > a.s-row > div > h3.t  ⟨h3 · link → /artikel/real-wedding/yasaka-shrine⟩
            "Perkahwinan Jepun di Yasaka Shrine & Majlis Resepsi Bertemak"
          88.0 characters per line — 924px column at 21.0px (ceiling 75)
            div > a.s-row > div > h3.t  ⟨h3 · link → /artikel/real-wedding/sentosa-janda-baik⟩
            "Majlis Perkahwinan Penuh Nilai Budaya di Sentosa, Janda Baik"
          88.0 characters per line — 924px column at 21.0px (ceiling 75)
            div > a.s-row > div > h3.t  ⟨h3 · link → /artikel/real-wedding/villa-warisan⟩
            "Villa Warisan: Majlis Perkahwinan Tradisional di Lokasi Bern"
        image-attr-aspect ×5
          declared width="1200" height="800" (1.50:1) for a 2400x3600 file (0.67:1) — 125% off, so the box reserved before load is the wrong shape (ceiling 25%)
            article > div.inspire-prose > div.group.relative.lg:mx-auto > img.h-auto.w-auto.max-w-full  ⟨img · not a link · alt=null⟩
            "050-RW-AmeirFikriIrynnaDuncanCheongFattTzeMansion-7-68/high.webp"
          declared width="1200" height="800" (1.50:1) for a 2400x3600 file (0.67:1) — 125% off, so the box reserved before load is the wrong shape (ceiling 25%)
            article > div.inspire-prose > div.group.relative.lg:mx-auto > img.h-auto.w-auto.max-w-full  ⟨img · not a link · alt=null⟩
            "472-RW-AmeirFikriIrynnaDuncanCheongFattTzeMansion-13-6/high.webp"
          declared width="1200" height="800" (1.50:1) for a 2400x3600 file (0.67:1) — 125% off, so the box reserved before load is the wrong shape (ceiling 25%)
            article > div.inspire-prose > div.group.relative.lg:mx-auto > img.h-auto.w-auto.max-w-full  ⟨img · not a link · alt=null⟩
            "001-RW-AmeirFikriIrynnaDuncanCheongFattTzeMansion-14-6/high.webp"
          declared width="1200" height="800" (1.50:1) for a 2400x3600 file (0.67:1) — 125% off, so the box reserved before load is the wrong shape (ceiling 25%)
            article > div.inspire-prose > div.group.relative.lg:mx-auto > img.h-auto.w-auto.max-w-full  ⟨img · not a link · alt=null⟩
            "354-RW-AmeirFikriIrynnaDuncanCheongFattTzeMansion-19-6/high.webp"
          … and 1 more
[ ok ] /artikel/real-wedding/cheong-fatt-tze-mansion @1920 0 violation(s)  empty:0 rail:0 narrow:0 measure:0 clipped:0 over:0 clip:0 upscale:0 aspect:0 attr:5 unmeasurable:0 R2:0 R6:0 H6:0 H6.6:0 · +5 advisory
        image-attr-aspect ×5
          declared width="1200" height="800" (1.50:1) for a 2400x3600 file (0.67:1) — 125% off, so the box reserved before load is the wrong shape (ceiling 25%)
            article > div.inspire-prose > div.group.relative.lg:mx-auto > img.h-auto.w-auto.max-w-full  ⟨img · not a link · alt=null⟩
            "050-RW-AmeirFikriIrynnaDuncanCheongFattTzeMansion-7-68/high.webp"
          declared width="1200" height="800" (1.50:1) for a 2400x3600 file (0.67:1) — 125% off, so the box reserved before load is the wrong shape (ceiling 25%)
            article > div.inspire-prose > div.group.relative.lg:mx-auto > img.h-auto.w-auto.max-w-full  ⟨img · not a link · alt=null⟩
            "472-RW-AmeirFikriIrynnaDuncanCheongFattTzeMansion-13-6/high.webp"
          declared width="1200" height="800" (1.50:1) for a 2400x3600 file (0.67:1) — 125% off, so the box reserved before load is the wrong shape (ceiling 25%)
            article > div.inspire-prose > div.group.relative.lg:mx-auto > img.h-auto.w-auto.max-w-full  ⟨img · not a link · alt=null⟩
            "001-RW-AmeirFikriIrynnaDuncanCheongFattTzeMansion-14-6/high.webp"
          declared width="1200" height="800" (1.50:1) for a 2400x3600 file (0.67:1) — 125% off, so the box reserved before load is the wrong shape (ceiling 25%)
            article > div.inspire-prose > div.group.relative.lg:mx-auto > img.h-auto.w-auto.max-w-full  ⟨img · not a link · alt=null⟩
            "354-RW-AmeirFikriIrynnaDuncanCheongFattTzeMansion-19-6/high.webp"
          … and 1 more
[FAIL] /artikel/venue-perancangan/harga-sewa-dewan-kahwin @390 8 violation(s)  empty:0 rail:0 narrow:8 measure:0 clipped:0 over:0 clip:0 upscale:0 aspect:0 attr:1 unmeasurable:0 R2:0 R6:0 H6:0 H6.6:0 · +1 advisory
        narrow-text-column ×8
          63.8px column, 3 lines, box 64x87px (floor 120px)
            tbody > tr > th > p  ⟨p · not a link⟩
            "Sewa satu sesi"
          72.4px column, 3 lines, box 72x87px (floor 120px)
            tbody > tr > th > p  ⟨p · not a link⟩
            "Majlis, hari biasa"
          73.3px column, 2 lines, box 73x58px (floor 120px)
            tbody > tr > th > p  ⟨p · not a link⟩
            "Majlis, cuti am"
          94.2px column, 2 lines, box 94x58px (floor 120px)
            tbody > tr > th > p  ⟨p · not a link⟩
            "Persiapan, hari biasa"
          … and 4 more
        image-attr-aspect ×1
          declared width="1200" height="800" (1.50:1) for a 1080x1080 file (1.00:1) — 50% off, so the box reserved before load is the wrong shape (ceiling 25%)
            article > div.inspire-prose > figure.group.relative.my-6 > img.h-auto.w-auto.max-w-full  ⟨img · not a link · alt="Kenduri kahwin di halaman rumah kampung di bawah bumbung terbuka. Satu meja panjang beralas putih menempatkan dulang pemanas hidangan buffet, dua meja panjang lagi dipenuhi tetamu lelaki yang sedang makan, dan motosikal serta rumah kampung kelihatan di belakang."⟩
            "87707807262-images-s-kenduri-khemah-terengganu-irwandy/high.webp"
[FAIL] /artikel/venue-perancangan/harga-sewa-dewan-kahwin @768 4 violation(s)  empty:0 rail:0 narrow:4 measure:0 clipped:0 over:0 clip:0 upscale:0 aspect:0 attr:1 unmeasurable:0 R2:0 R6:0 H6:0 H6.6:0 · +1 advisory
        narrow-text-column ×4
          89.9px column, 2 lines, box 90x60px (floor 120px)
            tbody > tr > th > p  ⟨p · not a link⟩
            "Sewa satu sesi"
          93.8px column, 2 lines, box 94x60px (floor 120px)
            tbody > tr > th > p  ⟨p · not a link⟩
            "Majlis, hari biasa"
          89.2px column, 2 lines, box 89x60px (floor 120px)
            tbody > tr > th > p  ⟨p · not a link⟩
            "Majlis, cuti am"
          119.4px column, 2 lines, box 119x60px (floor 120px)
            tbody > tr > th > p  ⟨p · not a link⟩
            "Persiapan, hari biasa"
        image-attr-aspect ×1
          declared width="1200" height="800" (1.50:1) for a 1080x1080 file (1.00:1) — 50% off, so the box reserved before load is the wrong shape (ceiling 25%)
            article > div.inspire-prose > figure.group.relative.my-6 > img.h-auto.w-auto.max-w-full  ⟨img · not a link · alt="Kenduri kahwin di halaman rumah kampung di bawah bumbung terbuka. Satu meja panjang beralas putih menempatkan dulang pemanas hidangan buffet, dua meja panjang lagi dipenuhi tetamu lelaki yang sedang makan, dan motosikal serta rumah kampung kelihatan di belakang."⟩
            "87707807262-images-s-kenduri-khemah-terengganu-irwandy/high.webp"
[FAIL] /artikel/venue-perancangan/harga-sewa-dewan-kahwin @1024 3 violation(s)  empty:0 rail:0 narrow:3 measure:0 clipped:0 over:0 clip:0 upscale:0 aspect:0 attr:1 unmeasurable:0 R2:0 R6:0 H6:0 H6.6:0 · +1 advisory
        narrow-text-column ×3
          90.5px column, 2 lines, box 91x61px (floor 120px)
            tbody > tr > th > p  ⟨p · not a link⟩
            "Sewa satu sesi"
          94.2px column, 2 lines, box 94x61px (floor 120px)
            tbody > tr > th > p  ⟨p · not a link⟩
            "Majlis, hari biasa"
          90.0px column, 2 lines, box 90x61px (floor 120px)
            tbody > tr > th > p  ⟨p · not a link⟩
            "Majlis, cuti am"
        image-attr-aspect ×1
          declared width="1200" height="800" (1.50:1) for a 1080x1080 file (1.00:1) — 50% off, so the box reserved before load is the wrong shape (ceiling 25%)
            article > div.inspire-prose > figure.group.relative.my-6 > img.h-auto.w-auto.max-w-full  ⟨img · not a link · alt="Kenduri kahwin di halaman rumah kampung di bawah bumbung terbuka. Satu meja panjang beralas putih menempatkan dulang pemanas hidangan buffet, dua meja panjang lagi dipenuhi tetamu lelaki yang sedang makan, dan motosikal serta rumah kampung kelihatan di belakang."⟩
            "87707807262-images-s-kenduri-khemah-terengganu-irwandy/high.webp"
[FAIL] /artikel/venue-perancangan/harga-sewa-dewan-kahwin @1440 3 violation(s)  empty:0 rail:0 narrow:3 measure:0 clipped:0 over:0 clip:0 upscale:0 aspect:0 attr:1 unmeasurable:0 R2:0 R6:0 H6:0 H6.6:0 · +1 advisory
        narrow-text-column ×3
          92.1px column, 2 lines, box 92x61px (floor 120px)
            tbody > tr > th > p  ⟨p · not a link⟩
            "Sewa satu sesi"
          96.2px column, 2 lines, box 96x61px (floor 120px)
            tbody > tr > th > p  ⟨p · not a link⟩
            "Majlis, hari biasa"
          91.4px column, 2 lines, box 91x61px (floor 120px)
            tbody > tr > th > p  ⟨p · not a link⟩
            "Majlis, cuti am"
        image-attr-aspect ×1
          declared width="1200" height="800" (1.50:1) for a 1080x1080 file (1.00:1) — 50% off, so the box reserved before load is the wrong shape (ceiling 25%)
            article > div.inspire-prose > figure.group.relative.my-6 > img.h-auto.w-auto.max-w-full  ⟨img · not a link · alt="Kenduri kahwin di halaman rumah kampung di bawah bumbung terbuka. Satu meja panjang beralas putih menempatkan dulang pemanas hidangan buffet, dua meja panjang lagi dipenuhi tetamu lelaki yang sedang makan, dan motosikal serta rumah kampung kelihatan di belakang."⟩
            "87707807262-images-s-kenduri-khemah-terengganu-irwandy/high.webp"
[FAIL] /artikel/venue-perancangan/harga-sewa-dewan-kahwin @1920 3 violation(s)  empty:0 rail:0 narrow:3 measure:0 clipped:0 over:0 clip:0 upscale:0 aspect:0 attr:1 unmeasurable:0 R2:0 R6:0 H6:0 H6.6:0 · +1 advisory
        narrow-text-column ×3
          92.1px column, 2 lines, box 92x61px (floor 120px)
            tbody > tr > th > p  ⟨p · not a link⟩
            "Sewa satu sesi"
          96.2px column, 2 lines, box 96x61px (floor 120px)
            tbody > tr > th > p  ⟨p · not a link⟩
            "Majlis, hari biasa"
          91.4px column, 2 lines, box 91x61px (floor 120px)
            tbody > tr > th > p  ⟨p · not a link⟩
            "Majlis, cuti am"
        image-attr-aspect ×1
          declared width="1200" height="800" (1.50:1) for a 1080x1080 file (1.00:1) — 50% off, so the box reserved before load is the wrong shape (ceiling 25%)
            article > div.inspire-prose > figure.group.relative.my-6 > img.h-auto.w-auto.max-w-full  ⟨img · not a link · alt="Kenduri kahwin di halaman rumah kampung di bawah bumbung terbuka. Satu meja panjang beralas putih menempatkan dulang pemanas hidangan buffet, dua meja panjang lagi dipenuhi tetamu lelaki yang sedang makan, dan motosikal serta rumah kampung kelihatan di belakang."⟩
            "87707807262-images-s-kenduri-khemah-terengganu-irwandy/high.webp"
[ ok ] /artikel/real-wedding/sentosa-janda-baik @390  0 violation(s)  empty:0 rail:0 narrow:0 measure:0 clipped:0 over:0 clip:0 upscale:0 aspect:0 attr:7 unmeasurable:0 R2:0 R6:0 H6:0 H6.6:0 · +7 advisory
        image-attr-aspect ×7
          declared width="683" height="1024" (0.67:1) for a 2400x1600 file (1.50:1) — 56% off, so the box reserved before load is the wrong shape (ceiling 25%)
            article > div.inspire-prose > div.group.relative.lg:mx-auto > img.h-auto.w-auto.max-w-full  ⟨img · not a link · alt=null⟩
            "86003-RW-AzizulSheheraDinieSentosaJandaBaik-2-683x1024/high.webp"
          declared width="1200" height="800" (1.50:1) for a 1707x2560 file (0.67:1) — 125% off, so the box reserved before load is the wrong shape (ceiling 25%)
            article > div.inspire-prose > div.group.relative.lg:mx-auto > img.h-auto.w-auto.max-w-full  ⟨img · not a link · alt=null⟩
            "6897108-RW-AzizulSheheraDinieSentosaJandaBaik-5-scaled/high.webp"
          declared width="1200" height="800" (1.50:1) for a 1707x2420 file (0.71:1) — 113% off, so the box reserved before load is the wrong shape (ceiling 25%)
            article > div.inspire-prose > div.group.relative.lg:mx-auto > img.h-auto.w-auto.max-w-full  ⟨img · not a link · alt=null⟩
            "041-RW-AzizulSheheraDinieSentosaJandaBaik-6-scaled-e17/high.webp"
          declared width="1200" height="800" (1.50:1) for a 1707x2560 file (0.67:1) — 125% off, so the box reserved before load is the wrong shape (ceiling 25%)
            article > div.inspire-prose > div.group.relative.lg:mx-auto > img.h-auto.w-auto.max-w-full  ⟨img · not a link · alt=null⟩
            "923179-RW-AzizulSheheraDinieSentosaJandaBaik-10-scaled/high.webp"
          … and 3 more
[FAIL] /artikel/real-wedding/sentosa-janda-baik @768  3 violation(s)  empty:0 rail:0 narrow:0 measure:3 clipped:0 over:0 clip:0 upscale:0 aspect:0 attr:7 unmeasurable:0 R2:0 R6:0 H6:0 H6.6:0 · +7 advisory
        reading-measure ×3
          81.3 characters per line — 610px column at 15.0px (ceiling 75)
            div > a.s-row > div > h3.t  ⟨h3 · link → /artikel/real-wedding/yasaka-shrine⟩
            "Perkahwinan Jepun di Yasaka Shrine & Majlis Resepsi Bertemak"
          81.3 characters per line — 610px column at 15.0px (ceiling 75)
            div > a.s-row > div > h3.t  ⟨h3 · link → /artikel/real-wedding/cheong-fatt-tze-mansion⟩
            "Perkahwinan Pelbagai Budaya di Cheong Fatt Tze Mansion, Ikon"
          81.3 characters per line — 610px column at 15.0px (ceiling 75)
            div > a.s-row > div > h3.t  ⟨h3 · link → /artikel/real-wedding/villa-warisan⟩
            "Villa Warisan: Majlis Perkahwinan Tradisional di Lokasi Bern"
        image-attr-aspect ×7
          declared width="683" height="1024" (0.67:1) for a 2400x1600 file (1.50:1) — 56% off, so the box reserved before load is the wrong shape (ceiling 25%)
            article > div.inspire-prose > div.group.relative.lg:mx-auto > img.h-auto.w-auto.max-w-full  ⟨img · not a link · alt=null⟩
            "86003-RW-AzizulSheheraDinieSentosaJandaBaik-2-683x1024/high.webp"
          declared width="1200" height="800" (1.50:1) for a 1707x2560 file (0.67:1) — 125% off, so the box reserved before load is the wrong shape (ceiling 25%)
            article > div.inspire-prose > div.group.relative.lg:mx-auto > img.h-auto.w-auto.max-w-full  ⟨img · not a link · alt=null⟩
            "6897108-RW-AzizulSheheraDinieSentosaJandaBaik-5-scaled/high.webp"
          declared width="1200" height="800" (1.50:1) for a 1707x2420 file (0.71:1) — 113% off, so the box reserved before load is the wrong shape (ceiling 25%)
            article > div.inspire-prose > div.group.relative.lg:mx-auto > img.h-auto.w-auto.max-w-full  ⟨img · not a link · alt=null⟩
            "041-RW-AzizulSheheraDinieSentosaJandaBaik-6-scaled-e17/high.webp"
          declared width="1200" height="800" (1.50:1) for a 1707x2560 file (0.67:1) — 125% off, so the box reserved before load is the wrong shape (ceiling 25%)
            article > div.inspire-prose > div.group.relative.lg:mx-auto > img.h-auto.w-auto.max-w-full  ⟨img · not a link · alt=null⟩
            "923179-RW-AzizulSheheraDinieSentosaJandaBaik-10-scaled/high.webp"
          … and 3 more
[ ok ] /artikel/real-wedding/sentosa-janda-baik @1024 0 violation(s)  empty:0 rail:0 narrow:0 measure:0 clipped:0 over:0 clip:0 upscale:0 aspect:0 attr:7 unmeasurable:0 R2:0 R6:0 H6:0 H6.6:0 · +7 advisory
        image-attr-aspect ×7
          declared width="683" height="1024" (0.67:1) for a 2400x1600 file (1.50:1) — 56% off, so the box reserved before load is the wrong shape (ceiling 25%)
            article > div.inspire-prose > div.group.relative.lg:mx-auto > img.h-auto.w-auto.max-w-full  ⟨img · not a link · alt=null⟩
            "86003-RW-AzizulSheheraDinieSentosaJandaBaik-2-683x1024/high.webp"
          declared width="1200" height="800" (1.50:1) for a 1707x2560 file (0.67:1) — 125% off, so the box reserved before load is the wrong shape (ceiling 25%)
            article > div.inspire-prose > div.group.relative.lg:mx-auto > img.h-auto.w-auto.max-w-full  ⟨img · not a link · alt=null⟩
            "6897108-RW-AzizulSheheraDinieSentosaJandaBaik-5-scaled/high.webp"
          declared width="1200" height="800" (1.50:1) for a 1707x2420 file (0.71:1) — 113% off, so the box reserved before load is the wrong shape (ceiling 25%)
            article > div.inspire-prose > div.group.relative.lg:mx-auto > img.h-auto.w-auto.max-w-full  ⟨img · not a link · alt=null⟩
            "041-RW-AzizulSheheraDinieSentosaJandaBaik-6-scaled-e17/high.webp"
          declared width="1200" height="800" (1.50:1) for a 1707x2560 file (0.67:1) — 125% off, so the box reserved before load is the wrong shape (ceiling 25%)
            article > div.inspire-prose > div.group.relative.lg:mx-auto > img.h-auto.w-auto.max-w-full  ⟨img · not a link · alt=null⟩
            "923179-RW-AzizulSheheraDinieSentosaJandaBaik-10-scaled/high.webp"
          … and 3 more
[FAIL] /artikel/real-wedding/sentosa-janda-baik @1440 3 violation(s)  empty:0 rail:0 narrow:0 measure:3 clipped:0 over:0 clip:0 upscale:0 aspect:0 attr:7 unmeasurable:0 R2:0 R6:0 H6:0 H6.6:0 · +7 advisory
        reading-measure ×3
          88.0 characters per line — 924px column at 21.0px (ceiling 75)
            div > a.s-row > div > h3.t  ⟨h3 · link → /artikel/real-wedding/yasaka-shrine⟩
            "Perkahwinan Jepun di Yasaka Shrine & Majlis Resepsi Bertemak"
          88.0 characters per line — 924px column at 21.0px (ceiling 75)
            div > a.s-row > div > h3.t  ⟨h3 · link → /artikel/real-wedding/cheong-fatt-tze-mansion⟩
            "Perkahwinan Pelbagai Budaya di Cheong Fatt Tze Mansion, Ikon"
          88.0 characters per line — 924px column at 21.0px (ceiling 75)
            div > a.s-row > div > h3.t  ⟨h3 · link → /artikel/real-wedding/villa-warisan⟩
            "Villa Warisan: Majlis Perkahwinan Tradisional di Lokasi Bern"
        image-attr-aspect ×7
          declared width="683" height="1024" (0.67:1) for a 2400x1600 file (1.50:1) — 56% off, so the box reserved before load is the wrong shape (ceiling 25%)
            article > div.inspire-prose > div.group.relative.lg:mx-auto > img.h-auto.w-auto.max-w-full  ⟨img · not a link · alt=null⟩
            "86003-RW-AzizulSheheraDinieSentosaJandaBaik-2-683x1024/high.webp"
          declared width="1200" height="800" (1.50:1) for a 1707x2560 file (0.67:1) — 125% off, so the box reserved before load is the wrong shape (ceiling 25%)
            article > div.inspire-prose > div.group.relative.lg:mx-auto > img.h-auto.w-auto.max-w-full  ⟨img · not a link · alt=null⟩
            "6897108-RW-AzizulSheheraDinieSentosaJandaBaik-5-scaled/high.webp"
          declared width="1200" height="800" (1.50:1) for a 1707x2420 file (0.71:1) — 113% off, so the box reserved before load is the wrong shape (ceiling 25%)
            article > div.inspire-prose > div.group.relative.lg:mx-auto > img.h-auto.w-auto.max-w-full  ⟨img · not a link · alt=null⟩
            "041-RW-AzizulSheheraDinieSentosaJandaBaik-6-scaled-e17/high.webp"
          declared width="1200" height="800" (1.50:1) for a 1707x2560 file (0.67:1) — 125% off, so the box reserved before load is the wrong shape (ceiling 25%)
            article > div.inspire-prose > div.group.relative.lg:mx-auto > img.h-auto.w-auto.max-w-full  ⟨img · not a link · alt=null⟩
            "923179-RW-AzizulSheheraDinieSentosaJandaBaik-10-scaled/high.webp"
          … and 3 more
[ ok ] /artikel/real-wedding/sentosa-janda-baik @1920 0 violation(s)  empty:0 rail:0 narrow:0 measure:0 clipped:0 over:0 clip:0 upscale:0 aspect:0 attr:7 unmeasurable:0 R2:0 R6:0 H6:0 H6.6:0 · +7 advisory
        image-attr-aspect ×7
          declared width="683" height="1024" (0.67:1) for a 2400x1600 file (1.50:1) — 56% off, so the box reserved before load is the wrong shape (ceiling 25%)
            article > div.inspire-prose > div.group.relative.lg:mx-auto > img.h-auto.w-auto.max-w-full  ⟨img · not a link · alt=null⟩
            "86003-RW-AzizulSheheraDinieSentosaJandaBaik-2-683x1024/high.webp"
          declared width="1200" height="800" (1.50:1) for a 1707x2560 file (0.67:1) — 125% off, so the box reserved before load is the wrong shape (ceiling 25%)
            article > div.inspire-prose > div.group.relative.lg:mx-auto > img.h-auto.w-auto.max-w-full  ⟨img · not a link · alt=null⟩
            "6897108-RW-AzizulSheheraDinieSentosaJandaBaik-5-scaled/high.webp"
          declared width="1200" height="800" (1.50:1) for a 1707x2420 file (0.71:1) — 113% off, so the box reserved before load is the wrong shape (ceiling 25%)
            article > div.inspire-prose > div.group.relative.lg:mx-auto > img.h-auto.w-auto.max-w-full  ⟨img · not a link · alt=null⟩
            "041-RW-AzizulSheheraDinieSentosaJandaBaik-6-scaled-e17/high.webp"
          declared width="1200" height="800" (1.50:1) for a 1707x2560 file (0.67:1) — 125% off, so the box reserved before load is the wrong shape (ceiling 25%)
            article > div.inspire-prose > div.group.relative.lg:mx-auto > img.h-auto.w-auto.max-w-full  ⟨img · not a link · alt=null⟩
            "923179-RW-AzizulSheheraDinieSentosaJandaBaik-10-scaled/high.webp"
          … and 3 more
[FAIL] /artikel/venue-perancangan/bajet-kahwin @390   4 violation(s)  empty:0 rail:0 narrow:4 measure:0 clipped:0 over:0 clip:0 upscale:0 aspect:0 attr:1 unmeasurable:0 R2:0 R6:0 H6:0 H6.6:0 · +1 advisory
        narrow-text-column ×4
          86.2px column, 2 lines, box 86x58px (floor 120px)
            tbody > tr > th > p  ⟨p · not a link⟩
            "Pihak berkuasa"
          86.2px column, 2 lines, box 86x58px (floor 120px)
            tbody > tr > td > p  ⟨p · not a link⟩
            "MB Diraja Klang"
          86.2px column, 3 lines, box 86x87px (floor 120px)
            tbody > tr > td > p  ⟨p · not a link⟩
            "MB Petaling Jaya"
          86.2px column, 3 lines, box 86x87px (floor 120px)
            tbody > tr > td > p  ⟨p · not a link⟩
            "MB Subang Jaya"
        image-attr-aspect ×1
          declared width="1200" height="800" (1.50:1) for a 1080x1080 file (1.00:1) — 50% off, so the box reserved before load is the wrong shape (ceiling 25%)
            article > div.inspire-prose > figure.group.relative.my-6 > img.h-auto.w-auto.max-w-full  ⟨img · not a link · alt="Kenduri kahwin di halaman rumah kampung di bawah bumbung terbuka. Satu meja panjang beralas putih menempatkan dulang pemanas hidangan buffet, dua meja panjang lagi dipenuhi tetamu lelaki yang sedang makan, dan motosikal serta rumah kampung kelihatan di belakang."⟩
            "87707751640-images-s-kenduri-khemah-terengganu-irwandy/high.webp"
[FAIL] /artikel/venue-perancangan/bajet-kahwin @768   4 violation(s)  empty:0 rail:0 narrow:4 measure:0 clipped:0 over:0 clip:0 upscale:0 aspect:0 attr:1 unmeasurable:0 R2:0 R6:0 H6:0 H6.6:0 · +1 advisory
        narrow-text-column ×4
          100.7px column, 2 lines, box 101x60px (floor 120px)
            tbody > tr > th > p  ⟨p · not a link⟩
            "Pihak berkuasa"
          100.7px column, 2 lines, box 101x60px (floor 120px)
            tbody > tr > td > p  ⟨p · not a link⟩
            "MB Diraja Klang"
          100.7px column, 2 lines, box 101x60px (floor 120px)
            tbody > tr > td > p  ⟨p · not a link⟩
            "MB Petaling Jaya"
          100.7px column, 2 lines, box 101x60px (floor 120px)
            tbody > tr > td > p  ⟨p · not a link⟩
            "MB Subang Jaya"
        image-attr-aspect ×1
          declared width="1200" height="800" (1.50:1) for a 1080x1080 file (1.00:1) — 50% off, so the box reserved before load is the wrong shape (ceiling 25%)
            article > div.inspire-prose > figure.group.relative.my-6 > img.h-auto.w-auto.max-w-full  ⟨img · not a link · alt="Kenduri kahwin di halaman rumah kampung di bawah bumbung terbuka. Satu meja panjang beralas putih menempatkan dulang pemanas hidangan buffet, dua meja panjang lagi dipenuhi tetamu lelaki yang sedang makan, dan motosikal serta rumah kampung kelihatan di belakang."⟩
            "87707751640-images-s-kenduri-khemah-terengganu-irwandy/high.webp"
[FAIL] /artikel/venue-perancangan/bajet-kahwin @1024  4 violation(s)  empty:0 rail:0 narrow:4 measure:0 clipped:0 over:0 clip:0 upscale:0 aspect:0 attr:1 unmeasurable:0 R2:0 R6:0 H6:0 H6.6:0 · +1 advisory
        narrow-text-column ×4
          102.2px column, 2 lines, box 102x61px (floor 120px)
            tbody > tr > th > p  ⟨p · not a link⟩
            "Pihak berkuasa"
          102.2px column, 2 lines, box 102x61px (floor 120px)
            tbody > tr > td > p  ⟨p · not a link⟩
            "MB Diraja Klang"
          102.2px column, 2 lines, box 102x61px (floor 120px)
            tbody > tr > td > p  ⟨p · not a link⟩
            "MB Petaling Jaya"
          102.2px column, 2 lines, box 102x61px (floor 120px)
            tbody > tr > td > p  ⟨p · not a link⟩
            "MB Subang Jaya"
        image-attr-aspect ×1
          declared width="1200" height="800" (1.50:1) for a 1080x1080 file (1.00:1) — 50% off, so the box reserved before load is the wrong shape (ceiling 25%)
            article > div.inspire-prose > figure.group.relative.my-6 > img.h-auto.w-auto.max-w-full  ⟨img · not a link · alt="Kenduri kahwin di halaman rumah kampung di bawah bumbung terbuka. Satu meja panjang beralas putih menempatkan dulang pemanas hidangan buffet, dua meja panjang lagi dipenuhi tetamu lelaki yang sedang makan, dan motosikal serta rumah kampung kelihatan di belakang."⟩
            "87707751640-images-s-kenduri-khemah-terengganu-irwandy/high.webp"
[FAIL] /artikel/venue-perancangan/bajet-kahwin @1440  4 violation(s)  empty:0 rail:0 narrow:4 measure:0 clipped:0 over:0 clip:0 upscale:0 aspect:0 attr:1 unmeasurable:0 R2:0 R6:0 H6:0 H6.6:0 · +1 advisory
        narrow-text-column ×4
          103.0px column, 2 lines, box 103x61px (floor 120px)
            tbody > tr > th > p  ⟨p · not a link⟩
            "Pihak berkuasa"
          103.0px column, 2 lines, box 103x61px (floor 120px)
            tbody > tr > td > p  ⟨p · not a link⟩
            "MB Diraja Klang"
          103.0px column, 2 lines, box 103x61px (floor 120px)
            tbody > tr > td > p  ⟨p · not a link⟩
            "MB Petaling Jaya"
          103.0px column, 2 lines, box 103x61px (floor 120px)
            tbody > tr > td > p  ⟨p · not a link⟩
            "MB Subang Jaya"
        image-attr-aspect ×1
          declared width="1200" height="800" (1.50:1) for a 1080x1080 file (1.00:1) — 50% off, so the box reserved before load is the wrong shape (ceiling 25%)
            article > div.inspire-prose > figure.group.relative.my-6 > img.h-auto.w-auto.max-w-full  ⟨img · not a link · alt="Kenduri kahwin di halaman rumah kampung di bawah bumbung terbuka. Satu meja panjang beralas putih menempatkan dulang pemanas hidangan buffet, dua meja panjang lagi dipenuhi tetamu lelaki yang sedang makan, dan motosikal serta rumah kampung kelihatan di belakang."⟩
            "87707751640-images-s-kenduri-khemah-terengganu-irwandy/high.webp"
[FAIL] /artikel/venue-perancangan/bajet-kahwin @1920  4 violation(s)  empty:0 rail:0 narrow:4 measure:0 clipped:0 over:0 clip:0 upscale:0 aspect:0 attr:1 unmeasurable:0 R2:0 R6:0 H6:0 H6.6:0 · +1 advisory
        narrow-text-column ×4
          103.0px column, 2 lines, box 103x61px (floor 120px)
            tbody > tr > th > p  ⟨p · not a link⟩
            "Pihak berkuasa"
          103.0px column, 2 lines, box 103x61px (floor 120px)
            tbody > tr > td > p  ⟨p · not a link⟩
            "MB Diraja Klang"
          103.0px column, 2 lines, box 103x61px (floor 120px)
            tbody > tr > td > p  ⟨p · not a link⟩
            "MB Petaling Jaya"
          103.0px column, 2 lines, box 103x61px (floor 120px)
            tbody > tr > td > p  ⟨p · not a link⟩
            "MB Subang Jaya"
        image-attr-aspect ×1
          declared width="1200" height="800" (1.50:1) for a 1080x1080 file (1.00:1) — 50% off, so the box reserved before load is the wrong shape (ceiling 25%)
            article > div.inspire-prose > figure.group.relative.my-6 > img.h-auto.w-auto.max-w-full  ⟨img · not a link · alt="Kenduri kahwin di halaman rumah kampung di bawah bumbung terbuka. Satu meja panjang beralas putih menempatkan dulang pemanas hidangan buffet, dua meja panjang lagi dipenuhi tetamu lelaki yang sedang makan, dan motosikal serta rumah kampung kelihatan di belakang."⟩
            "87707751640-images-s-kenduri-khemah-terengganu-irwandy/high.webp"
[ ok ] /artikel/idea-dan-nasihat/pelamin-kahwin-dewan @390 0 violation(s)  empty:0 rail:0 narrow:0 measure:0 clipped:0 over:0 clip:0 upscale:0 aspect:0 attr:0 unmeasurable:0 R2:0 R6:0 H6:0 H6.6:0
[ ok ] /artikel/idea-dan-nasihat/pelamin-kahwin-dewan @768 0 violation(s)  empty:0 rail:0 narrow:0 measure:0 clipped:0 over:0 clip:0 upscale:0 aspect:0 attr:0 unmeasurable:0 R2:0 R6:0 H6:0 H6.6:0
[ ok ] /artikel/idea-dan-nasihat/pelamin-kahwin-dewan @1024 0 violation(s)  empty:0 rail:0 narrow:0 measure:0 clipped:0 over:0 clip:0 upscale:0 aspect:0 attr:0 unmeasurable:0 R2:0 R6:0 H6:0 H6.6:0
[ ok ] /artikel/idea-dan-nasihat/pelamin-kahwin-dewan @1440 0 violation(s)  empty:0 rail:0 narrow:0 measure:0 clipped:0 over:0 clip:0 upscale:0 aspect:0 attr:0 unmeasurable:0 R2:0 R6:0 H6:0 H6.6:0
[ ok ] /artikel/idea-dan-nasihat/pelamin-kahwin-dewan @1920 0 violation(s)  empty:0 rail:0 narrow:0 measure:0 clipped:0 over:0 clip:0 upscale:0 aspect:0 attr:0 unmeasurable:0 R2:0 R6:0 H6:0 H6.6:0
[FAIL] /artikel/busana-pengantin/baju-pengantin-sewa-atau-beli @390 6 violation(s)  empty:0 rail:0 narrow:6 measure:0 clipped:0 over:0 clip:0 upscale:0 aspect:0 attr:2 unmeasurable:0 R2:0 R6:0 H6:0 H6.6:0 · +2 advisory
        narrow-text-column ×6
          105.0px column, 2 lines, box 105x58px (floor 120px)
            tbody > tr > th > p  ⟨p · not a link⟩
            "Julat harga tersiar"
          105.0px column, 2 lines, box 105x58px (floor 120px)
            tbody > tr > td > p  ⟨p · not a link⟩
            "RM600 – RM799"
          105.0px column, 2 lines, box 105x58px (floor 120px)
            tbody > tr > td > p  ⟨p · not a link⟩
            "RM699 – RM1,099"
          105.0px column, 2 lines, box 105x58px (floor 120px)
            tbody > tr > td > p  ⟨p · not a link⟩
            "RM600 – RM999"
          … and 2 more
        image-attr-aspect ×2
          declared width="1200" height="800" (1.50:1) for a 1474x2280 file (0.65:1) — 132% off, so the box reserved before load is the wrong shape (ceiling 25%)
            article > div.inspire-prose > figure.group.relative.my-6 > img.h-auto.w-auto.max-w-full  ⟨img · not a link · alt="Pengantin lelaki Melayu berbaju melayu kuning terang dengan samping songket keemasan, tengkolok kuning dan beberapa rantai emas, berjalan di atas jalan kampung. Rumah, motosikal dan orang ramai kelihatan kabur di belakangnya."⟩
            "i/1787707239501-images-s-pengantin-lelaki-penang-sheba/high.webp"
          declared width="1200" height="800" (1.50:1) for a 2400x3600 file (0.67:1) — 125% off, so the box reserved before load is the wrong shape (ceiling 25%)
            article > div.inspire-prose > figure.group.relative.my-6 > img.h-auto.w-auto.max-w-full  ⟨img · not a link · alt="Pengantin lelaki berbaju melayu merah marun bersamping songket dan bertanjak duduk di sebelah pengantin perempuan berbaju kurung merah marun bertudung, di pelamin berlatarkan bunga putih halus."⟩
            "39501-images-s-pengantin-melayu-pelamin-fyruz-alqadiri/high.webp"
[ ok ] /artikel/busana-pengantin/baju-pengantin-sewa-atau-beli @768 0 violation(s)  empty:0 rail:0 narrow:0 measure:0 clipped:0 over:0 clip:0 upscale:0 aspect:0 attr:2 unmeasurable:0 R2:0 R6:0 H6:0 H6.6:0 · +2 advisory
        image-attr-aspect ×2
          declared width="1200" height="800" (1.50:1) for a 1474x2280 file (0.65:1) — 132% off, so the box reserved before load is the wrong shape (ceiling 25%)
            article > div.inspire-prose > figure.group.relative.my-6 > img.h-auto.w-auto.max-w-full  ⟨img · not a link · alt="Pengantin lelaki Melayu berbaju melayu kuning terang dengan samping songket keemasan, tengkolok kuning dan beberapa rantai emas, berjalan di atas jalan kampung. Rumah, motosikal dan orang ramai kelihatan kabur di belakangnya."⟩
            "i/1787707239501-images-s-pengantin-lelaki-penang-sheba/high.webp"
          declared width="1200" height="800" (1.50:1) for a 2400x3600 file (0.67:1) — 125% off, so the box reserved before load is the wrong shape (ceiling 25%)
            article > div.inspire-prose > figure.group.relative.my-6 > img.h-auto.w-auto.max-w-full  ⟨img · not a link · alt="Pengantin lelaki berbaju melayu merah marun bersamping songket dan bertanjak duduk di sebelah pengantin perempuan berbaju kurung merah marun bertudung, di pelamin berlatarkan bunga putih halus."⟩
            "39501-images-s-pengantin-melayu-pelamin-fyruz-alqadiri/high.webp"
[ ok ] /artikel/busana-pengantin/baju-pengantin-sewa-atau-beli @1024 0 violation(s)  empty:0 rail:0 narrow:0 measure:0 clipped:0 over:0 clip:0 upscale:0 aspect:0 attr:2 unmeasurable:0 R2:0 R6:0 H6:0 H6.6:0 · +2 advisory
        image-attr-aspect ×2
          declared width="1200" height="800" (1.50:1) for a 1474x2280 file (0.65:1) — 132% off, so the box reserved before load is the wrong shape (ceiling 25%)
            article > div.inspire-prose > figure.group.relative.my-6 > img.h-auto.w-auto.max-w-full  ⟨img · not a link · alt="Pengantin lelaki Melayu berbaju melayu kuning terang dengan samping songket keemasan, tengkolok kuning dan beberapa rantai emas, berjalan di atas jalan kampung. Rumah, motosikal dan orang ramai kelihatan kabur di belakangnya."⟩
            "i/1787707239501-images-s-pengantin-lelaki-penang-sheba/high.webp"
          declared width="1200" height="800" (1.50:1) for a 2400x3600 file (0.67:1) — 125% off, so the box reserved before load is the wrong shape (ceiling 25%)
            article > div.inspire-prose > figure.group.relative.my-6 > img.h-auto.w-auto.max-w-full  ⟨img · not a link · alt="Pengantin lelaki berbaju melayu merah marun bersamping songket dan bertanjak duduk di sebelah pengantin perempuan berbaju kurung merah marun bertudung, di pelamin berlatarkan bunga putih halus."⟩
            "39501-images-s-pengantin-melayu-pelamin-fyruz-alqadiri/high.webp"
[ ok ] /artikel/busana-pengantin/baju-pengantin-sewa-atau-beli @1440 0 violation(s)  empty:0 rail:0 narrow:0 measure:0 clipped:0 over:0 clip:0 upscale:0 aspect:0 attr:2 unmeasurable:0 R2:0 R6:0 H6:0 H6.6:0 · +2 advisory
        image-attr-aspect ×2
          declared width="1200" height="800" (1.50:1) for a 1474x2280 file (0.65:1) — 132% off, so the box reserved before load is the wrong shape (ceiling 25%)
            article > div.inspire-prose > figure.group.relative.my-6 > img.h-auto.w-auto.max-w-full  ⟨img · not a link · alt="Pengantin lelaki Melayu berbaju melayu kuning terang dengan samping songket keemasan, tengkolok kuning dan beberapa rantai emas, berjalan di atas jalan kampung. Rumah, motosikal dan orang ramai kelihatan kabur di belakangnya."⟩
            "i/1787707239501-images-s-pengantin-lelaki-penang-sheba/high.webp"
          declared width="1200" height="800" (1.50:1) for a 2400x3600 file (0.67:1) — 125% off, so the box reserved before load is the wrong shape (ceiling 25%)
            article > div.inspire-prose > figure.group.relative.my-6 > img.h-auto.w-auto.max-w-full  ⟨img · not a link · alt="Pengantin lelaki berbaju melayu merah marun bersamping songket dan bertanjak duduk di sebelah pengantin perempuan berbaju kurung merah marun bertudung, di pelamin berlatarkan bunga putih halus."⟩
            "39501-images-s-pengantin-melayu-pelamin-fyruz-alqadiri/high.webp"
[ ok ] /artikel/busana-pengantin/baju-pengantin-sewa-atau-beli @1920 0 violation(s)  empty:0 rail:0 narrow:0 measure:0 clipped:0 over:0 clip:0 upscale:0 aspect:0 attr:2 unmeasurable:0 R2:0 R6:0 H6:0 H6.6:0 · +2 advisory
        image-attr-aspect ×2
          declared width="1200" height="800" (1.50:1) for a 1474x2280 file (0.65:1) — 132% off, so the box reserved before load is the wrong shape (ceiling 25%)
            article > div.inspire-prose > figure.group.relative.my-6 > img.h-auto.w-auto.max-w-full  ⟨img · not a link · alt="Pengantin lelaki Melayu berbaju melayu kuning terang dengan samping songket keemasan, tengkolok kuning dan beberapa rantai emas, berjalan di atas jalan kampung. Rumah, motosikal dan orang ramai kelihatan kabur di belakangnya."⟩
            "i/1787707239501-images-s-pengantin-lelaki-penang-sheba/high.webp"
          declared width="1200" height="800" (1.50:1) for a 2400x3600 file (0.67:1) — 125% off, so the box reserved before load is the wrong shape (ceiling 25%)
            article > div.inspire-prose > figure.group.relative.my-6 > img.h-auto.w-auto.max-w-full  ⟨img · not a link · alt="Pengantin lelaki berbaju melayu merah marun bersamping songket dan bertanjak duduk di sebelah pengantin perempuan berbaju kurung merah marun bertudung, di pelamin berlatarkan bunga putih halus."⟩
            "39501-images-s-pengantin-melayu-pelamin-fyruz-alqadiri/high.webp"
[FAIL] /artikel/busana-pengantin/inai-tangan-pengantin @390 18 violation(s)  empty:0 rail:0 narrow:18 measure:0 clipped:0 over:0 clip:0 upscale:0 aspect:0 attr:1 unmeasurable:0 R2:0 R6:0 H6:0 H6.6:0 · +1 advisory
        narrow-text-column ×18
          105.4px column, 2 lines, box 105x58px (floor 120px)
            tbody > tr > th > p  ⟨p · not a link⟩
            "Inai asli daun"
          88.3px column, 2 lines, box 88x58px (floor 120px)
            tbody > tr > th > p  ⟨p · not a link⟩
            "Inai kon komersial"
          87.5px column, 2 lines, box 87x58px (floor 120px)
            tbody > tr > td > p  ⟨p · not a link⟩
            "Warna akhir"
          105.4px column, 2 lines, box 105x58px (floor 120px)
            tbody > tr > td > p  ⟨p · not a link⟩
            "Oren ke perang"
          … and 14 more
        image-attr-aspect ×1
          declared width="1200" height="800" (1.50:1) for a 1898x2847 file (0.67:1) — 125% off, so the box reserved before load is the wrong shape (ceiling 25%)
            article > div.inspire-prose > figure.group.relative.my-6 > img.h-auto.w-auto.max-w-full  ⟨img · not a link · alt="\"Pengantin perempuan berbaju nikah ungu tua bersulam renda dan manik merah jambu, bertudung ungu bermanik dengan mahkota emas dan selendang jarang, serta rantai leher berbatu halus.\""⟩
            "07260598-images-s-pengantin-bertudung-manik-azman-aziz/high.webp"
[FAIL] /artikel/busana-pengantin/inai-tangan-pengantin @768 11 violation(s)  empty:0 rail:0 narrow:11 measure:0 clipped:0 over:0 clip:0 upscale:0 aspect:0 attr:1 unmeasurable:0 R2:0 R6:0 H6:0 H6.6:0 · +1 advisory
        narrow-text-column ×11
          119.9px column, 2 lines, box 120x60px (floor 120px)
            tbody > tr > th > p  ⟨p · not a link⟩
            "Inai kon komersial"
          119.9px column, 2 lines, box 120x60px (floor 120px)
            tbody > tr > td > p  ⟨p · not a link⟩
            "Oren ke perang gelap"
          105.6px column, 2 lines, box 106x60px (floor 120px)
            tbody > tr > td > p  ⟨p · not a link⟩
            "Masa warna naik"
          105.6px column, 2 lines, box 106x60px (floor 120px)
            tbody > tr > td > p  ⟨p · not a link⟩
            "Tempoh bertahan"
          … and 7 more
        image-attr-aspect ×1
          declared width="1200" height="800" (1.50:1) for a 1898x2847 file (0.67:1) — 125% off, so the box reserved before load is the wrong shape (ceiling 25%)
            article > div.inspire-prose > figure.group.relative.my-6 > img.h-auto.w-auto.max-w-full  ⟨img · not a link · alt="\"Pengantin perempuan berbaju nikah ungu tua bersulam renda dan manik merah jambu, bertudung ungu bermanik dengan mahkota emas dan selendang jarang, serta rantai leher berbatu halus.\""⟩
            "07260598-images-s-pengantin-bertudung-manik-azman-aziz/high.webp"
[FAIL] /artikel/busana-pengantin/inai-tangan-pengantin @1024 8 violation(s)  empty:0 rail:0 narrow:8 measure:0 clipped:0 over:0 clip:0 upscale:0 aspect:0 attr:1 unmeasurable:0 R2:0 R6:0 H6:0 H6.6:0 · +1 advisory
        narrow-text-column ×8
          118.4px column, 2 lines, box 118x61px (floor 120px)
            tbody > tr > th > p  ⟨p · not a link⟩
            "Inai kon komersial"
          118.4px column, 2 lines, box 118x61px (floor 120px)
            tbody > tr > td > p  ⟨p · not a link⟩
            "Oren ke perang gelap"
          105.8px column, 2 lines, box 106x61px (floor 120px)
            tbody > tr > td > p  ⟨p · not a link⟩
            "Masa warna naik"
          105.8px column, 2 lines, box 106x61px (floor 120px)
            tbody > tr > td > p  ⟨p · not a link⟩
            "Tempoh bertahan"
          … and 4 more
        image-attr-aspect ×1
          declared width="1200" height="800" (1.50:1) for a 1898x2847 file (0.67:1) — 125% off, so the box reserved before load is the wrong shape (ceiling 25%)
            article > div.inspire-prose > figure.group.relative.my-6 > img.h-auto.w-auto.max-w-full  ⟨img · not a link · alt="\"Pengantin perempuan berbaju nikah ungu tua bersulam renda dan manik merah jambu, bertudung ungu bermanik dengan mahkota emas dan selendang jarang, serta rantai leher berbatu halus.\""⟩
            "07260598-images-s-pengantin-bertudung-manik-azman-aziz/high.webp"
[FAIL] /artikel/busana-pengantin/inai-tangan-pengantin @1440 4 violation(s)  empty:0 rail:0 narrow:4 measure:0 clipped:0 over:0 clip:0 upscale:0 aspect:0 attr:1 unmeasurable:0 R2:0 R6:0 H6:0 H6.6:0 · +1 advisory
        narrow-text-column ×4
          108.4px column, 2 lines, box 108x61px (floor 120px)
            tbody > tr > td > p  ⟨p · not a link⟩
            "Masa warna naik"
          108.4px column, 2 lines, box 108x61px (floor 120px)
            tbody > tr > td > p  ⟨p · not a link⟩
            "Tempoh bertahan"
          108.4px column, 2 lines, box 108x61px (floor 120px)
            tbody > tr > td > p  ⟨p · not a link⟩
            "Kandungan tambahan"
          108.4px column, 3 lines, box 108x92px (floor 120px)
            tbody > tr > td > p  ⟨p · not a link⟩
            "Tindak balas alahan dilaporkan"
        image-attr-aspect ×1
          declared width="1200" height="800" (1.50:1) for a 1898x2847 file (0.67:1) — 125% off, so the box reserved before load is the wrong shape (ceiling 25%)
            article > div.inspire-prose > figure.group.relative.my-6 > img.h-auto.w-auto.max-w-full  ⟨img · not a link · alt="\"Pengantin perempuan berbaju nikah ungu tua bersulam renda dan manik merah jambu, bertudung ungu bermanik dengan mahkota emas dan selendang jarang, serta rantai leher berbatu halus.\""⟩
            "07260598-images-s-pengantin-bertudung-manik-azman-aziz/high.webp"
[FAIL] /artikel/busana-pengantin/inai-tangan-pengantin @1920 4 violation(s)  empty:0 rail:0 narrow:4 measure:0 clipped:0 over:0 clip:0 upscale:0 aspect:0 attr:1 unmeasurable:0 R2:0 R6:0 H6:0 H6.6:0 · +1 advisory
        narrow-text-column ×4
          108.4px column, 2 lines, box 108x61px (floor 120px)
            tbody > tr > td > p  ⟨p · not a link⟩
            "Masa warna naik"
          108.4px column, 2 lines, box 108x61px (floor 120px)
            tbody > tr > td > p  ⟨p · not a link⟩
            "Tempoh bertahan"
          108.4px column, 2 lines, box 108x61px (floor 120px)
            tbody > tr > td > p  ⟨p · not a link⟩
            "Kandungan tambahan"
          108.4px column, 3 lines, box 108x92px (floor 120px)
            tbody > tr > td > p  ⟨p · not a link⟩
            "Tindak balas alahan dilaporkan"
        image-attr-aspect ×1
          declared width="1200" height="800" (1.50:1) for a 1898x2847 file (0.67:1) — 125% off, so the box reserved before load is the wrong shape (ceiling 25%)
            article > div.inspire-prose > figure.group.relative.my-6 > img.h-auto.w-auto.max-w-full  ⟨img · not a link · alt="\"Pengantin perempuan berbaju nikah ungu tua bersulam renda dan manik merah jambu, bertudung ungu bermanik dengan mahkota emas dan selendang jarang, serta rantai leher berbatu halus.\""⟩
            "07260598-images-s-pengantin-bertudung-manik-azman-aziz/high.webp"
[FAIL] /artikel/hantaran-mas-kahwin/nisbah-hantaran @390 5 violation(s)  empty:0 rail:0 narrow:5 measure:0 clipped:0 over:0 clip:0 upscale:0 aspect:0 attr:1 unmeasurable:0 R2:0 R6:0 H6:0 H6.6:0 · +1 advisory
        narrow-text-column ×5
          87.9px column, 2 lines, box 88x58px (floor 120px)
            tbody > tr > th > p  ⟨p · not a link⟩
            "Bilangan dulang"
          63.2px column, 2 lines, box 63x58px (floor 120px)
            tbody > tr > td > p  ⟨p · not a link⟩
            "3 balas 5"
          63.2px column, 2 lines, box 63x58px (floor 120px)
            tbody > tr > td > p  ⟨p · not a link⟩
            "5 balas 7"
          63.2px column, 2 lines, box 63x58px (floor 120px)
            tbody > tr > td > p  ⟨p · not a link⟩
            "7 balas 9"
          … and 1 more
        image-attr-aspect ×1
          declared width="1200" height="800" (1.50:1) for a 1536x2048 file (0.75:1) — 100% off, so the box reserved before load is the wrong shape (ceiling 25%)
            article > div.inspire-prose > figure.group.relative.my-6 > img.h-auto.w-auto.max-w-full  ⟨img · not a link · alt="Deretan dulang hantaran bersarung kain putih bermanik disusun memanjang di atas permaidani masjid berwarna hijau. Antaranya bantal cincin, kotak baldu biru gelap, kotak bercermin, tali leher, sepasang kasut kulit coklat dan jambangan bunga ros putih."⟩
            "7758416340-images-s-dulang-hantaran-masjid-mylifestory/high.webp"
[FAIL] /artikel/hantaran-mas-kahwin/nisbah-hantaran @768 1 violation(s)  empty:0 rail:0 narrow:1 measure:0 clipped:0 over:0 clip:0 upscale:0 aspect:0 attr:1 unmeasurable:0 R2:0 R6:0 H6:0 H6.6:0 · +1 advisory
        narrow-text-column ×1
          73.8px column, 2 lines, box 74x60px (floor 120px)
            tbody > tr > td > p  ⟨p · not a link⟩
            "9 balas 11"
        image-attr-aspect ×1
          declared width="1200" height="800" (1.50:1) for a 1536x2048 file (0.75:1) — 100% off, so the box reserved before load is the wrong shape (ceiling 25%)
            article > div.inspire-prose > figure.group.relative.my-6 > img.h-auto.w-auto.max-w-full  ⟨img · not a link · alt="Deretan dulang hantaran bersarung kain putih bermanik disusun memanjang di atas permaidani masjid berwarna hijau. Antaranya bantal cincin, kotak baldu biru gelap, kotak bercermin, tali leher, sepasang kasut kulit coklat dan jambangan bunga ros putih."⟩
            "7758416340-images-s-dulang-hantaran-masjid-mylifestory/high.webp"
[FAIL] /artikel/hantaran-mas-kahwin/nisbah-hantaran @1024 1 violation(s)  empty:0 rail:0 narrow:1 measure:0 clipped:0 over:0 clip:0 upscale:0 aspect:0 attr:1 unmeasurable:0 R2:0 R6:0 H6:0 H6.6:0 · +1 advisory
        narrow-text-column ×1
          74.9px column, 2 lines, box 75x61px (floor 120px)
            tbody > tr > td > p  ⟨p · not a link⟩
            "9 balas 11"
        image-attr-aspect ×1
          declared width="1200" height="800" (1.50:1) for a 1536x2048 file (0.75:1) — 100% off, so the box reserved before load is the wrong shape (ceiling 25%)
            article > div.inspire-prose > figure.group.relative.my-6 > img.h-auto.w-auto.max-w-full  ⟨img · not a link · alt="Deretan dulang hantaran bersarung kain putih bermanik disusun memanjang di atas permaidani masjid berwarna hijau. Antaranya bantal cincin, kotak baldu biru gelap, kotak bercermin, tali leher, sepasang kasut kulit coklat dan jambangan bunga ros putih."⟩
            "7758416340-images-s-dulang-hantaran-masjid-mylifestory/high.webp"
[FAIL] /artikel/hantaran-mas-kahwin/nisbah-hantaran @1440 1 violation(s)  empty:0 rail:0 narrow:1 measure:0 clipped:0 over:0 clip:0 upscale:0 aspect:0 attr:1 unmeasurable:0 R2:0 R6:0 H6:0 H6.6:0 · +1 advisory
        narrow-text-column ×1
          75.5px column, 2 lines, box 75x61px (floor 120px)
            tbody > tr > td > p  ⟨p · not a link⟩
            "9 balas 11"
        image-attr-aspect ×1
          declared width="1200" height="800" (1.50:1) for a 1536x2048 file (0.75:1) — 100% off, so the box reserved before load is the wrong shape (ceiling 25%)
            article > div.inspire-prose > figure.group.relative.my-6 > img.h-auto.w-auto.max-w-full  ⟨img · not a link · alt="Deretan dulang hantaran bersarung kain putih bermanik disusun memanjang di atas permaidani masjid berwarna hijau. Antaranya bantal cincin, kotak baldu biru gelap, kotak bercermin, tali leher, sepasang kasut kulit coklat dan jambangan bunga ros putih."⟩
            "7758416340-images-s-dulang-hantaran-masjid-mylifestory/high.webp"
[FAIL] /artikel/hantaran-mas-kahwin/nisbah-hantaran @1920 1 violation(s)  empty:0 rail:0 narrow:1 measure:0 clipped:0 over:0 clip:0 upscale:0 aspect:0 attr:1 unmeasurable:0 R2:0 R6:0 H6:0 H6.6:0 · +1 advisory
        narrow-text-column ×1
          75.5px column, 2 lines, box 75x61px (floor 120px)
            tbody > tr > td > p  ⟨p · not a link⟩
            "9 balas 11"
        image-attr-aspect ×1
          declared width="1200" height="800" (1.50:1) for a 1536x2048 file (0.75:1) — 100% off, so the box reserved before load is the wrong shape (ceiling 25%)
            article > div.inspire-prose > figure.group.relative.my-6 > img.h-auto.w-auto.max-w-full  ⟨img · not a link · alt="Deretan dulang hantaran bersarung kain putih bermanik disusun memanjang di atas permaidani masjid berwarna hijau. Antaranya bantal cincin, kotak baldu biru gelap, kotak bercermin, tali leher, sepasang kasut kulit coklat dan jambangan bunga ros putih."⟩
            "7758416340-images-s-dulang-hantaran-masjid-mylifestory/high.webp"
[FAIL] /artikel/hantaran-mas-kahwin/hantaran-kahwin-5-balas-7 @390 10 violation(s)  empty:0 rail:0 narrow:10 measure:0 clipped:0 over:0 clip:0 upscale:0 aspect:0 attr:2 unmeasurable:0 R2:0 R6:0 H6:0 H6.6:0 · +2 advisory
        narrow-text-column ×10
          109.1px column, 2 lines, box 109x58px (floor 120px)
            tbody > tr > th > p  ⟨p · not a link⟩
            "Isi yang lazim"
          101.6px column, 9 lines, box 102x261px (floor 120px)
            tbody > tr > td > p  ⟨p · not a link⟩
            "Adat lama; tepak sirih ialah "bingkisan paling utama" mengik"
          109.1px column, 3 lines, box 109x87px (floor 120px)
            tbody > tr > td > p  ⟨p · not a link⟩
            "Cincin, dalam kotak di atas bantal kecil"
          101.6px column, 6 lines, box 102x174px (floor 120px)
            tbody > tr > td > p  ⟨p · not a link⟩
            "Adat lama; rekod Perlis 2003 menyebut cincin belah rotan"
          … and 6 more
        image-attr-aspect ×2
          declared width="1200" height="800" (1.50:1) for a 1536x2048 file (0.75:1) — 100% off, so the box reserved before load is the wrong shape (ceiling 25%)
            article > div.inspire-prose > figure.group.relative.my-6 > img.h-auto.w-auto.max-w-full  ⟨img · not a link · alt="Deretan dulang hantaran bersarung kain putih bermanik disusun memanjang di atas permaidani masjid berwarna hijau. Antaranya bantal cincin, kotak baldu biru gelap, kotak bercermin, tali leher, sepasang kasut kulit coklat dan jambangan bunga ros putih."⟩
            "7758446371-images-s-dulang-hantaran-masjid-mylifestory/high.webp"
          declared width="1200" height="800" (1.50:1) for a 2400x3600 file (0.67:1) — 125% off, so the box reserved before load is the wrong shape (ceiling 25%)
            article > div.inspire-prose > figure.group.relative.my-6 > img.h-auto.w-auto.max-w-full  ⟨img · not a link · alt="Sebuah bakul rotan berisi epal merah, oren dan buah naga, dihias bunga tiruan putih dan merah jambu serta daun hijau, diletakkan di atas bingkai kayu bercat putih."⟩
            "1787758446371-images-s-dulang-buah-hantaran-mohd-hasan/high.webp"
[ ok ] /artikel/hantaran-mas-kahwin/hantaran-kahwin-5-balas-7 @768 0 violation(s)  empty:0 rail:0 narrow:0 measure:0 clipped:0 over:0 clip:0 upscale:0 aspect:0 attr:2 unmeasurable:0 R2:0 R6:0 H6:0 H6.6:0 · +2 advisory
        image-attr-aspect ×2
          declared width="1200" height="800" (1.50:1) for a 1536x2048 file (0.75:1) — 100% off, so the box reserved before load is the wrong shape (ceiling 25%)
            article > div.inspire-prose > figure.group.relative.my-6 > img.h-auto.w-auto.max-w-full  ⟨img · not a link · alt="Deretan dulang hantaran bersarung kain putih bermanik disusun memanjang di atas permaidani masjid berwarna hijau. Antaranya bantal cincin, kotak baldu biru gelap, kotak bercermin, tali leher, sepasang kasut kulit coklat dan jambangan bunga ros putih."⟩
            "7758446371-images-s-dulang-hantaran-masjid-mylifestory/high.webp"
          declared width="1200" height="800" (1.50:1) for a 2400x3600 file (0.67:1) — 125% off, so the box reserved before load is the wrong shape (ceiling 25%)
            article > div.inspire-prose > figure.group.relative.my-6 > img.h-auto.w-auto.max-w-full  ⟨img · not a link · alt="Sebuah bakul rotan berisi epal merah, oren dan buah naga, dihias bunga tiruan putih dan merah jambu serta daun hijau, diletakkan di atas bingkai kayu bercat putih."⟩
            "1787758446371-images-s-dulang-buah-hantaran-mohd-hasan/high.webp"
[ ok ] /artikel/hantaran-mas-kahwin/hantaran-kahwin-5-balas-7 @1024 0 violation(s)  empty:0 rail:0 narrow:0 measure:0 clipped:0 over:0 clip:0 upscale:0 aspect:0 attr:2 unmeasurable:0 R2:0 R6:0 H6:0 H6.6:0 · +2 advisory
        image-attr-aspect ×2
          declared width="1200" height="800" (1.50:1) for a 1536x2048 file (0.75:1) — 100% off, so the box reserved before load is the wrong shape (ceiling 25%)
            article > div.inspire-prose > figure.group.relative.my-6 > img.h-auto.w-auto.max-w-full  ⟨img · not a link · alt="Deretan dulang hantaran bersarung kain putih bermanik disusun memanjang di atas permaidani masjid berwarna hijau. Antaranya bantal cincin, kotak baldu biru gelap, kotak bercermin, tali leher, sepasang kasut kulit coklat dan jambangan bunga ros putih."⟩
            "7758446371-images-s-dulang-hantaran-masjid-mylifestory/high.webp"
          declared width="1200" height="800" (1.50:1) for a 2400x3600 file (0.67:1) — 125% off, so the box reserved before load is the wrong shape (ceiling 25%)
            article > div.inspire-prose > figure.group.relative.my-6 > img.h-auto.w-auto.max-w-full  ⟨img · not a link · alt="Sebuah bakul rotan berisi epal merah, oren dan buah naga, dihias bunga tiruan putih dan merah jambu serta daun hijau, diletakkan di atas bingkai kayu bercat putih."⟩
            "1787758446371-images-s-dulang-buah-hantaran-mohd-hasan/high.webp"
[ ok ] /artikel/hantaran-mas-kahwin/hantaran-kahwin-5-balas-7 @1440 0 violation(s)  empty:0 rail:0 narrow:0 measure:0 clipped:0 over:0 clip:0 upscale:0 aspect:0 attr:2 unmeasurable:0 R2:0 R6:0 H6:0 H6.6:0 · +2 advisory
        image-attr-aspect ×2
          declared width="1200" height="800" (1.50:1) for a 1536x2048 file (0.75:1) — 100% off, so the box reserved before load is the wrong shape (ceiling 25%)
            article > div.inspire-prose > figure.group.relative.my-6 > img.h-auto.w-auto.max-w-full  ⟨img · not a link · alt="Deretan dulang hantaran bersarung kain putih bermanik disusun memanjang di atas permaidani masjid berwarna hijau. Antaranya bantal cincin, kotak baldu biru gelap, kotak bercermin, tali leher, sepasang kasut kulit coklat dan jambangan bunga ros putih."⟩
            "7758446371-images-s-dulang-hantaran-masjid-mylifestory/high.webp"
          declared width="1200" height="800" (1.50:1) for a 2400x3600 file (0.67:1) — 125% off, so the box reserved before load is the wrong shape (ceiling 25%)
            article > div.inspire-prose > figure.group.relative.my-6 > img.h-auto.w-auto.max-w-full  ⟨img · not a link · alt="Sebuah bakul rotan berisi epal merah, oren dan buah naga, dihias bunga tiruan putih dan merah jambu serta daun hijau, diletakkan di atas bingkai kayu bercat putih."⟩
            "1787758446371-images-s-dulang-buah-hantaran-mohd-hasan/high.webp"
[ ok ] /artikel/hantaran-mas-kahwin/hantaran-kahwin-5-balas-7 @1920 0 violation(s)  empty:0 rail:0 narrow:0 measure:0 clipped:0 over:0 clip:0 upscale:0 aspect:0 attr:2 unmeasurable:0 R2:0 R6:0 H6:0 H6.6:0 · +2 advisory
        image-attr-aspect ×2
          declared width="1200" height="800" (1.50:1) for a 1536x2048 file (0.75:1) — 100% off, so the box reserved before load is the wrong shape (ceiling 25%)
            article > div.inspire-prose > figure.group.relative.my-6 > img.h-auto.w-auto.max-w-full  ⟨img · not a link · alt="Deretan dulang hantaran bersarung kain putih bermanik disusun memanjang di atas permaidani masjid berwarna hijau. Antaranya bantal cincin, kotak baldu biru gelap, kotak bercermin, tali leher, sepasang kasut kulit coklat dan jambangan bunga ros putih."⟩
            "7758446371-images-s-dulang-hantaran-masjid-mylifestory/high.webp"
          declared width="1200" height="800" (1.50:1) for a 2400x3600 file (0.67:1) — 125% off, so the box reserved before load is the wrong shape (ceiling 25%)
            article > div.inspire-prose > figure.group.relative.my-6 > img.h-auto.w-auto.max-w-full  ⟨img · not a link · alt="Sebuah bakul rotan berisi epal merah, oren dan buah naga, dihias bunga tiruan putih dan merah jambu serta daun hijau, diletakkan di atas bingkai kayu bercat putih."⟩
            "1787758446371-images-s-dulang-buah-hantaran-mohd-hasan/high.webp"
[FAIL] /artikel/hantaran-mas-kahwin/hantaran-tunang-3-balas-5 @390 3 violation(s)  empty:0 rail:0 narrow:3 measure:0 clipped:0 over:0 clip:0 upscale:0 aspect:0 attr:0 unmeasurable:0 R2:0 R6:0 H6:0 H6.6:0
        narrow-text-column ×3
          101.9px column, 2 lines, box 102x58px (floor 120px)
            tbody > tr > th > p  ⟨p · not a link⟩
            "Isi yang lazim"
          101.9px column, 5 lines, box 102x145px (floor 120px)
            tbody > tr > td > p  ⟨p · not a link⟩
            "Cincin tunang, dalam kotak di atas bantal kecil"
          101.9px column, 3 lines, box 102x87px (floor 120px)
            tbody > tr > td > p  ⟨p · not a link⟩
            "Sepersalinan, atau manisan dan buah"
[ ok ] /artikel/hantaran-mas-kahwin/hantaran-tunang-3-balas-5 @768 0 violation(s)  empty:0 rail:0 narrow:0 measure:0 clipped:0 over:0 clip:0 upscale:0 aspect:0 attr:0 unmeasurable:0 R2:0 R6:0 H6:0 H6.6:0
[ ok ] /artikel/hantaran-mas-kahwin/hantaran-tunang-3-balas-5 @1024 0 violation(s)  empty:0 rail:0 narrow:0 measure:0 clipped:0 over:0 clip:0 upscale:0 aspect:0 attr:0 unmeasurable:0 R2:0 R6:0 H6:0 H6.6:0
[ ok ] /artikel/hantaran-mas-kahwin/hantaran-tunang-3-balas-5 @1440 0 violation(s)  empty:0 rail:0 narrow:0 measure:0 clipped:0 over:0 clip:0 upscale:0 aspect:0 attr:0 unmeasurable:0 R2:0 R6:0 H6:0 H6.6:0
[ ok ] /artikel/hantaran-mas-kahwin/hantaran-tunang-3-balas-5 @1920 0 violation(s)  empty:0 rail:0 narrow:0 measure:0 clipped:0 over:0 clip:0 upscale:0 aspect:0 attr:0 unmeasurable:0 R2:0 R6:0 H6:0 H6.6:0
[FAIL] /artikel/hantaran-mas-kahwin/barang-hantaran-perempuan @390 23 violation(s)  empty:0 rail:0 narrow:23 measure:0 clipped:0 over:0 clip:0 upscale:0 aspect:0 attr:1 unmeasurable:0 R2:0 R6:0 H6:0 H6.6:0 · +1 advisory
        narrow-text-column ×23
          78.4px column, 2 lines, box 78x58px (floor 120px)
            tbody > tr > th > p  ⟨p · not a link⟩
            "Bilangan produk"
          84.8px column, 2 lines, box 85x58px (floor 120px)
            tbody > tr > th > p  ⟨p · not a link⟩
            "Sejadah termurah"
          85.5px column, 2 lines, box 86x58px (floor 120px)
            tbody > tr > th > p  ⟨p · not a link⟩
            "Sejadah termahal"
          68.6px column, 2 lines, box 69x58px (floor 120px)
            tbody > tr > td > p  ⟨p · not a link⟩
            "Siti Khadijah"
          … and 19 more
        image-attr-aspect ×1
          declared width="1200" height="800" (1.50:1) for a 1527x2264 file (0.67:1) — 122% off, so the box reserved before load is the wrong shape (ceiling 25%)
            article > div.inspire-prose > figure.group.relative.my-6 > img.h-auto.w-auto.max-w-full  ⟨img · not a link · alt="Sebuah dulang kaca berkaki dihias renda kedut putih dan rantai manik emas, membawa sebuah kotak hadiah kecil berbentuk hati."⟩
            "n/1787780564669-images-s-dulang-berkaki-hiasan-farritz/high.webp"
[FAIL] /artikel/hantaran-mas-kahwin/barang-hantaran-perempuan @768 4 violation(s)  empty:0 rail:0 narrow:4 measure:0 clipped:0 over:0 clip:0 upscale:0 aspect:0 attr:1 unmeasurable:0 R2:0 R6:0 H6:0 H6.6:0 · +1 advisory
        narrow-text-column ×4
          114.3px column, 2 lines, box 114x60px (floor 120px)
            tbody > tr > th > p  ⟨p · not a link⟩
            "Bilangan produk"
          79.7px column, 2 lines, box 80x60px (floor 120px)
            tbody > tr > td > p  ⟨p · not a link⟩
            "Siti Khadijah"
          114.3px column, 3 lines, box 114x90px (floor 120px)
            tbody > tr > td > p  ⟨p · not a link⟩
            "10 dalam koleksi Sejadah"
          114.3px column, 3 lines, box 114x90px (floor 120px)
            tbody > tr > td > p  ⟨p · not a link⟩
            "8 dalam koleksi Sejadah"
        image-attr-aspect ×1
          declared width="1200" height="800" (1.50:1) for a 1527x2264 file (0.67:1) — 122% off, so the box reserved before load is the wrong shape (ceiling 25%)
            article > div.inspire-prose > figure.group.relative.my-6 > img.h-auto.w-auto.max-w-full  ⟨img · not a link · alt="Sebuah dulang kaca berkaki dihias renda kedut putih dan rantai manik emas, membawa sebuah kotak hadiah kecil berbentuk hati."⟩
            "n/1787780564669-images-s-dulang-berkaki-hiasan-farritz/high.webp"
[FAIL] /artikel/hantaran-mas-kahwin/barang-hantaran-perempuan @1024 4 violation(s)  empty:0 rail:0 narrow:4 measure:0 clipped:0 over:0 clip:0 upscale:0 aspect:0 attr:1 unmeasurable:0 R2:0 R6:0 H6:0 H6.6:0 · +1 advisory
        narrow-text-column ×4
          114.2px column, 2 lines, box 114x61px (floor 120px)
            tbody > tr > th > p  ⟨p · not a link⟩
            "Bilangan produk"
          80.8px column, 2 lines, box 81x61px (floor 120px)
            tbody > tr > td > p  ⟨p · not a link⟩
            "Siti Khadijah"
          114.2px column, 3 lines, box 114x92px (floor 120px)
            tbody > tr > td > p  ⟨p · not a link⟩
            "10 dalam koleksi Sejadah"
          114.2px column, 3 lines, box 114x92px (floor 120px)
            tbody > tr > td > p  ⟨p · not a link⟩
            "8 dalam koleksi Sejadah"
        image-attr-aspect ×1
          declared width="1200" height="800" (1.50:1) for a 1527x2264 file (0.67:1) — 122% off, so the box reserved before load is the wrong shape (ceiling 25%)
            article > div.inspire-prose > figure.group.relative.my-6 > img.h-auto.w-auto.max-w-full  ⟨img · not a link · alt="Sebuah dulang kaca berkaki dihias renda kedut putih dan rantai manik emas, membawa sebuah kotak hadiah kecil berbentuk hati."⟩
            "n/1787780564669-images-s-dulang-berkaki-hiasan-farritz/high.webp"
[FAIL] /artikel/hantaran-mas-kahwin/barang-hantaran-perempuan @1440 4 violation(s)  empty:0 rail:0 narrow:4 measure:0 clipped:0 over:0 clip:0 upscale:0 aspect:0 attr:1 unmeasurable:0 R2:0 R6:0 H6:0 H6.6:0 · +1 advisory
        narrow-text-column ×4
          117.2px column, 2 lines, box 117x61px (floor 120px)
            tbody > tr > th > p  ⟨p · not a link⟩
            "Bilangan produk"
          81.6px column, 2 lines, box 82x61px (floor 120px)
            tbody > tr > td > p  ⟨p · not a link⟩
            "Siti Khadijah"
          117.2px column, 3 lines, box 117x92px (floor 120px)
            tbody > tr > td > p  ⟨p · not a link⟩
            "10 dalam koleksi Sejadah"
          117.2px column, 3 lines, box 117x92px (floor 120px)
            tbody > tr > td > p  ⟨p · not a link⟩
            "8 dalam koleksi Sejadah"
        image-attr-aspect ×1
          declared width="1200" height="800" (1.50:1) for a 1527x2264 file (0.67:1) — 122% off, so the box reserved before load is the wrong shape (ceiling 25%)
            article > div.inspire-prose > figure.group.relative.my-6 > img.h-auto.w-auto.max-w-full  ⟨img · not a link · alt="Sebuah dulang kaca berkaki dihias renda kedut putih dan rantai manik emas, membawa sebuah kotak hadiah kecil berbentuk hati."⟩
            "n/1787780564669-images-s-dulang-berkaki-hiasan-farritz/high.webp"
[FAIL] /artikel/hantaran-mas-kahwin/barang-hantaran-perempuan @1920 4 violation(s)  empty:0 rail:0 narrow:4 measure:0 clipped:0 over:0 clip:0 upscale:0 aspect:0 attr:1 unmeasurable:0 R2:0 R6:0 H6:0 H6.6:0 · +1 advisory
        narrow-text-column ×4
          117.2px column, 2 lines, box 117x61px (floor 120px)
            tbody > tr > th > p  ⟨p · not a link⟩
            "Bilangan produk"
          81.6px column, 2 lines, box 82x61px (floor 120px)
            tbody > tr > td > p  ⟨p · not a link⟩
            "Siti Khadijah"
          117.2px column, 3 lines, box 117x92px (floor 120px)
            tbody > tr > td > p  ⟨p · not a link⟩
            "10 dalam koleksi Sejadah"
          117.2px column, 3 lines, box 117x92px (floor 120px)
            tbody > tr > td > p  ⟨p · not a link⟩
            "8 dalam koleksi Sejadah"
        image-attr-aspect ×1
          declared width="1200" height="800" (1.50:1) for a 1527x2264 file (0.67:1) — 122% off, so the box reserved before load is the wrong shape (ceiling 25%)
            article > div.inspire-prose > figure.group.relative.my-6 > img.h-auto.w-auto.max-w-full  ⟨img · not a link · alt="Sebuah dulang kaca berkaki dihias renda kedut putih dan rantai manik emas, membawa sebuah kotak hadiah kecil berbentuk hati."⟩
            "n/1787780564669-images-s-dulang-berkaki-hiasan-farritz/high.webp"
[ ok ] /artikel/hantaran-mas-kahwin/bilangan-dulang-hantaran-ganjil @390 0 violation(s)  empty:0 rail:0 narrow:0 measure:0 clipped:0 over:0 clip:0 upscale:0 aspect:0 attr:1 unmeasurable:0 R2:0 R6:0 H6:0 H6.6:0 · +1 advisory
        image-attr-aspect ×1
          declared width="1200" height="800" (1.50:1) for a 1536x2048 file (0.75:1) — 100% off, so the box reserved before load is the wrong shape (ceiling 25%)
            article > div.inspire-prose > figure.group.relative.my-6 > img.h-auto.w-auto.max-w-full  ⟨img · not a link · alt="Deretan dulang hantaran bersarung kain putih bermanik disusun memanjang di atas permaidani masjid berwarna hijau. Antaranya bantal cincin, kotak baldu biru gelap, kotak bercermin, tali leher, sepasang kasut kulit coklat dan jambangan bunga ros putih."⟩
            "7758516617-images-s-dulang-hantaran-masjid-mylifestory/high.webp"
[ ok ] /artikel/hantaran-mas-kahwin/bilangan-dulang-hantaran-ganjil @768 0 violation(s)  empty:0 rail:0 narrow:0 measure:0 clipped:0 over:0 clip:0 upscale:0 aspect:0 attr:1 unmeasurable:0 R2:0 R6:0 H6:0 H6.6:0 · +1 advisory
        image-attr-aspect ×1
          declared width="1200" height="800" (1.50:1) for a 1536x2048 file (0.75:1) — 100% off, so the box reserved before load is the wrong shape (ceiling 25%)
            article > div.inspire-prose > figure.group.relative.my-6 > img.h-auto.w-auto.max-w-full  ⟨img · not a link · alt="Deretan dulang hantaran bersarung kain putih bermanik disusun memanjang di atas permaidani masjid berwarna hijau. Antaranya bantal cincin, kotak baldu biru gelap, kotak bercermin, tali leher, sepasang kasut kulit coklat dan jambangan bunga ros putih."⟩
            "7758516617-images-s-dulang-hantaran-masjid-mylifestory/high.webp"
[ ok ] /artikel/hantaran-mas-kahwin/bilangan-dulang-hantaran-ganjil @1024 0 violation(s)  empty:0 rail:0 narrow:0 measure:0 clipped:0 over:0 clip:0 upscale:0 aspect:0 attr:1 unmeasurable:0 R2:0 R6:0 H6:0 H6.6:0 · +1 advisory
        image-attr-aspect ×1
          declared width="1200" height="800" (1.50:1) for a 1536x2048 file (0.75:1) — 100% off, so the box reserved before load is the wrong shape (ceiling 25%)
            article > div.inspire-prose > figure.group.relative.my-6 > img.h-auto.w-auto.max-w-full  ⟨img · not a link · alt="Deretan dulang hantaran bersarung kain putih bermanik disusun memanjang di atas permaidani masjid berwarna hijau. Antaranya bantal cincin, kotak baldu biru gelap, kotak bercermin, tali leher, sepasang kasut kulit coklat dan jambangan bunga ros putih."⟩
            "7758516617-images-s-dulang-hantaran-masjid-mylifestory/high.webp"
[ ok ] /artikel/hantaran-mas-kahwin/bilangan-dulang-hantaran-ganjil @1440 0 violation(s)  empty:0 rail:0 narrow:0 measure:0 clipped:0 over:0 clip:0 upscale:0 aspect:0 attr:1 unmeasurable:0 R2:0 R6:0 H6:0 H6.6:0 · +1 advisory
        image-attr-aspect ×1
          declared width="1200" height="800" (1.50:1) for a 1536x2048 file (0.75:1) — 100% off, so the box reserved before load is the wrong shape (ceiling 25%)
            article > div.inspire-prose > figure.group.relative.my-6 > img.h-auto.w-auto.max-w-full  ⟨img · not a link · alt="Deretan dulang hantaran bersarung kain putih bermanik disusun memanjang di atas permaidani masjid berwarna hijau. Antaranya bantal cincin, kotak baldu biru gelap, kotak bercermin, tali leher, sepasang kasut kulit coklat dan jambangan bunga ros putih."⟩
            "7758516617-images-s-dulang-hantaran-masjid-mylifestory/high.webp"
[ ok ] /artikel/hantaran-mas-kahwin/bilangan-dulang-hantaran-ganjil @1920 0 violation(s)  empty:0 rail:0 narrow:0 measure:0 clipped:0 over:0 clip:0 upscale:0 aspect:0 attr:1 unmeasurable:0 R2:0 R6:0 H6:0 H6.6:0 · +1 advisory
        image-attr-aspect ×1
          declared width="1200" height="800" (1.50:1) for a 1536x2048 file (0.75:1) — 100% off, so the box reserved before load is the wrong shape (ceiling 25%)
            article > div.inspire-prose > figure.group.relative.my-6 > img.h-auto.w-auto.max-w-full  ⟨img · not a link · alt="Deretan dulang hantaran bersarung kain putih bermanik disusun memanjang di atas permaidani masjid berwarna hijau. Antaranya bantal cincin, kotak baldu biru gelap, kotak bercermin, tali leher, sepasang kasut kulit coklat dan jambangan bunga ros putih."⟩
            "7758516617-images-s-dulang-hantaran-masjid-mylifestory/high.webp"
[ ok ] /artikel/hantaran-mas-kahwin/hantaran-tunang-untuk-lelaki @390 0 violation(s)  empty:0 rail:0 narrow:0 measure:0 clipped:0 over:0 clip:0 upscale:0 aspect:0 attr:1 unmeasurable:0 R2:0 R6:0 H6:0 H6.6:0 · +1 advisory
        image-attr-aspect ×1
          declared width="1200" height="800" (1.50:1) for a 2400x3600 file (0.67:1) — 125% off, so the box reserved before load is the wrong shape (ceiling 25%)
            article > div.inspire-prose > figure.group.relative.my-6 > img.h-auto.w-auto.max-w-full  ⟨img · not a link · alt="Sehelai kain berwarna merah jambu dilipat membentuk kelopak bunga di atas dulang hantaran beralas renda, dengan sebuah dulang buah-buahan berhias bunga tiruan di belakangnya."⟩
            "787780605155-images-s-gubahan-kain-hantaran-mohd-hasan/high.webp"
[ ok ] /artikel/hantaran-mas-kahwin/hantaran-tunang-untuk-lelaki @768 0 violation(s)  empty:0 rail:0 narrow:0 measure:0 clipped:0 over:0 clip:0 upscale:0 aspect:0 attr:1 unmeasurable:0 R2:0 R6:0 H6:0 H6.6:0 · +1 advisory
        image-attr-aspect ×1
          declared width="1200" height="800" (1.50:1) for a 2400x3600 file (0.67:1) — 125% off, so the box reserved before load is the wrong shape (ceiling 25%)
            article > div.inspire-prose > figure.group.relative.my-6 > img.h-auto.w-auto.max-w-full  ⟨img · not a link · alt="Sehelai kain berwarna merah jambu dilipat membentuk kelopak bunga di atas dulang hantaran beralas renda, dengan sebuah dulang buah-buahan berhias bunga tiruan di belakangnya."⟩
            "787780605155-images-s-gubahan-kain-hantaran-mohd-hasan/high.webp"
[ ok ] /artikel/hantaran-mas-kahwin/hantaran-tunang-untuk-lelaki @1024 0 violation(s)  empty:0 rail:0 narrow:0 measure:0 clipped:0 over:0 clip:0 upscale:0 aspect:0 attr:1 unmeasurable:0 R2:0 R6:0 H6:0 H6.6:0 · +1 advisory
        image-attr-aspect ×1
          declared width="1200" height="800" (1.50:1) for a 2400x3600 file (0.67:1) — 125% off, so the box reserved before load is the wrong shape (ceiling 25%)
            article > div.inspire-prose > figure.group.relative.my-6 > img.h-auto.w-auto.max-w-full  ⟨img · not a link · alt="Sehelai kain berwarna merah jambu dilipat membentuk kelopak bunga di atas dulang hantaran beralas renda, dengan sebuah dulang buah-buahan berhias bunga tiruan di belakangnya."⟩
            "787780605155-images-s-gubahan-kain-hantaran-mohd-hasan/high.webp"
[ ok ] /artikel/hantaran-mas-kahwin/hantaran-tunang-untuk-lelaki @1440 0 violation(s)  empty:0 rail:0 narrow:0 measure:0 clipped:0 over:0 clip:0 upscale:0 aspect:0 attr:1 unmeasurable:0 R2:0 R6:0 H6:0 H6.6:0 · +1 advisory
        image-attr-aspect ×1
          declared width="1200" height="800" (1.50:1) for a 2400x3600 file (0.67:1) — 125% off, so the box reserved before load is the wrong shape (ceiling 25%)
            article > div.inspire-prose > figure.group.relative.my-6 > img.h-auto.w-auto.max-w-full  ⟨img · not a link · alt="Sehelai kain berwarna merah jambu dilipat membentuk kelopak bunga di atas dulang hantaran beralas renda, dengan sebuah dulang buah-buahan berhias bunga tiruan di belakangnya."⟩
            "787780605155-images-s-gubahan-kain-hantaran-mohd-hasan/high.webp"
[ ok ] /artikel/hantaran-mas-kahwin/hantaran-tunang-untuk-lelaki @1920 0 violation(s)  empty:0 rail:0 narrow:0 measure:0 clipped:0 over:0 clip:0 upscale:0 aspect:0 attr:1 unmeasurable:0 R2:0 R6:0 H6:0 H6.6:0 · +1 advisory
        image-attr-aspect ×1
          declared width="1200" height="800" (1.50:1) for a 2400x3600 file (0.67:1) — 125% off, so the box reserved before load is the wrong shape (ceiling 25%)
            article > div.inspire-prose > figure.group.relative.my-6 > img.h-auto.w-auto.max-w-full  ⟨img · not a link · alt="Sehelai kain berwarna merah jambu dilipat membentuk kelopak bunga di atas dulang hantaran beralas renda, dengan sebuah dulang buah-buahan berhias bunga tiruan di belakangnya."⟩
            "787780605155-images-s-gubahan-kain-hantaran-mohd-hasan/high.webp"
[FAIL] /artikel/hantaran-mas-kahwin/duit-hantaran-kahwin @390 13 violation(s)  empty:0 rail:0 narrow:13 measure:0 clipped:0 over:0 clip:0 upscale:0 aspect:0 attr:1 unmeasurable:0 R2:0 R6:0 H6:0 H6.6:0 · +1 advisory
        narrow-text-column ×13
          90.4px column, 2 lines, box 90x58px (floor 120px)
            tbody > tr > th > p  ⟨p · not a link⟩
            "Mas kahwin"
          90.3px column, 2 lines, box 90x58px (floor 120px)
            tbody > tr > th > p  ⟨p · not a link⟩
            "Duit hantaran"
          94.3px column, 2 lines, box 94x58px (floor 120px)
            tbody > tr > td > p  ⟨p · not a link⟩
            "Wajib atau adat"
          94.3px column, 3 lines, box 94x87px (floor 120px)
            tbody > tr > td > p  ⟨p · not a link⟩
            "Diberi kepada siapa"
          … and 9 more
        image-attr-aspect ×1
          declared width="1200" height="800" (1.50:1) for a 1536x2048 file (0.75:1) — 100% off, so the box reserved before load is the wrong shape (ceiling 25%)
            article > div.inspire-prose > figure.group.relative.my-6 > img.h-auto.w-auto.max-w-full  ⟨img · not a link · alt="Tok kadi berbaju melayu, seorang lelaki lebih tua dan dua orang lelaki lain duduk berbaris bersila di atas permaidani masjid, dengan kertas dan borang di hadapan mereka."⟩
            "1787758566058-images-s-wali-saksi-tok-kadi-mylifestory/high.webp"
[FAIL] /artikel/hantaran-mas-kahwin/duit-hantaran-kahwin @768 11 violation(s)  empty:0 rail:0 narrow:10 measure:1 clipped:0 over:0 clip:0 upscale:0 aspect:0 attr:1 unmeasurable:0 R2:0 R6:0 H6:0 H6.6:0 · +1 advisory
        narrow-text-column ×10
          115.3px column, 2 lines, box 115x60px (floor 120px)
            tbody > tr > th > p  ⟨p · not a link⟩
            "Duit hantaran"
          112.5px column, 2 lines, box 113x60px (floor 120px)
            tbody > tr > td > p  ⟨p · not a link⟩
            "Wajib atau adat"
          112.5px column, 2 lines, box 113x60px (floor 120px)
            tbody > tr > td > p  ⟨p · not a link⟩
            "Diberi kepada siapa"
          108.3px column, 2 lines, box 108x60px (floor 120px)
            tbody > tr > td > p  ⟨p · not a link⟩
            "Keluarga pengantin"
          … and 6 more
        reading-measure ×1
          100.6 characters per line — 704px column at 14.0px (ceiling 75)
            aside.hk-rail > div.hk-rail-block > ul.hk-rail-sources > li  ⟨li · not a link⟩
            "Ahmad Haziq Haikal Kamal dan Miszairi Sitiris, Universiti Is"
        image-attr-aspect ×1
          declared width="1200" height="800" (1.50:1) for a 1536x2048 file (0.75:1) — 100% off, so the box reserved before load is the wrong shape (ceiling 25%)
            article > div.inspire-prose > figure.group.relative.my-6 > img.h-auto.w-auto.max-w-full  ⟨img · not a link · alt="Tok kadi berbaju melayu, seorang lelaki lebih tua dan dua orang lelaki lain duduk berbaris bersila di atas permaidani masjid, dengan kertas dan borang di hadapan mereka."⟩
            "1787758566058-images-s-wali-saksi-tok-kadi-mylifestory/high.webp"
[FAIL] /artikel/hantaran-mas-kahwin/duit-hantaran-kahwin @1024 10 violation(s)  empty:0 rail:0 narrow:10 measure:0 clipped:0 over:0 clip:0 upscale:0 aspect:0 attr:1 unmeasurable:0 R2:0 R6:0 H6:0 H6.6:0 · +1 advisory
        narrow-text-column ×10
          115.3px column, 2 lines, box 115x61px (floor 120px)
            tbody > tr > th > p  ⟨p · not a link⟩
            "Duit hantaran"
          113.2px column, 2 lines, box 113x61px (floor 120px)
            tbody > tr > td > p  ⟨p · not a link⟩
            "Wajib atau adat"
          113.2px column, 2 lines, box 113x61px (floor 120px)
            tbody > tr > td > p  ⟨p · not a link⟩
            "Diberi kepada siapa"
          109.0px column, 2 lines, box 109x61px (floor 120px)
            tbody > tr > td > p  ⟨p · not a link⟩
            "Keluarga pengantin"
          … and 6 more
        image-attr-aspect ×1
          declared width="1200" height="800" (1.50:1) for a 1536x2048 file (0.75:1) — 100% off, so the box reserved before load is the wrong shape (ceiling 25%)
            article > div.inspire-prose > figure.group.relative.my-6 > img.h-auto.w-auto.max-w-full  ⟨img · not a link · alt="Tok kadi berbaju melayu, seorang lelaki lebih tua dan dua orang lelaki lain duduk berbaris bersila di atas permaidani masjid, dengan kertas dan borang di hadapan mereka."⟩
            "1787758566058-images-s-wali-saksi-tok-kadi-mylifestory/high.webp"
[FAIL] /artikel/hantaran-mas-kahwin/duit-hantaran-kahwin @1440 10 violation(s)  empty:0 rail:0 narrow:10 measure:0 clipped:0 over:0 clip:0 upscale:0 aspect:0 attr:1 unmeasurable:0 R2:0 R6:0 H6:0 H6.6:0 · +1 advisory
        narrow-text-column ×10
          118.3px column, 2 lines, box 118x61px (floor 120px)
            tbody > tr > th > p  ⟨p · not a link⟩
            "Duit hantaran"
          115.3px column, 2 lines, box 115x61px (floor 120px)
            tbody > tr > td > p  ⟨p · not a link⟩
            "Wajib atau adat"
          115.3px column, 2 lines, box 115x61px (floor 120px)
            tbody > tr > td > p  ⟨p · not a link⟩
            "Diberi kepada siapa"
          111.0px column, 2 lines, box 111x61px (floor 120px)
            tbody > tr > td > p  ⟨p · not a link⟩
            "Keluarga pengantin"
          … and 6 more
        image-attr-aspect ×1
          declared width="1200" height="800" (1.50:1) for a 1536x2048 file (0.75:1) — 100% off, so the box reserved before load is the wrong shape (ceiling 25%)
            article > div.inspire-prose > figure.group.relative.my-6 > img.h-auto.w-auto.max-w-full  ⟨img · not a link · alt="Tok kadi berbaju melayu, seorang lelaki lebih tua dan dua orang lelaki lain duduk berbaris bersila di atas permaidani masjid, dengan kertas dan borang di hadapan mereka."⟩
            "1787758566058-images-s-wali-saksi-tok-kadi-mylifestory/high.webp"
[FAIL] /artikel/hantaran-mas-kahwin/duit-hantaran-kahwin @1920 10 violation(s)  empty:0 rail:0 narrow:10 measure:0 clipped:0 over:0 clip:0 upscale:0 aspect:0 attr:1 unmeasurable:0 R2:0 R6:0 H6:0 H6.6:0 · +1 advisory
        narrow-text-column ×10
          118.3px column, 2 lines, box 118x61px (floor 120px)
            tbody > tr > th > p  ⟨p · not a link⟩
            "Duit hantaran"
          115.3px column, 2 lines, box 115x61px (floor 120px)
            tbody > tr > td > p  ⟨p · not a link⟩
            "Wajib atau adat"
          115.3px column, 2 lines, box 115x61px (floor 120px)
            tbody > tr > td > p  ⟨p · not a link⟩
            "Diberi kepada siapa"
          111.0px column, 2 lines, box 111x61px (floor 120px)
            tbody > tr > td > p  ⟨p · not a link⟩
            "Keluarga pengantin"
          … and 6 more
        image-attr-aspect ×1
          declared width="1200" height="800" (1.50:1) for a 1536x2048 file (0.75:1) — 100% off, so the box reserved before load is the wrong shape (ceiling 25%)
            article > div.inspire-prose > figure.group.relative.my-6 > img.h-auto.w-auto.max-w-full  ⟨img · not a link · alt="Tok kadi berbaju melayu, seorang lelaki lebih tua dan dua orang lelaki lain duduk berbaris bersila di atas permaidani masjid, dengan kertas dan borang di hadapan mereka."⟩
            "1787758566058-images-s-wali-saksi-tok-kadi-mylifestory/high.webp"
[ ok ] /artikel/hantaran-mas-kahwin/cara-tetapkan-duit-hantaran @390 0 violation(s)  empty:0 rail:0 narrow:0 measure:0 clipped:0 over:0 clip:0 upscale:0 aspect:0 attr:0 unmeasurable:0 R2:0 R6:0 H6:0 H6.6:0
[FAIL] /artikel/hantaran-mas-kahwin/cara-tetapkan-duit-hantaran @768 1 violation(s)  empty:0 rail:0 narrow:0 measure:1 clipped:0 over:0 clip:0 upscale:0 aspect:0 attr:0 unmeasurable:0 R2:0 R6:0 H6:0 H6.6:0
        reading-measure ×1
          100.6 characters per line — 704px column at 14.0px (ceiling 75)
            aside.hk-rail > div.hk-rail-block > ul.hk-rail-sources > li  ⟨li · not a link⟩
            "Abdul Ghani On, Jurnal Warisan Indera Kayangan Bil. 15, 2003"
[ ok ] /artikel/hantaran-mas-kahwin/cara-tetapkan-duit-hantaran @1024 0 violation(s)  empty:0 rail:0 narrow:0 measure:0 clipped:0 over:0 clip:0 upscale:0 aspect:0 attr:0 unmeasurable:0 R2:0 R6:0 H6:0 H6.6:0
[ ok ] /artikel/hantaran-mas-kahwin/cara-tetapkan-duit-hantaran @1440 0 violation(s)  empty:0 rail:0 narrow:0 measure:0 clipped:0 over:0 clip:0 upscale:0 aspect:0 attr:0 unmeasurable:0 R2:0 R6:0 H6:0 H6.6:0
[ ok ] /artikel/hantaran-mas-kahwin/cara-tetapkan-duit-hantaran @1920 0 violation(s)  empty:0 rail:0 narrow:0 measure:0 clipped:0 over:0 clip:0 upscale:0 aspect:0 attr:0 unmeasurable:0 R2:0 R6:0 H6:0 H6.6:0
[FAIL] /artikel/sebelum-nikah/doa-majlis-pertunangan @390 12 violation(s)  empty:0 rail:0 narrow:12 measure:0 clipped:0 over:0 clip:0 upscale:0 aspect:0 attr:2 unmeasurable:0 R2:0 R6:0 H6:0 H6.6:0 · +2 advisory
        narrow-text-column ×12
          73.5px column, 4 lines, box 74x116px (floor 120px)
            tbody > tr > th > p  ⟨p · not a link⟩
            "Edisi lama, tanpa tarikh"
          90.1px column, 2 lines, box 90x58px (floor 120px)
            tbody > tr > th > p  ⟨p · not a link⟩
            "Terbitan 2025"
          90.1px column, 3 lines, box 90x87px (floor 120px)
            tbody > tr > th > p  ⟨p · not a link⟩
            "Terbitan 2026 (semasa)"
          73.5px column, 12 lines, box 74x348px (floor 120px)
            tbody > tr > td > p  ⟨p · not a link⟩
            "Garis Panduan Tatacara Membaca Doa Di Majlis-Majlis Rasmi Da"
          … and 8 more
        image-attr-aspect ×2
          declared width="1200" height="800" (1.50:1) for a 2400x3600 file (0.67:1) — 125% off, so the box reserved before load is the wrong shape (ceiling 25%)
            article > div.inspire-prose > figure.group.relative.my-6 > img.h-auto.w-auto.max-w-full  ⟨img · not a link · alt="Seorang qari berserban putih berjalur merah dan berjubah hitam duduk membaca daripada kitab terbuka, dengan mikrofon kepala di pipinya. Beberapa lelaki bersongkok dan berserban duduk membelakangi kamera di hadapannya."⟩
            "7707589508-images-s-majlis-doa-selamat-ahmad-ali-karim/high.webp"
          declared width="1200" height="800" (1.50:1) for a 2400x3600 file (0.67:1) — 125% off, so the box reserved before load is the wrong shape (ceiling 25%)
            article > div.inspire-prose > figure.group.relative.my-6 > img.h-auto.w-auto.max-w-full  ⟨img · not a link · alt="Cincin emas bermata putih di dalam kotak baldu hijau berbentuk hati yang terbuka, diletakkan di atas dulang hantaran bersulam manik emas dan renda mutiara. Sebuah kotak merah jambu berisi barang kemas kelihatan kabur di sudut bawah."⟩
            "1787707589508-images-s-cincin-tunang-dulang-mohd-nasir/high.webp"
[FAIL] /artikel/sebelum-nikah/doa-majlis-pertunangan @768 5 violation(s)  empty:0 rail:0 narrow:5 measure:0 clipped:0 over:0 clip:0 upscale:0 aspect:0 attr:2 unmeasurable:0 R2:0 R6:0 H6:0 H6.6:0 · +2 advisory
        narrow-text-column ×5
          102.8px column, 3 lines, box 103x90px (floor 120px)
            tbody > tr > th > p  ⟨p · not a link⟩
            "Terbitan 2026 (semasa)"
          102.8px column, 2 lines, box 103x60px (floor 120px)
            tbody > tr > td > p  ⟨p · not a link⟩
            "Sama seperti 2025"
          102.8px column, 3 lines, box 103x90px (floor 120px)
            tbody > tr > td > p  ⟨p · not a link⟩
            "Antara 2 hingga 3 minit"
          102.8px column, 3 lines, box 103x90px (floor 120px)
            tbody > tr > td > p  ⟨p · not a link⟩
            ""Hendaklah seorang lelaki""
          … and 1 more
        image-attr-aspect ×2
          declared width="1200" height="800" (1.50:1) for a 2400x3600 file (0.67:1) — 125% off, so the box reserved before load is the wrong shape (ceiling 25%)
            article > div.inspire-prose > figure.group.relative.my-6 > img.h-auto.w-auto.max-w-full  ⟨img · not a link · alt="Seorang qari berserban putih berjalur merah dan berjubah hitam duduk membaca daripada kitab terbuka, dengan mikrofon kepala di pipinya. Beberapa lelaki bersongkok dan berserban duduk membelakangi kamera di hadapannya."⟩
            "7707589508-images-s-majlis-doa-selamat-ahmad-ali-karim/high.webp"
          declared width="1200" height="800" (1.50:1) for a 2400x3600 file (0.67:1) — 125% off, so the box reserved before load is the wrong shape (ceiling 25%)
            article > div.inspire-prose > figure.group.relative.my-6 > img.h-auto.w-auto.max-w-full  ⟨img · not a link · alt="Cincin emas bermata putih di dalam kotak baldu hijau berbentuk hati yang terbuka, diletakkan di atas dulang hantaran bersulam manik emas dan renda mutiara. Sebuah kotak merah jambu berisi barang kemas kelihatan kabur di sudut bawah."⟩
            "1787707589508-images-s-cincin-tunang-dulang-mohd-nasir/high.webp"
[FAIL] /artikel/sebelum-nikah/doa-majlis-pertunangan @1024 6 violation(s)  empty:0 rail:0 narrow:5 measure:0 clipped:0 over:1 clip:0 upscale:0 aspect:0 attr:2 unmeasurable:0 R2:0 R6:0 H6:0 H6.6:0 · +2 advisory
        narrow-text-column ×5
          104.0px column, 3 lines, box 104x92px (floor 120px)
            tbody > tr > th > p  ⟨p · not a link⟩
            "Terbitan 2026 (semasa)"
          104.0px column, 2 lines, box 104x61px (floor 120px)
            tbody > tr > td > p  ⟨p · not a link⟩
            "Sama seperti 2025"
          104.0px column, 3 lines, box 104x92px (floor 120px)
            tbody > tr > td > p  ⟨p · not a link⟩
            "Antara 2 hingga 3 minit"
          104.0px column, 3 lines, box 104x92px (floor 120px)
            tbody > tr > td > p  ⟨p · not a link⟩
            ""Hendaklah seorang lelaki""
          … and 1 more
        viewport-overflow ×1
          right edge 1045.0px in a 1024px viewport (element 279.0px wide, 21.0px past)
            div.s-rekod > div > div.s-frow > span.s-val  ⟨span · not a link⟩
            "Sebelum Nikah: Jodoh, Merisik & Tunang"
        image-attr-aspect ×2
          declared width="1200" height="800" (1.50:1) for a 2400x3600 file (0.67:1) — 125% off, so the box reserved before load is the wrong shape (ceiling 25%)
            article > div.inspire-prose > figure.group.relative.my-6 > img.h-auto.w-auto.max-w-full  ⟨img · not a link · alt="Seorang qari berserban putih berjalur merah dan berjubah hitam duduk membaca daripada kitab terbuka, dengan mikrofon kepala di pipinya. Beberapa lelaki bersongkok dan berserban duduk membelakangi kamera di hadapannya."⟩
            "7707589508-images-s-majlis-doa-selamat-ahmad-ali-karim/high.webp"
          declared width="1200" height="800" (1.50:1) for a 2400x3600 file (0.67:1) — 125% off, so the box reserved before load is the wrong shape (ceiling 25%)
            article > div.inspire-prose > figure.group.relative.my-6 > img.h-auto.w-auto.max-w-full  ⟨img · not a link · alt="Cincin emas bermata putih di dalam kotak baldu hijau berbentuk hati yang terbuka, diletakkan di atas dulang hantaran bersulam manik emas dan renda mutiara. Sebuah kotak merah jambu berisi barang kemas kelihatan kabur di sudut bawah."⟩
            "1787707589508-images-s-cincin-tunang-dulang-mohd-nasir/high.webp"
[FAIL] /artikel/sebelum-nikah/doa-majlis-pertunangan @1440 5 violation(s)  empty:0 rail:0 narrow:5 measure:0 clipped:0 over:0 clip:0 upscale:0 aspect:0 attr:2 unmeasurable:0 R2:0 R6:0 H6:0 H6.6:0 · +2 advisory
        narrow-text-column ×5
          105.3px column, 3 lines, box 105x92px (floor 120px)
            tbody > tr > th > p  ⟨p · not a link⟩
            "Terbitan 2026 (semasa)"
          105.3px column, 2 lines, box 105x61px (floor 120px)
            tbody > tr > td > p  ⟨p · not a link⟩
            "Sama seperti 2025"
          105.3px column, 3 lines, box 105x92px (floor 120px)
            tbody > tr > td > p  ⟨p · not a link⟩
            "Antara 2 hingga 3 minit"
          105.3px column, 3 lines, box 105x92px (floor 120px)
            tbody > tr > td > p  ⟨p · not a link⟩
            ""Hendaklah seorang lelaki""
          … and 1 more
        image-attr-aspect ×2
          declared width="1200" height="800" (1.50:1) for a 2400x3600 file (0.67:1) — 125% off, so the box reserved before load is the wrong shape (ceiling 25%)
            article > div.inspire-prose > figure.group.relative.my-6 > img.h-auto.w-auto.max-w-full  ⟨img · not a link · alt="Seorang qari berserban putih berjalur merah dan berjubah hitam duduk membaca daripada kitab terbuka, dengan mikrofon kepala di pipinya. Beberapa lelaki bersongkok dan berserban duduk membelakangi kamera di hadapannya."⟩
            "7707589508-images-s-majlis-doa-selamat-ahmad-ali-karim/high.webp"
          declared width="1200" height="800" (1.50:1) for a 2400x3600 file (0.67:1) — 125% off, so the box reserved before load is the wrong shape (ceiling 25%)
            article > div.inspire-prose > figure.group.relative.my-6 > img.h-auto.w-auto.max-w-full  ⟨img · not a link · alt="Cincin emas bermata putih di dalam kotak baldu hijau berbentuk hati yang terbuka, diletakkan di atas dulang hantaran bersulam manik emas dan renda mutiara. Sebuah kotak merah jambu berisi barang kemas kelihatan kabur di sudut bawah."⟩
            "1787707589508-images-s-cincin-tunang-dulang-mohd-nasir/high.webp"
[FAIL] /artikel/sebelum-nikah/doa-majlis-pertunangan @1920 5 violation(s)  empty:0 rail:0 narrow:5 measure:0 clipped:0 over:0 clip:0 upscale:0 aspect:0 attr:2 unmeasurable:0 R2:0 R6:0 H6:0 H6.6:0 · +2 advisory
        narrow-text-column ×5
          105.3px column, 3 lines, box 105x92px (floor 120px)
            tbody > tr > th > p  ⟨p · not a link⟩
            "Terbitan 2026 (semasa)"
          105.3px column, 2 lines, box 105x61px (floor 120px)
            tbody > tr > td > p  ⟨p · not a link⟩
            "Sama seperti 2025"
          105.3px column, 3 lines, box 105x92px (floor 120px)
            tbody > tr > td > p  ⟨p · not a link⟩
            "Antara 2 hingga 3 minit"
          105.3px column, 3 lines, box 105x92px (floor 120px)
            tbody > tr > td > p  ⟨p · not a link⟩
            ""Hendaklah seorang lelaki""
          … and 1 more
        image-attr-aspect ×2
          declared width="1200" height="800" (1.50:1) for a 2400x3600 file (0.67:1) — 125% off, so the box reserved before load is the wrong shape (ceiling 25%)
            article > div.inspire-prose > figure.group.relative.my-6 > img.h-auto.w-auto.max-w-full  ⟨img · not a link · alt="Seorang qari berserban putih berjalur merah dan berjubah hitam duduk membaca daripada kitab terbuka, dengan mikrofon kepala di pipinya. Beberapa lelaki bersongkok dan berserban duduk membelakangi kamera di hadapannya."⟩
            "7707589508-images-s-majlis-doa-selamat-ahmad-ali-karim/high.webp"
          declared width="1200" height="800" (1.50:1) for a 2400x3600 file (0.67:1) — 125% off, so the box reserved before load is the wrong shape (ceiling 25%)
            article > div.inspire-prose > figure.group.relative.my-6 > img.h-auto.w-auto.max-w-full  ⟨img · not a link · alt="Cincin emas bermata putih di dalam kotak baldu hijau berbentuk hati yang terbuka, diletakkan di atas dulang hantaran bersulam manik emas dan renda mutiara. Sebuah kotak merah jambu berisi barang kemas kelihatan kabur di sudut bawah."⟩
            "1787707589508-images-s-cincin-tunang-dulang-mohd-nasir/high.webp"
[ ok ] /artikel/idea-dan-nasihat/dewan-kahwin @390    0 violation(s)  empty:0 rail:0 narrow:0 measure:0 clipped:0 over:0 clip:0 upscale:0 aspect:0 attr:0 unmeasurable:0 R2:0 R6:0 H6:0 H6.6:0
[ ok ] /artikel/idea-dan-nasihat/dewan-kahwin @768    0 violation(s)  empty:0 rail:0 narrow:0 measure:0 clipped:0 over:0 clip:0 upscale:0 aspect:0 attr:0 unmeasurable:0 R2:0 R6:0 H6:0 H6.6:0
[ ok ] /artikel/idea-dan-nasihat/dewan-kahwin @1024   0 violation(s)  empty:0 rail:0 narrow:0 measure:0 clipped:0 over:0 clip:0 upscale:0 aspect:0 attr:0 unmeasurable:0 R2:0 R6:0 H6:0 H6.6:0
[ ok ] /artikel/idea-dan-nasihat/dewan-kahwin @1440   0 violation(s)  empty:0 rail:0 narrow:0 measure:0 clipped:0 over:0 clip:0 upscale:0 aspect:0 attr:0 unmeasurable:0 R2:0 R6:0 H6:0 H6.6:0
[ ok ] /artikel/idea-dan-nasihat/dewan-kahwin @1920   0 violation(s)  empty:0 rail:0 narrow:0 measure:0 clipped:0 over:0 clip:0 upscale:0 aspect:0 attr:0 unmeasurable:0 R2:0 R6:0 H6:0 H6.6:0
[FAIL] /artikel/hantaran-mas-kahwin/hantaran-untuk-lelaki @390 35 violation(s)  empty:0 rail:0 narrow:35 measure:0 clipped:0 over:0 clip:0 upscale:0 aspect:0 attr:2 unmeasurable:0 R2:0 R6:0 H6:0 H6.6:0 · +2 advisory
        narrow-text-column ×35
          102.3px column, 2 lines, box 102x58px (floor 120px)
            tbody > tr > th > p  ⟨p · not a link⟩
            "Mushaf termurah"
          111.5px column, 2 lines, box 112x58px (floor 120px)
            tbody > tr > th > p  ⟨p · not a link⟩
            "Edisi pertengahan"
          88.4px column, 2 lines, box 88x58px (floor 120px)
            tbody > tr > th > p  ⟨p · not a link⟩
            "Edisi tertinggi"
          85.0px column, 6 lines, box 85x174px (floor 120px)
            tbody > tr > td > p  ⟨p · not a link⟩
            "Karangkraf Mall, Kumpulan Media Karangkraf Sdn Bhd"
          … and 31 more
        image-attr-aspect ×2
          declared width="1200" height="800" (1.50:1) for a 1536x2048 file (0.75:1) — 100% off, so the box reserved before load is the wrong shape (ceiling 25%)
            article > div.inspire-prose > figure.group.relative.my-6 > img.h-auto.w-auto.max-w-full  ⟨img · not a link · alt="Deretan dulang hantaran bersarung kain putih bermanik disusun memanjang di atas permaidani masjid berwarna hijau, antaranya bantal cincin, kotak baldu, tali leher, sepasang kasut kulit coklat dan jambangan bunga ros putih."⟩
            "7781752165-images-s-dulang-hantaran-masjid-mylifestory/high.webp"
          declared width="1200" height="800" (1.50:1) for a 2400x3600 file (0.67:1) — 125% off, so the box reserved before load is the wrong shape (ceiling 25%)
            article > div.inspire-prose > figure.group.relative.my-6 > img.h-auto.w-auto.max-w-full  ⟨img · not a link · alt="Sebuah dulang hantaran berisi anggur hitam, epal merah, oren dan buah naga, dihias bunga tiruan putih dan renda di atas bingkai kayu."⟩
            "1787781752165-images-s-dulang-buah-hantaran-mohd-hasan/high.webp"
[FAIL] /artikel/hantaran-mas-kahwin/hantaran-untuk-lelaki @768 9 violation(s)  empty:0 rail:0 narrow:9 measure:0 clipped:0 over:0 clip:0 upscale:0 aspect:0 attr:2 unmeasurable:0 R2:0 R6:0 H6:0 H6.6:0 · +2 advisory
        narrow-text-column ×9
          116.1px column, 2 lines, box 116x60px (floor 120px)
            tbody > tr > th > p  ⟨p · not a link⟩
            "Edisi tertinggi"
          107.5px column, 6 lines, box 108x180px (floor 120px)
            tbody > tr > td > p  ⟨p · not a link⟩
            "Karangkraf Mall, Kumpulan Media Karangkraf Sdn Bhd"
          116.1px column, 4 lines, box 116x120px (floor 120px)
            tbody > tr > td > p  ⟨p · not a link⟩
            "RM250.00, Al-Quran Amazing Tagging"
          107.5px column, 2 lines, box 108x60px (floor 120px)
            tbody > tr > td > p  ⟨p · not a link⟩
            "Pustaka Mukmin KL"
          … and 5 more
        image-attr-aspect ×2
          declared width="1200" height="800" (1.50:1) for a 1536x2048 file (0.75:1) — 100% off, so the box reserved before load is the wrong shape (ceiling 25%)
            article > div.inspire-prose > figure.group.relative.my-6 > img.h-auto.w-auto.max-w-full  ⟨img · not a link · alt="Deretan dulang hantaran bersarung kain putih bermanik disusun memanjang di atas permaidani masjid berwarna hijau, antaranya bantal cincin, kotak baldu, tali leher, sepasang kasut kulit coklat dan jambangan bunga ros putih."⟩
            "7781752165-images-s-dulang-hantaran-masjid-mylifestory/high.webp"
          declared width="1200" height="800" (1.50:1) for a 2400x3600 file (0.67:1) — 125% off, so the box reserved before load is the wrong shape (ceiling 25%)
            article > div.inspire-prose > figure.group.relative.my-6 > img.h-auto.w-auto.max-w-full  ⟨img · not a link · alt="Sebuah dulang hantaran berisi anggur hitam, epal merah, oren dan buah naga, dihias bunga tiruan putih dan renda di atas bingkai kayu."⟩
            "1787781752165-images-s-dulang-buah-hantaran-mohd-hasan/high.webp"
[FAIL] /artikel/hantaran-mas-kahwin/hantaran-untuk-lelaki @1024 9 violation(s)  empty:0 rail:0 narrow:9 measure:0 clipped:0 over:0 clip:0 upscale:0 aspect:0 attr:2 unmeasurable:0 R2:0 R6:0 H6:0 H6.6:0 · +2 advisory
        narrow-text-column ×9
          115.0px column, 2 lines, box 115x61px (floor 120px)
            tbody > tr > th > p  ⟨p · not a link⟩
            "Edisi tertinggi"
          107.0px column, 6 lines, box 107x184px (floor 120px)
            tbody > tr > td > p  ⟨p · not a link⟩
            "Karangkraf Mall, Kumpulan Media Karangkraf Sdn Bhd"
          115.0px column, 4 lines, box 115x122px (floor 120px)
            tbody > tr > td > p  ⟨p · not a link⟩
            "RM250.00, Al-Quran Amazing Tagging"
          107.0px column, 2 lines, box 107x61px (floor 120px)
            tbody > tr > td > p  ⟨p · not a link⟩
            "Pustaka Mukmin KL"
          … and 5 more
        image-attr-aspect ×2
          declared width="1200" height="800" (1.50:1) for a 1536x2048 file (0.75:1) — 100% off, so the box reserved before load is the wrong shape (ceiling 25%)
            article > div.inspire-prose > figure.group.relative.my-6 > img.h-auto.w-auto.max-w-full  ⟨img · not a link · alt="Deretan dulang hantaran bersarung kain putih bermanik disusun memanjang di atas permaidani masjid berwarna hijau, antaranya bantal cincin, kotak baldu, tali leher, sepasang kasut kulit coklat dan jambangan bunga ros putih."⟩
            "7781752165-images-s-dulang-hantaran-masjid-mylifestory/high.webp"
          declared width="1200" height="800" (1.50:1) for a 2400x3600 file (0.67:1) — 125% off, so the box reserved before load is the wrong shape (ceiling 25%)
            article > div.inspire-prose > figure.group.relative.my-6 > img.h-auto.w-auto.max-w-full  ⟨img · not a link · alt="Sebuah dulang hantaran berisi anggur hitam, epal merah, oren dan buah naga, dihias bunga tiruan putih dan renda di atas bingkai kayu."⟩
            "1787781752165-images-s-dulang-buah-hantaran-mohd-hasan/high.webp"
[FAIL] /artikel/hantaran-mas-kahwin/hantaran-untuk-lelaki @1440 9 violation(s)  empty:0 rail:0 narrow:9 measure:0 clipped:0 over:0 clip:0 upscale:0 aspect:0 attr:2 unmeasurable:0 R2:0 R6:0 H6:0 H6.6:0 · +2 advisory
        narrow-text-column ×9
          119.3px column, 2 lines, box 119x61px (floor 120px)
            tbody > tr > th > p  ⟨p · not a link⟩
            "Edisi tertinggi"
          110.4px column, 6 lines, box 110x184px (floor 120px)
            tbody > tr > td > p  ⟨p · not a link⟩
            "Karangkraf Mall, Kumpulan Media Karangkraf Sdn Bhd"
          119.3px column, 4 lines, box 119x122px (floor 120px)
            tbody > tr > td > p  ⟨p · not a link⟩
            "RM250.00, Al-Quran Amazing Tagging"
          110.4px column, 2 lines, box 110x61px (floor 120px)
            tbody > tr > td > p  ⟨p · not a link⟩
            "Pustaka Mukmin KL"
          … and 5 more
        image-attr-aspect ×2
          declared width="1200" height="800" (1.50:1) for a 1536x2048 file (0.75:1) — 100% off, so the box reserved before load is the wrong shape (ceiling 25%)
            article > div.inspire-prose > figure.group.relative.my-6 > img.h-auto.w-auto.max-w-full  ⟨img · not a link · alt="Deretan dulang hantaran bersarung kain putih bermanik disusun memanjang di atas permaidani masjid berwarna hijau, antaranya bantal cincin, kotak baldu, tali leher, sepasang kasut kulit coklat dan jambangan bunga ros putih."⟩
            "7781752165-images-s-dulang-hantaran-masjid-mylifestory/high.webp"
          declared width="1200" height="800" (1.50:1) for a 2400x3600 file (0.67:1) — 125% off, so the box reserved before load is the wrong shape (ceiling 25%)
            article > div.inspire-prose > figure.group.relative.my-6 > img.h-auto.w-auto.max-w-full  ⟨img · not a link · alt="Sebuah dulang hantaran berisi anggur hitam, epal merah, oren dan buah naga, dihias bunga tiruan putih dan renda di atas bingkai kayu."⟩
            "1787781752165-images-s-dulang-buah-hantaran-mohd-hasan/high.webp"
[FAIL] /artikel/hantaran-mas-kahwin/hantaran-untuk-lelaki @1920 9 violation(s)  empty:0 rail:0 narrow:9 measure:0 clipped:0 over:0 clip:0 upscale:0 aspect:0 attr:2 unmeasurable:0 R2:0 R6:0 H6:0 H6.6:0 · +2 advisory
        narrow-text-column ×9
          119.3px column, 2 lines, box 119x61px (floor 120px)
            tbody > tr > th > p  ⟨p · not a link⟩
            "Edisi tertinggi"
          110.4px column, 6 lines, box 110x184px (floor 120px)
            tbody > tr > td > p  ⟨p · not a link⟩
            "Karangkraf Mall, Kumpulan Media Karangkraf Sdn Bhd"
          119.3px column, 4 lines, box 119x122px (floor 120px)
            tbody > tr > td > p  ⟨p · not a link⟩
            "RM250.00, Al-Quran Amazing Tagging"
          110.4px column, 2 lines, box 110x61px (floor 120px)
            tbody > tr > td > p  ⟨p · not a link⟩
            "Pustaka Mukmin KL"
          … and 5 more
        image-attr-aspect ×2
          declared width="1200" height="800" (1.50:1) for a 1536x2048 file (0.75:1) — 100% off, so the box reserved before load is the wrong shape (ceiling 25%)
            article > div.inspire-prose > figure.group.relative.my-6 > img.h-auto.w-auto.max-w-full  ⟨img · not a link · alt="Deretan dulang hantaran bersarung kain putih bermanik disusun memanjang di atas permaidani masjid berwarna hijau, antaranya bantal cincin, kotak baldu, tali leher, sepasang kasut kulit coklat dan jambangan bunga ros putih."⟩
            "7781752165-images-s-dulang-hantaran-masjid-mylifestory/high.webp"
          declared width="1200" height="800" (1.50:1) for a 2400x3600 file (0.67:1) — 125% off, so the box reserved before load is the wrong shape (ceiling 25%)
            article > div.inspire-prose > figure.group.relative.my-6 > img.h-auto.w-auto.max-w-full  ⟨img · not a link · alt="Sebuah dulang hantaran berisi anggur hitam, epal merah, oren dan buah naga, dihias bunga tiruan putih dan renda di atas bingkai kayu."⟩
            "1787781752165-images-s-dulang-buah-hantaran-mohd-hasan/high.webp"
[ ok ] /artikel/moden-kontemporari/jw-marriott-kuala-lumpur @390 0 violation(s)  empty:0 rail:0 narrow:0 measure:0 clipped:0 over:0 clip:0 upscale:0 aspect:0 attr:7 unmeasurable:0 R2:0 R6:0 H6:0 H6.6:0 · +7 advisory
        image-attr-aspect ×7
          declared width="1200" height="800" (1.50:1) for a 2400x3600 file (0.67:1) — 125% off, so the box reserved before load is the wrong shape (ceiling 25%)
            article > div.inspire-prose > div.group.relative.lg:mx-auto > img.h-auto.w-auto.max-w-full  ⟨img · not a link · alt=null⟩
            "182-RW-AsmaradaraRedhuMalekDianaSyafiqJWMarriottKualaL/high.webp"
          declared width="1200" height="800" (1.50:1) for a 1024x1024 file (1.00:1) — 50% off, so the box reserved before load is the wrong shape (ceiling 25%)
            article > div.inspire-prose > div.group.relative.lg:mx-auto > img.h-auto.w-auto.max-w-full  ⟨img · not a link · alt=null⟩
            "648-RW-AsmaradaraRedhuMalekDianaSyafiqJWMarriottKualaL/high.webp"
          declared width="1200" height="800" (1.50:1) for a 1707x2560 file (0.67:1) — 125% off, so the box reserved before load is the wrong shape (ceiling 25%)
            article > div.inspire-prose > div.group.relative.lg:mx-auto > img.h-auto.w-auto.max-w-full  ⟨img · not a link · alt=null⟩
            "296-RW-AsmaradaraRedhuMalekDianaSyafiqJWMarriottKualaL/high.webp"
          declared width="1200" height="800" (1.50:1) for a 769x1024 file (0.75:1) — 100% off, so the box reserved before load is the wrong shape (ceiling 25%)
            article > div.inspire-prose > div.group.relative.lg:mx-auto > img.h-auto.w-auto.max-w-full  ⟨img · not a link · alt=null⟩
            "150-RW-AsmaradaraRedhuMalekDianaSyafiqJWMarriottKualaL/high.webp"
          … and 3 more
[FAIL] /artikel/moden-kontemporari/jw-marriott-kuala-lumpur @768 1 violation(s)  empty:0 rail:0 narrow:0 measure:1 clipped:0 over:0 clip:0 upscale:0 aspect:0 attr:7 unmeasurable:0 R2:0 R6:0 H6:0 H6.6:0 · +7 advisory
        reading-measure ×1
          81.3 characters per line — 610px column at 15.0px (ceiling 75)
            div > a.s-row > div > h3.t  ⟨h3 · link → /artikel/moden-kontemporari/sime-darby-convention-centre⟩
            "Majlis Perkahwinan Mewah dengan Sentuhan Warna Lembut di Sim"
        image-attr-aspect ×7
          declared width="1200" height="800" (1.50:1) for a 2400x3600 file (0.67:1) — 125% off, so the box reserved before load is the wrong shape (ceiling 25%)
            article > div.inspire-prose > div.group.relative.lg:mx-auto > img.h-auto.w-auto.max-w-full  ⟨img · not a link · alt=null⟩
            "182-RW-AsmaradaraRedhuMalekDianaSyafiqJWMarriottKualaL/high.webp"
          declared width="1200" height="800" (1.50:1) for a 1024x1024 file (1.00:1) — 50% off, so the box reserved before load is the wrong shape (ceiling 25%)
            article > div.inspire-prose > div.group.relative.lg:mx-auto > img.h-auto.w-auto.max-w-full  ⟨img · not a link · alt=null⟩
            "648-RW-AsmaradaraRedhuMalekDianaSyafiqJWMarriottKualaL/high.webp"
          declared width="1200" height="800" (1.50:1) for a 1707x2560 file (0.67:1) — 125% off, so the box reserved before load is the wrong shape (ceiling 25%)
            article > div.inspire-prose > div.group.relative.lg:mx-auto > img.h-auto.w-auto.max-w-full  ⟨img · not a link · alt=null⟩
            "296-RW-AsmaradaraRedhuMalekDianaSyafiqJWMarriottKualaL/high.webp"
          declared width="1200" height="800" (1.50:1) for a 769x1024 file (0.75:1) — 100% off, so the box reserved before load is the wrong shape (ceiling 25%)
            article > div.inspire-prose > div.group.relative.lg:mx-auto > img.h-auto.w-auto.max-w-full  ⟨img · not a link · alt=null⟩
            "150-RW-AsmaradaraRedhuMalekDianaSyafiqJWMarriottKualaL/high.webp"
          … and 3 more
[ ok ] /artikel/moden-kontemporari/jw-marriott-kuala-lumpur @1024 0 violation(s)  empty:0 rail:0 narrow:0 measure:0 clipped:0 over:0 clip:0 upscale:0 aspect:0 attr:7 unmeasurable:0 R2:0 R6:0 H6:0 H6.6:0 · +7 advisory
        image-attr-aspect ×7
          declared width="1200" height="800" (1.50:1) for a 2400x3600 file (0.67:1) — 125% off, so the box reserved before load is the wrong shape (ceiling 25%)
            article > div.inspire-prose > div.group.relative.lg:mx-auto > img.h-auto.w-auto.max-w-full  ⟨img · not a link · alt=null⟩
            "182-RW-AsmaradaraRedhuMalekDianaSyafiqJWMarriottKualaL/high.webp"
          declared width="1200" height="800" (1.50:1) for a 1024x1024 file (1.00:1) — 50% off, so the box reserved before load is the wrong shape (ceiling 25%)
            article > div.inspire-prose > div.group.relative.lg:mx-auto > img.h-auto.w-auto.max-w-full  ⟨img · not a link · alt=null⟩
            "648-RW-AsmaradaraRedhuMalekDianaSyafiqJWMarriottKualaL/high.webp"
          declared width="1200" height="800" (1.50:1) for a 1707x2560 file (0.67:1) — 125% off, so the box reserved before load is the wrong shape (ceiling 25%)
            article > div.inspire-prose > div.group.relative.lg:mx-auto > img.h-auto.w-auto.max-w-full  ⟨img · not a link · alt=null⟩
            "296-RW-AsmaradaraRedhuMalekDianaSyafiqJWMarriottKualaL/high.webp"
          declared width="1200" height="800" (1.50:1) for a 769x1024 file (0.75:1) — 100% off, so the box reserved before load is the wrong shape (ceiling 25%)
            article > div.inspire-prose > div.group.relative.lg:mx-auto > img.h-auto.w-auto.max-w-full  ⟨img · not a link · alt=null⟩
            "150-RW-AsmaradaraRedhuMalekDianaSyafiqJWMarriottKualaL/high.webp"
          … and 3 more
[FAIL] /artikel/moden-kontemporari/jw-marriott-kuala-lumpur @1440 1 violation(s)  empty:0 rail:0 narrow:0 measure:1 clipped:0 over:0 clip:0 upscale:0 aspect:0 attr:7 unmeasurable:0 R2:0 R6:0 H6:0 H6.6:0 · +7 advisory
        reading-measure ×1
          88.0 characters per line — 924px column at 21.0px (ceiling 75)
            div > a.s-row > div > h3.t  ⟨h3 · link → /artikel/moden-kontemporari/sime-darby-convention-centre⟩
            "Majlis Perkahwinan Mewah dengan Sentuhan Warna Lembut di Sim"
        image-attr-aspect ×7
          declared width="1200" height="800" (1.50:1) for a 2400x3600 file (0.67:1) — 125% off, so the box reserved before load is the wrong shape (ceiling 25%)
            article > div.inspire-prose > div.group.relative.lg:mx-auto > img.h-auto.w-auto.max-w-full  ⟨img · not a link · alt=null⟩
            "182-RW-AsmaradaraRedhuMalekDianaSyafiqJWMarriottKualaL/high.webp"
          declared width="1200" height="800" (1.50:1) for a 1024x1024 file (1.00:1) — 50% off, so the box reserved before load is the wrong shape (ceiling 25%)
            article > div.inspire-prose > div.group.relative.lg:mx-auto > img.h-auto.w-auto.max-w-full  ⟨img · not a link · alt=null⟩
            "648-RW-AsmaradaraRedhuMalekDianaSyafiqJWMarriottKualaL/high.webp"
          declared width="1200" height="800" (1.50:1) for a 1707x2560 file (0.67:1) — 125% off, so the box reserved before load is the wrong shape (ceiling 25%)
            article > div.inspire-prose > div.group.relative.lg:mx-auto > img.h-auto.w-auto.max-w-full  ⟨img · not a link · alt=null⟩
            "296-RW-AsmaradaraRedhuMalekDianaSyafiqJWMarriottKualaL/high.webp"
          declared width="1200" height="800" (1.50:1) for a 769x1024 file (0.75:1) — 100% off, so the box reserved before load is the wrong shape (ceiling 25%)
            article > div.inspire-prose > div.group.relative.lg:mx-auto > img.h-auto.w-auto.max-w-full  ⟨img · not a link · alt=null⟩
            "150-RW-AsmaradaraRedhuMalekDianaSyafiqJWMarriottKualaL/high.webp"
          … and 3 more
[ ok ] /artikel/moden-kontemporari/jw-marriott-kuala-lumpur @1920 0 violation(s)  empty:0 rail:0 narrow:0 measure:0 clipped:0 over:0 clip:0 upscale:0 aspect:0 attr:7 unmeasurable:0 R2:0 R6:0 H6:0 H6.6:0 · +7 advisory
        image-attr-aspect ×7
          declared width="1200" height="800" (1.50:1) for a 2400x3600 file (0.67:1) — 125% off, so the box reserved before load is the wrong shape (ceiling 25%)
            article > div.inspire-prose > div.group.relative.lg:mx-auto > img.h-auto.w-auto.max-w-full  ⟨img · not a link · alt=null⟩
            "182-RW-AsmaradaraRedhuMalekDianaSyafiqJWMarriottKualaL/high.webp"
          declared width="1200" height="800" (1.50:1) for a 1024x1024 file (1.00:1) — 50% off, so the box reserved before load is the wrong shape (ceiling 25%)
            article > div.inspire-prose > div.group.relative.lg:mx-auto > img.h-auto.w-auto.max-w-full  ⟨img · not a link · alt=null⟩
            "648-RW-AsmaradaraRedhuMalekDianaSyafiqJWMarriottKualaL/high.webp"
          declared width="1200" height="800" (1.50:1) for a 1707x2560 file (0.67:1) — 125% off, so the box reserved before load is the wrong shape (ceiling 25%)
            article > div.inspire-prose > div.group.relative.lg:mx-auto > img.h-auto.w-auto.max-w-full  ⟨img · not a link · alt=null⟩
            "296-RW-AsmaradaraRedhuMalekDianaSyafiqJWMarriottKualaL/high.webp"
          declared width="1200" height="800" (1.50:1) for a 769x1024 file (0.75:1) — 100% off, so the box reserved before load is the wrong shape (ceiling 25%)
            article > div.inspire-prose > div.group.relative.lg:mx-auto > img.h-auto.w-auto.max-w-full  ⟨img · not a link · alt=null⟩
            "150-RW-AsmaradaraRedhuMalekDianaSyafiqJWMarriottKualaL/high.webp"
          … and 3 more
[ ok ] /artikel/idea-dan-nasihat/tempat-honeymoon-di-malaysia @390 0 violation(s)  empty:0 rail:0 narrow:0 measure:0 clipped:0 over:0 clip:0 upscale:0 aspect:0 attr:0 unmeasurable:0 R2:0 R6:0 H6:0 H6.6:0
[ ok ] /artikel/idea-dan-nasihat/tempat-honeymoon-di-malaysia @768 0 violation(s)  empty:0 rail:0 narrow:0 measure:0 clipped:0 over:0 clip:0 upscale:0 aspect:0 attr:0 unmeasurable:0 R2:0 R6:0 H6:0 H6.6:0
[ ok ] /artikel/idea-dan-nasihat/tempat-honeymoon-di-malaysia @1024 0 violation(s)  empty:0 rail:0 narrow:0 measure:0 clipped:0 over:0 clip:0 upscale:0 aspect:0 attr:0 unmeasurable:0 R2:0 R6:0 H6:0 H6.6:0
[ ok ] /artikel/idea-dan-nasihat/tempat-honeymoon-di-malaysia @1440 0 violation(s)  empty:0 rail:0 narrow:0 measure:0 clipped:0 over:0 clip:0 upscale:0 aspect:0 attr:0 unmeasurable:0 R2:0 R6:0 H6:0 H6.6:0
[ ok ] /artikel/idea-dan-nasihat/tempat-honeymoon-di-malaysia @1920 0 violation(s)  empty:0 rail:0 narrow:0 measure:0 clipped:0 over:0 clip:0 upscale:0 aspect:0 attr:0 unmeasurable:0 R2:0 R6:0 H6:0 H6.6:0
[FAIL] /artikel/hantaran-mas-kahwin/mas-kahwin-kelantan-terengganu @390 9 violation(s)  empty:0 rail:0 narrow:9 measure:0 clipped:0 over:0 clip:0 upscale:0 aspect:0 attr:2 unmeasurable:0 R2:0 R6:0 H6:0 H6.6:0 · +2 advisory
        narrow-text-column ×9
          61.1px column, 2 lines, box 61x58px (floor 120px)
            tbody > tr > th > p  ⟨p · not a link⟩
            "Kadar fi"
          78.1px column, 4 lines, box 78x116px (floor 120px)
            tbody > tr > td > p  ⟨p · not a link⟩
            "Kadar minimum mas kahwin"
          85.7px column, 4 lines, box 86x116px (floor 120px)
            tbody > tr > td > p  ⟨p · not a link⟩
            "Tiada kadar minimum ditetapkan"
          85.7px column, 5 lines, box 86x145px (floor 120px)
            tbody > tr > td > p  ⟨p · not a link⟩
            "Tiada kenyataan rasmi negeri ditemui"
          … and 5 more
        image-attr-aspect ×2
          declared width="1200" height="800" (1.50:1) for a 1080x1080 file (1.00:1) — 50% off, so the box reserved before load is the wrong shape (ceiling 25%)
            article > div.inspire-prose > figure.group.relative.my-6 > img.h-auto.w-auto.max-w-full  ⟨img · not a link · alt="Kenduri kahwin di halaman rumah kampung di bawah bumbung terbuka. Satu meja panjang beralas putih menempatkan dulang pemanas hidangan buffet, dua meja panjang lagi dipenuhi tetamu lelaki yang sedang makan, dan motosikal serta rumah kampung kelihatan di belakang."⟩
            "87707337050-images-s-kenduri-khemah-terengganu-irwandy/high.webp"
          declared width="1200" height="800" (1.50:1) for a 1536x2048 file (0.75:1) — 100% off, so the box reserved before load is the wrong shape (ceiling 25%)
            article > div.inspire-prose > figure.group.relative.my-6 > img.h-auto.w-auto.max-w-full  ⟨img · not a link · alt="Seorang lelaki berumur berbaju melayu merah jambu, berkain samping berjalur dan bersongkok hitam, duduk bersila sambil bercakap ke dalam mikrofon di dalam masjid. Papan kaligrafi Jawi dan kipas dinding kelihatan di belakangnya."⟩
            "87707337050-images-s-tok-kadi-baca-khutbah-mylifestory/high.webp"
[FAIL] /artikel/hantaran-mas-kahwin/mas-kahwin-kelantan-terengganu @768 2 violation(s)  empty:0 rail:0 narrow:1 measure:1 clipped:0 over:0 clip:0 upscale:0 aspect:0 attr:2 unmeasurable:0 R2:0 R6:0 H6:0 H6.6:0 · +2 advisory
        narrow-text-column ×1
          70.9px column, 2 lines, box 71x60px (floor 120px)
            tbody > tr > th > p  ⟨p · not a link⟩
            "Kadar fi"
        reading-measure ×1
          100.6 characters per line — 704px column at 14.0px (ceiling 75)
            aside.hk-rail > div.hk-rail-block > ul.hk-rail-sources > li  ⟨li · not a link⟩
            "Warta Kerajaan Negeri Terengganu, Jil. 72 No. 26, Tr. P.U. 1"
        image-attr-aspect ×2
          declared width="1200" height="800" (1.50:1) for a 1080x1080 file (1.00:1) — 50% off, so the box reserved before load is the wrong shape (ceiling 25%)
            article > div.inspire-prose > figure.group.relative.my-6 > img.h-auto.w-auto.max-w-full  ⟨img · not a link · alt="Kenduri kahwin di halaman rumah kampung di bawah bumbung terbuka. Satu meja panjang beralas putih menempatkan dulang pemanas hidangan buffet, dua meja panjang lagi dipenuhi tetamu lelaki yang sedang makan, dan motosikal serta rumah kampung kelihatan di belakang."⟩
            "87707337050-images-s-kenduri-khemah-terengganu-irwandy/high.webp"
          declared width="1200" height="800" (1.50:1) for a 1536x2048 file (0.75:1) — 100% off, so the box reserved before load is the wrong shape (ceiling 25%)
            article > div.inspire-prose > figure.group.relative.my-6 > img.h-auto.w-auto.max-w-full  ⟨img · not a link · alt="Seorang lelaki berumur berbaju melayu merah jambu, berkain samping berjalur dan bersongkok hitam, duduk bersila sambil bercakap ke dalam mikrofon di dalam masjid. Papan kaligrafi Jawi dan kipas dinding kelihatan di belakangnya."⟩
            "87707337050-images-s-tok-kadi-baca-khutbah-mylifestory/high.webp"
[FAIL] /artikel/hantaran-mas-kahwin/mas-kahwin-kelantan-terengganu @1024 1 violation(s)  empty:0 rail:0 narrow:1 measure:0 clipped:0 over:0 clip:0 upscale:0 aspect:0 attr:2 unmeasurable:0 R2:0 R6:0 H6:0 H6.6:0 · +2 advisory
        narrow-text-column ×1
          72.0px column, 2 lines, box 72x61px (floor 120px)
            tbody > tr > th > p  ⟨p · not a link⟩
            "Kadar fi"
        image-attr-aspect ×2
          declared width="1200" height="800" (1.50:1) for a 1080x1080 file (1.00:1) — 50% off, so the box reserved before load is the wrong shape (ceiling 25%)
            article > div.inspire-prose > figure.group.relative.my-6 > img.h-auto.w-auto.max-w-full  ⟨img · not a link · alt="Kenduri kahwin di halaman rumah kampung di bawah bumbung terbuka. Satu meja panjang beralas putih menempatkan dulang pemanas hidangan buffet, dua meja panjang lagi dipenuhi tetamu lelaki yang sedang makan, dan motosikal serta rumah kampung kelihatan di belakang."⟩
            "87707337050-images-s-kenduri-khemah-terengganu-irwandy/high.webp"
          declared width="1200" height="800" (1.50:1) for a 1536x2048 file (0.75:1) — 100% off, so the box reserved before load is the wrong shape (ceiling 25%)
            article > div.inspire-prose > figure.group.relative.my-6 > img.h-auto.w-auto.max-w-full  ⟨img · not a link · alt="Seorang lelaki berumur berbaju melayu merah jambu, berkain samping berjalur dan bersongkok hitam, duduk bersila sambil bercakap ke dalam mikrofon di dalam masjid. Papan kaligrafi Jawi dan kipas dinding kelihatan di belakangnya."⟩
            "87707337050-images-s-tok-kadi-baca-khutbah-mylifestory/high.webp"
[FAIL] /artikel/hantaran-mas-kahwin/mas-kahwin-kelantan-terengganu @1440 1 violation(s)  empty:0 rail:0 narrow:1 measure:0 clipped:0 over:0 clip:0 upscale:0 aspect:0 attr:2 unmeasurable:0 R2:0 R6:0 H6:0 H6.6:0 · +2 advisory
        narrow-text-column ×1
          72.5px column, 2 lines, box 73x61px (floor 120px)
            tbody > tr > th > p  ⟨p · not a link⟩
            "Kadar fi"
        image-attr-aspect ×2
          declared width="1200" height="800" (1.50:1) for a 1080x1080 file (1.00:1) — 50% off, so the box reserved before load is the wrong shape (ceiling 25%)
            article > div.inspire-prose > figure.group.relative.my-6 > img.h-auto.w-auto.max-w-full  ⟨img · not a link · alt="Kenduri kahwin di halaman rumah kampung di bawah bumbung terbuka. Satu meja panjang beralas putih menempatkan dulang pemanas hidangan buffet, dua meja panjang lagi dipenuhi tetamu lelaki yang sedang makan, dan motosikal serta rumah kampung kelihatan di belakang."⟩
            "87707337050-images-s-kenduri-khemah-terengganu-irwandy/high.webp"
          declared width="1200" height="800" (1.50:1) for a 1536x2048 file (0.75:1) — 100% off, so the box reserved before load is the wrong shape (ceiling 25%)
            article > div.inspire-prose > figure.group.relative.my-6 > img.h-auto.w-auto.max-w-full  ⟨img · not a link · alt="Seorang lelaki berumur berbaju melayu merah jambu, berkain samping berjalur dan bersongkok hitam, duduk bersila sambil bercakap ke dalam mikrofon di dalam masjid. Papan kaligrafi Jawi dan kipas dinding kelihatan di belakangnya."⟩
            "87707337050-images-s-tok-kadi-baca-khutbah-mylifestory/high.webp"
[FAIL] /artikel/hantaran-mas-kahwin/mas-kahwin-kelantan-terengganu @1920 1 violation(s)  empty:0 rail:0 narrow:1 measure:0 clipped:0 over:0 clip:0 upscale:0 aspect:0 attr:2 unmeasurable:0 R2:0 R6:0 H6:0 H6.6:0 · +2 advisory
        narrow-text-column ×1
          72.5px column, 2 lines, box 73x61px (floor 120px)
            tbody > tr > th > p  ⟨p · not a link⟩
            "Kadar fi"
        image-attr-aspect ×2
          declared width="1200" height="800" (1.50:1) for a 1080x1080 file (1.00:1) — 50% off, so the box reserved before load is the wrong shape (ceiling 25%)
            article > div.inspire-prose > figure.group.relative.my-6 > img.h-auto.w-auto.max-w-full  ⟨img · not a link · alt="Kenduri kahwin di halaman rumah kampung di bawah bumbung terbuka. Satu meja panjang beralas putih menempatkan dulang pemanas hidangan buffet, dua meja panjang lagi dipenuhi tetamu lelaki yang sedang makan, dan motosikal serta rumah kampung kelihatan di belakang."⟩
            "87707337050-images-s-kenduri-khemah-terengganu-irwandy/high.webp"
          declared width="1200" height="800" (1.50:1) for a 1536x2048 file (0.75:1) — 100% off, so the box reserved before load is the wrong shape (ceiling 25%)
            article > div.inspire-prose > figure.group.relative.my-6 > img.h-auto.w-auto.max-w-full  ⟨img · not a link · alt="Seorang lelaki berumur berbaju melayu merah jambu, berkain samping berjalur dan bersongkok hitam, duduk bersila sambil bercakap ke dalam mikrofon di dalam masjid. Papan kaligrafi Jawi dan kipas dinding kelihatan di belakangnya."⟩
            "87707337050-images-s-tok-kadi-baca-khutbah-mylifestory/high.webp"
[ ok ] /artikel/hantaran-mas-kahwin/mas-kahwin-perak @390 0 violation(s)  empty:0 rail:0 narrow:0 measure:0 clipped:0 over:0 clip:0 upscale:0 aspect:0 attr:1 unmeasurable:0 R2:0 R6:0 H6:0 H6.6:0 · +1 advisory
        image-attr-aspect ×1
          declared width="1200" height="800" (1.50:1) for a 1536x2048 file (0.75:1) — 100% off, so the box reserved before load is the wrong shape (ceiling 25%)
            article > div.inspire-prose > figure.group.relative.my-6 > img.h-auto.w-auto.max-w-full  ⟨img · not a link · alt="Tiga orang lelaki berumur duduk berbaris di dalam masjid, dilihat dari sisi. Yang paling hadapan berbaju melayu merah jambu dan bersongkok hitam memegang mikrofon; dua lagi di belakangnya berbaju biru muda dan hijau muda, juga bersongkok."⟩
            "1787707389884-images-s-wali-saksi-tok-kadi-mylifestory/high.webp"
[FAIL] /artikel/hantaran-mas-kahwin/mas-kahwin-perak @768 1 violation(s)  empty:0 rail:0 narrow:0 measure:1 clipped:0 over:0 clip:0 upscale:0 aspect:0 attr:1 unmeasurable:0 R2:0 R6:0 H6:0 H6.6:0 · +1 advisory
        reading-measure ×1
          100.6 characters per line — 704px column at 14.0px (ceiling 75)
            aside.hk-rail > div.hk-rail-block > ul.hk-rail-sources > li  ⟨li · not a link⟩
            "Jadual Kedua, Kaedah-Kaedah Undang-Undang Keluarga Islam (Bo"
        image-attr-aspect ×1
          declared width="1200" height="800" (1.50:1) for a 1536x2048 file (0.75:1) — 100% off, so the box reserved before load is the wrong shape (ceiling 25%)
            article > div.inspire-prose > figure.group.relative.my-6 > img.h-auto.w-auto.max-w-full  ⟨img · not a link · alt="Tiga orang lelaki berumur duduk berbaris di dalam masjid, dilihat dari sisi. Yang paling hadapan berbaju melayu merah jambu dan bersongkok hitam memegang mikrofon; dua lagi di belakangnya berbaju biru muda dan hijau muda, juga bersongkok."⟩
            "1787707389884-images-s-wali-saksi-tok-kadi-mylifestory/high.webp"
[ ok ] /artikel/hantaran-mas-kahwin/mas-kahwin-perak @1024 0 violation(s)  empty:0 rail:0 narrow:0 measure:0 clipped:0 over:0 clip:0 upscale:0 aspect:0 attr:1 unmeasurable:0 R2:0 R6:0 H6:0 H6.6:0 · +1 advisory
        image-attr-aspect ×1
          declared width="1200" height="800" (1.50:1) for a 1536x2048 file (0.75:1) — 100% off, so the box reserved before load is the wrong shape (ceiling 25%)
            article > div.inspire-prose > figure.group.relative.my-6 > img.h-auto.w-auto.max-w-full  ⟨img · not a link · alt="Tiga orang lelaki berumur duduk berbaris di dalam masjid, dilihat dari sisi. Yang paling hadapan berbaju melayu merah jambu dan bersongkok hitam memegang mikrofon; dua lagi di belakangnya berbaju biru muda dan hijau muda, juga bersongkok."⟩
            "1787707389884-images-s-wali-saksi-tok-kadi-mylifestory/high.webp"
[ ok ] /artikel/hantaran-mas-kahwin/mas-kahwin-perak @1440 0 violation(s)  empty:0 rail:0 narrow:0 measure:0 clipped:0 over:0 clip:0 upscale:0 aspect:0 attr:1 unmeasurable:0 R2:0 R6:0 H6:0 H6.6:0 · +1 advisory
        image-attr-aspect ×1
          declared width="1200" height="800" (1.50:1) for a 1536x2048 file (0.75:1) — 100% off, so the box reserved before load is the wrong shape (ceiling 25%)
            article > div.inspire-prose > figure.group.relative.my-6 > img.h-auto.w-auto.max-w-full  ⟨img · not a link · alt="Tiga orang lelaki berumur duduk berbaris di dalam masjid, dilihat dari sisi. Yang paling hadapan berbaju melayu merah jambu dan bersongkok hitam memegang mikrofon; dua lagi di belakangnya berbaju biru muda dan hijau muda, juga bersongkok."⟩
            "1787707389884-images-s-wali-saksi-tok-kadi-mylifestory/high.webp"
[ ok ] /artikel/hantaran-mas-kahwin/mas-kahwin-perak @1920 0 violation(s)  empty:0 rail:0 narrow:0 measure:0 clipped:0 over:0 clip:0 upscale:0 aspect:0 attr:1 unmeasurable:0 R2:0 R6:0 H6:0 H6.6:0 · +1 advisory
        image-attr-aspect ×1
          declared width="1200" height="800" (1.50:1) for a 1536x2048 file (0.75:1) — 100% off, so the box reserved before load is the wrong shape (ceiling 25%)
            article > div.inspire-prose > figure.group.relative.my-6 > img.h-auto.w-auto.max-w-full  ⟨img · not a link · alt="Tiga orang lelaki berumur duduk berbaris di dalam masjid, dilihat dari sisi. Yang paling hadapan berbaju melayu merah jambu dan bersongkok hitam memegang mikrofon; dua lagi di belakangnya berbaju biru muda dan hijau muda, juga bersongkok."⟩
            "1787707389884-images-s-wali-saksi-tok-kadi-mylifestory/high.webp"
[ ok ] /artikel/real-wedding/perkahwinan-di-ruma-hotel-kuala-lumpur-dengan-sentuhan-warisan-peranakan @390 0 violation(s)  empty:0 rail:0 narrow:0 measure:0 clipped:0 over:0 clip:0 upscale:0 aspect:0 attr:19 unmeasurable:0 R2:0 R6:0 H6:0 H6.6:0 · +19 advisory
        image-attr-aspect ×19
          declared width="1200" height="800" (1.50:1) for a 2400x3600 file (0.67:1) — 125% off, so the box reserved before load is the wrong shape (ceiling 25%)
            article > div.inspire-prose > div.group.relative.lg:mx-auto > img.h-auto.w-auto.max-w-full  ⟨img · not a link · alt=null⟩
            "107-RW-ManojPhotographyAzaleaYieChernRumaHotelandResid/high.webp"
          declared width="1200" height="800" (1.50:1) for a 2400x3600 file (0.67:1) — 125% off, so the box reserved before load is the wrong shape (ceiling 25%)
            article > div.inspire-prose > div.group.relative.lg:mx-auto > img.h-auto.w-auto.max-w-full  ⟨img · not a link · alt=null⟩
            "325-RW-ManojPhotographyAzaleaYieChernRumaHotelandResid/high.webp"
          declared width="1200" height="800" (1.50:1) for a 2400x3600 file (0.67:1) — 125% off, so the box reserved before load is the wrong shape (ceiling 25%)
            article > div.inspire-prose > div.group.relative.lg:mx-auto > img.h-auto.w-auto.max-w-full  ⟨img · not a link · alt=null⟩
            "819-RW-ManojPhotographyAzaleaYieChernRumaHotelandResid/high.webp"
          declared width="1200" height="800" (1.50:1) for a 2400x3600 file (0.67:1) — 125% off, so the box reserved before load is the wrong shape (ceiling 25%)
            article > div.inspire-prose > div.group.relative.lg:mx-auto > img.h-auto.w-auto.max-w-full  ⟨img · not a link · alt=null⟩
            "926-RW-ManojPhotographyAzaleaYieChernRumaHotelandResid/high.webp"
          … and 15 more
[FAIL] /artikel/real-wedding/perkahwinan-di-ruma-hotel-kuala-lumpur-dengan-sentuhan-warisan-peranakan @768 4 violation(s)  empty:0 rail:0 narrow:0 measure:4 clipped:0 over:0 clip:0 upscale:0 aspect:0 attr:19 unmeasurable:0 R2:0 R6:0 H6:0 H6.6:0 · +19 advisory
        reading-measure ×4
          81.3 characters per line — 610px column at 15.0px (ceiling 75)
            div > a.s-row > div > h3.t  ⟨h3 · link → /artikel/real-wedding/yasaka-shrine⟩
            "Perkahwinan Jepun di Yasaka Shrine & Majlis Resepsi Bertemak"
          81.3 characters per line — 610px column at 15.0px (ceiling 75)
            div > a.s-row > div > h3.t  ⟨h3 · link → /artikel/real-wedding/cheong-fatt-tze-mansion⟩
            "Perkahwinan Pelbagai Budaya di Cheong Fatt Tze Mansion, Ikon"
          81.3 characters per line — 610px column at 15.0px (ceiling 75)
            div > a.s-row > div > h3.t  ⟨h3 · link → /artikel/real-wedding/sentosa-janda-baik⟩
            "Majlis Perkahwinan Penuh Nilai Budaya di Sentosa, Janda Baik"
          81.3 characters per line — 610px column at 15.0px (ceiling 75)
            div > a.s-row > div > h3.t  ⟨h3 · link → /artikel/real-wedding/villa-warisan⟩
            "Villa Warisan: Majlis Perkahwinan Tradisional di Lokasi Bern"
        image-attr-aspect ×19
          declared width="1200" height="800" (1.50:1) for a 2400x3600 file (0.67:1) — 125% off, so the box reserved before load is the wrong shape (ceiling 25%)
            article > div.inspire-prose > div.group.relative.lg:mx-auto > img.h-auto.w-auto.max-w-full  ⟨img · not a link · alt=null⟩
            "107-RW-ManojPhotographyAzaleaYieChernRumaHotelandResid/high.webp"
          declared width="1200" height="800" (1.50:1) for a 2400x3600 file (0.67:1) — 125% off, so the box reserved before load is the wrong shape (ceiling 25%)
            article > div.inspire-prose > div.group.relative.lg:mx-auto > img.h-auto.w-auto.max-w-full  ⟨img · not a link · alt=null⟩
            "325-RW-ManojPhotographyAzaleaYieChernRumaHotelandResid/high.webp"
          declared width="1200" height="800" (1.50:1) for a 2400x3600 file (0.67:1) — 125% off, so the box reserved before load is the wrong shape (ceiling 25%)
            article > div.inspire-prose > div.group.relative.lg:mx-auto > img.h-auto.w-auto.max-w-full  ⟨img · not a link · alt=null⟩
            "819-RW-ManojPhotographyAzaleaYieChernRumaHotelandResid/high.webp"
          declared width="1200" height="800" (1.50:1) for a 2400x3600 file (0.67:1) — 125% off, so the box reserved before load is the wrong shape (ceiling 25%)
            article > div.inspire-prose > div.group.relative.lg:mx-auto > img.h-auto.w-auto.max-w-full  ⟨img · not a link · alt=null⟩
            "926-RW-ManojPhotographyAzaleaYieChernRumaHotelandResid/high.webp"
          … and 15 more
[ ok ] /artikel/real-wedding/perkahwinan-di-ruma-hotel-kuala-lumpur-dengan-sentuhan-warisan-peranakan @1024 0 violation(s)  empty:0 rail:0 narrow:0 measure:0 clipped:0 over:0 clip:0 upscale:0 aspect:0 attr:19 unmeasurable:0 R2:0 R6:0 H6:0 H6.6:0 · +19 advisory
        image-attr-aspect ×19
          declared width="1200" height="800" (1.50:1) for a 2400x3600 file (0.67:1) — 125% off, so the box reserved before load is the wrong shape (ceiling 25%)
            article > div.inspire-prose > div.group.relative.lg:mx-auto > img.h-auto.w-auto.max-w-full  ⟨img · not a link · alt=null⟩
            "107-RW-ManojPhotographyAzaleaYieChernRumaHotelandResid/high.webp"
          declared width="1200" height="800" (1.50:1) for a 2400x3600 file (0.67:1) — 125% off, so the box reserved before load is the wrong shape (ceiling 25%)
            article > div.inspire-prose > div.group.relative.lg:mx-auto > img.h-auto.w-auto.max-w-full  ⟨img · not a link · alt=null⟩
            "325-RW-ManojPhotographyAzaleaYieChernRumaHotelandResid/high.webp"
          declared width="1200" height="800" (1.50:1) for a 2400x3600 file (0.67:1) — 125% off, so the box reserved before load is the wrong shape (ceiling 25%)
            article > div.inspire-prose > div.group.relative.lg:mx-auto > img.h-auto.w-auto.max-w-full  ⟨img · not a link · alt=null⟩
            "819-RW-ManojPhotographyAzaleaYieChernRumaHotelandResid/high.webp"
          declared width="1200" height="800" (1.50:1) for a 2400x3600 file (0.67:1) — 125% off, so the box reserved before load is the wrong shape (ceiling 25%)
            article > div.inspire-prose > div.group.relative.lg:mx-auto > img.h-auto.w-auto.max-w-full  ⟨img · not a link · alt=null⟩
            "926-RW-ManojPhotographyAzaleaYieChernRumaHotelandResid/high.webp"
          … and 15 more
[FAIL] /artikel/real-wedding/perkahwinan-di-ruma-hotel-kuala-lumpur-dengan-sentuhan-warisan-peranakan @1440 4 violation(s)  empty:0 rail:0 narrow:0 measure:4 clipped:0 over:0 clip:0 upscale:0 aspect:0 attr:19 unmeasurable:0 R2:0 R6:0 H6:0 H6.6:0 · +19 advisory
        reading-measure ×4
          88.0 characters per line — 924px column at 21.0px (ceiling 75)
            div > a.s-row > div > h3.t  ⟨h3 · link → /artikel/real-wedding/yasaka-shrine⟩
            "Perkahwinan Jepun di Yasaka Shrine & Majlis Resepsi Bertemak"
          88.0 characters per line — 924px column at 21.0px (ceiling 75)
            div > a.s-row > div > h3.t  ⟨h3 · link → /artikel/real-wedding/cheong-fatt-tze-mansion⟩
            "Perkahwinan Pelbagai Budaya di Cheong Fatt Tze Mansion, Ikon"
          88.0 characters per line — 924px column at 21.0px (ceiling 75)
            div > a.s-row > div > h3.t  ⟨h3 · link → /artikel/real-wedding/sentosa-janda-baik⟩
            "Majlis Perkahwinan Penuh Nilai Budaya di Sentosa, Janda Baik"
          88.0 characters per line — 924px column at 21.0px (ceiling 75)
            div > a.s-row > div > h3.t  ⟨h3 · link → /artikel/real-wedding/villa-warisan⟩
            "Villa Warisan: Majlis Perkahwinan Tradisional di Lokasi Bern"
        image-attr-aspect ×19
          declared width="1200" height="800" (1.50:1) for a 2400x3600 file (0.67:1) — 125% off, so the box reserved before load is the wrong shape (ceiling 25%)
            article > div.inspire-prose > div.group.relative.lg:mx-auto > img.h-auto.w-auto.max-w-full  ⟨img · not a link · alt=null⟩
            "107-RW-ManojPhotographyAzaleaYieChernRumaHotelandResid/high.webp"
          declared width="1200" height="800" (1.50:1) for a 2400x3600 file (0.67:1) — 125% off, so the box reserved before load is the wrong shape (ceiling 25%)
            article > div.inspire-prose > div.group.relative.lg:mx-auto > img.h-auto.w-auto.max-w-full  ⟨img · not a link · alt=null⟩
            "325-RW-ManojPhotographyAzaleaYieChernRumaHotelandResid/high.webp"
          declared width="1200" height="800" (1.50:1) for a 2400x3600 file (0.67:1) — 125% off, so the box reserved before load is the wrong shape (ceiling 25%)
            article > div.inspire-prose > div.group.relative.lg:mx-auto > img.h-auto.w-auto.max-w-full  ⟨img · not a link · alt=null⟩
            "819-RW-ManojPhotographyAzaleaYieChernRumaHotelandResid/high.webp"
          declared width="1200" height="800" (1.50:1) for a 2400x3600 file (0.67:1) — 125% off, so the box reserved before load is the wrong shape (ceiling 25%)
            article > div.inspire-prose > div.group.relative.lg:mx-auto > img.h-auto.w-auto.max-w-full  ⟨img · not a link · alt=null⟩
            "926-RW-ManojPhotographyAzaleaYieChernRumaHotelandResid/high.webp"
          … and 15 more
[ ok ] /artikel/real-wedding/perkahwinan-di-ruma-hotel-kuala-lumpur-dengan-sentuhan-warisan-peranakan @1920 0 violation(s)  empty:0 rail:0 narrow:0 measure:0 clipped:0 over:0 clip:0 upscale:0 aspect:0 attr:19 unmeasurable:0 R2:0 R6:0 H6:0 H6.6:0 · +19 advisory
        image-attr-aspect ×19
          declared width="1200" height="800" (1.50:1) for a 2400x3600 file (0.67:1) — 125% off, so the box reserved before load is the wrong shape (ceiling 25%)
            article > div.inspire-prose > div.group.relative.lg:mx-auto > img.h-auto.w-auto.max-w-full  ⟨img · not a link · alt=null⟩
            "107-RW-ManojPhotographyAzaleaYieChernRumaHotelandResid/high.webp"
          declared width="1200" height="800" (1.50:1) for a 2400x3600 file (0.67:1) — 125% off, so the box reserved before load is the wrong shape (ceiling 25%)
            article > div.inspire-prose > div.group.relative.lg:mx-auto > img.h-auto.w-auto.max-w-full  ⟨img · not a link · alt=null⟩
            "325-RW-ManojPhotographyAzaleaYieChernRumaHotelandResid/high.webp"
          declared width="1200" height="800" (1.50:1) for a 2400x3600 file (0.67:1) — 125% off, so the box reserved before load is the wrong shape (ceiling 25%)
            article > div.inspire-prose > div.group.relative.lg:mx-auto > img.h-auto.w-auto.max-w-full  ⟨img · not a link · alt=null⟩
            "819-RW-ManojPhotographyAzaleaYieChernRumaHotelandResid/high.webp"
          declared width="1200" height="800" (1.50:1) for a 2400x3600 file (0.67:1) — 125% off, so the box reserved before load is the wrong shape (ceiling 25%)
            article > div.inspire-prose > div.group.relative.lg:mx-auto > img.h-auto.w-auto.max-w-full  ⟨img · not a link · alt=null⟩
            "926-RW-ManojPhotographyAzaleaYieChernRumaHotelandResid/high.webp"
          … and 15 more
[FAIL] /artikel/hantaran-mas-kahwin/gubahan-hantaran-simple @390 24 violation(s)  empty:0 rail:0 narrow:24 measure:0 clipped:0 over:0 clip:0 upscale:0 aspect:0 attr:3 unmeasurable:0 R2:0 R6:0 H6:0 H6.6:0 · +3 advisory
        narrow-text-column ×24
          93.7px column, 2 lines, box 94x58px (floor 120px)
            tbody > tr > th > p  ⟨p · not a link⟩
            "Sebab ia kelihatan"
          105.8px column, 2 lines, box 106x58px (floor 120px)
            tbody > tr > th > p  ⟨p · not a link⟩
            "Pembetulan termurah"
          83.7px column, 4 lines, box 84x116px (floor 120px)
            tbody > tr > td > p  ⟨p · not a link⟩
            "Bunga sama banyak di semua tepi"
          93.7px column, 4 lines, box 94x116px (floor 120px)
            tbody > tr > td > p  ⟨p · not a link⟩
            "Bunga dicucuk mengelilingi dulang"
          … and 20 more
        image-attr-aspect ×3
          declared width="1200" height="800" (1.50:1) for a 1536x2048 file (0.75:1) — 100% off, so the box reserved before load is the wrong shape (ceiling 25%)
            article > div.inspire-prose > figure.group.relative.my-6 > img.h-auto.w-auto.max-w-full  ⟨img · not a link · alt="Deretan dulang hantaran bertutup kain putih berlabuci disusun memanjang di atas permaidani hijau sebuah masjid, membawa cincin, kotak baldu biru, jambangan bunga ros putih, jam tangan dan kek. Tiga perempuan berbaju kurung dan bertudung duduk di hujung deretan itu."⟩
            "7765351314-images-s-hantaran-masjid-tetamu-mylifestory/high.webp"
          declared width="1200" height="800" (1.50:1) for a 2400x3600 file (0.67:1) — 125% off, so the box reserved before load is the wrong shape (ceiling 25%)
            article > div.inspire-prose > figure.group.relative.my-6 > img.h-auto.w-auto.max-w-full  ⟨img · not a link · alt="Sebuah bakul rotan berisi epal merah, oren dan buah naga, dihias bunga tiruan putih dan merah jambu serta daun hijau, diletakkan di atas bingkai kayu bercat putih."⟩
            "1787765351314-images-s-dulang-buah-hantaran-mohd-hasan/high.webp"
          declared width="1200" height="800" (1.50:1) for a 1527x2264 file (0.67:1) — 122% off, so the box reserved before load is the wrong shape (ceiling 25%)
            article > div.inspire-prose > figure.group.relative.my-6 > img.h-auto.w-auto.max-w-full  ⟨img · not a link · alt="Sebuah dulang kaca berkaki dihias renda kedut putih berbucu perak dan rantai manik emas, membawa sebuah kotak berbentuk hati berwarna merah bertali reben organza hijau, difoto di luar rumah dengan cahaya matahari menembusi daun."⟩
            "e/1787765351314-images-s-dulang-berkaki-hiasan-farritz/high.webp"
[FAIL] /artikel/hantaran-mas-kahwin/gubahan-hantaran-simple @768 5 violation(s)  empty:0 rail:0 narrow:5 measure:0 clipped:0 over:0 clip:0 upscale:0 aspect:0 attr:3 unmeasurable:0 R2:0 R6:0 H6:0 H6.6:0 · +3 advisory
        narrow-text-column ×5
          112.2px column, 2 lines, box 112x60px (floor 120px)
            tbody > tr > td > p  ⟨p · not a link⟩
            "Kain dan telekung"
          112.2px column, 2 lines, box 112x60px (floor 120px)
            tbody > tr > td > p  ⟨p · not a link⟩
            "Cincin dan jam"
          112.2px column, 2 lines, box 112x60px (floor 120px)
            tbody > tr > td > p  ⟨p · not a link⟩
            "Buah dan makanan"
          112.2px column, 2 lines, box 112x60px (floor 120px)
            tbody > tr > td > p  ⟨p · not a link⟩
            "Kek dan coklat"
          … and 1 more
        image-attr-aspect ×3
          declared width="1200" height="800" (1.50:1) for a 1536x2048 file (0.75:1) — 100% off, so the box reserved before load is the wrong shape (ceiling 25%)
            article > div.inspire-prose > figure.group.relative.my-6 > img.h-auto.w-auto.max-w-full  ⟨img · not a link · alt="Deretan dulang hantaran bertutup kain putih berlabuci disusun memanjang di atas permaidani hijau sebuah masjid, membawa cincin, kotak baldu biru, jambangan bunga ros putih, jam tangan dan kek. Tiga perempuan berbaju kurung dan bertudung duduk di hujung deretan itu."⟩
            "7765351314-images-s-hantaran-masjid-tetamu-mylifestory/high.webp"
          declared width="1200" height="800" (1.50:1) for a 2400x3600 file (0.67:1) — 125% off, so the box reserved before load is the wrong shape (ceiling 25%)
            article > div.inspire-prose > figure.group.relative.my-6 > img.h-auto.w-auto.max-w-full  ⟨img · not a link · alt="Sebuah bakul rotan berisi epal merah, oren dan buah naga, dihias bunga tiruan putih dan merah jambu serta daun hijau, diletakkan di atas bingkai kayu bercat putih."⟩
            "1787765351314-images-s-dulang-buah-hantaran-mohd-hasan/high.webp"
          declared width="1200" height="800" (1.50:1) for a 1527x2264 file (0.67:1) — 122% off, so the box reserved before load is the wrong shape (ceiling 25%)
            article > div.inspire-prose > figure.group.relative.my-6 > img.h-auto.w-auto.max-w-full  ⟨img · not a link · alt="Sebuah dulang kaca berkaki dihias renda kedut putih berbucu perak dan rantai manik emas, membawa sebuah kotak berbentuk hati berwarna merah bertali reben organza hijau, difoto di luar rumah dengan cahaya matahari menembusi daun."⟩
            "e/1787765351314-images-s-dulang-berkaki-hiasan-farritz/high.webp"
[FAIL] /artikel/hantaran-mas-kahwin/gubahan-hantaran-simple @1024 6 violation(s)  empty:0 rail:0 narrow:6 measure:0 clipped:0 over:0 clip:0 upscale:0 aspect:0 attr:3 unmeasurable:0 R2:0 R6:0 H6:0 H6.6:0 · +3 advisory
        narrow-text-column ×6
          112.4px column, 2 lines, box 112x61px (floor 120px)
            tbody > tr > td > p  ⟨p · not a link⟩
            "Kain dan telekung"
          112.4px column, 2 lines, box 112x61px (floor 120px)
            tbody > tr > td > p  ⟨p · not a link⟩
            "Kasut dan beg"
          112.4px column, 2 lines, box 112x61px (floor 120px)
            tbody > tr > td > p  ⟨p · not a link⟩
            "Cincin dan jam"
          112.4px column, 2 lines, box 112x61px (floor 120px)
            tbody > tr > td > p  ⟨p · not a link⟩
            "Buah dan makanan"
          … and 2 more
        image-attr-aspect ×3
          declared width="1200" height="800" (1.50:1) for a 1536x2048 file (0.75:1) — 100% off, so the box reserved before load is the wrong shape (ceiling 25%)
            article > div.inspire-prose > figure.group.relative.my-6 > img.h-auto.w-auto.max-w-full  ⟨img · not a link · alt="Deretan dulang hantaran bertutup kain putih berlabuci disusun memanjang di atas permaidani hijau sebuah masjid, membawa cincin, kotak baldu biru, jambangan bunga ros putih, jam tangan dan kek. Tiga perempuan berbaju kurung dan bertudung duduk di hujung deretan itu."⟩
            "7765351314-images-s-hantaran-masjid-tetamu-mylifestory/high.webp"
          declared width="1200" height="800" (1.50:1) for a 2400x3600 file (0.67:1) — 125% off, so the box reserved before load is the wrong shape (ceiling 25%)
            article > div.inspire-prose > figure.group.relative.my-6 > img.h-auto.w-auto.max-w-full  ⟨img · not a link · alt="Sebuah bakul rotan berisi epal merah, oren dan buah naga, dihias bunga tiruan putih dan merah jambu serta daun hijau, diletakkan di atas bingkai kayu bercat putih."⟩
            "1787765351314-images-s-dulang-buah-hantaran-mohd-hasan/high.webp"
          declared width="1200" height="800" (1.50:1) for a 1527x2264 file (0.67:1) — 122% off, so the box reserved before load is the wrong shape (ceiling 25%)
            article > div.inspire-prose > figure.group.relative.my-6 > img.h-auto.w-auto.max-w-full  ⟨img · not a link · alt="Sebuah dulang kaca berkaki dihias renda kedut putih berbucu perak dan rantai manik emas, membawa sebuah kotak berbentuk hati berwarna merah bertali reben organza hijau, difoto di luar rumah dengan cahaya matahari menembusi daun."⟩
            "e/1787765351314-images-s-dulang-berkaki-hiasan-farritz/high.webp"
[FAIL] /artikel/hantaran-mas-kahwin/gubahan-hantaran-simple @1440 5 violation(s)  empty:0 rail:0 narrow:5 measure:0 clipped:0 over:0 clip:0 upscale:0 aspect:0 attr:3 unmeasurable:0 R2:0 R6:0 H6:0 H6.6:0 · +3 advisory
        narrow-text-column ×5
          115.0px column, 2 lines, box 115x61px (floor 120px)
            tbody > tr > td > p  ⟨p · not a link⟩
            "Kain dan telekung"
          115.0px column, 2 lines, box 115x61px (floor 120px)
            tbody > tr > td > p  ⟨p · not a link⟩
            "Cincin dan jam"
          115.0px column, 2 lines, box 115x61px (floor 120px)
            tbody > tr > td > p  ⟨p · not a link⟩
            "Buah dan makanan"
          115.0px column, 2 lines, box 115x61px (floor 120px)
            tbody > tr > td > p  ⟨p · not a link⟩
            "Kek dan coklat"
          … and 1 more
        image-attr-aspect ×3
          declared width="1200" height="800" (1.50:1) for a 1536x2048 file (0.75:1) — 100% off, so the box reserved before load is the wrong shape (ceiling 25%)
            article > div.inspire-prose > figure.group.relative.my-6 > img.h-auto.w-auto.max-w-full  ⟨img · not a link · alt="Deretan dulang hantaran bertutup kain putih berlabuci disusun memanjang di atas permaidani hijau sebuah masjid, membawa cincin, kotak baldu biru, jambangan bunga ros putih, jam tangan dan kek. Tiga perempuan berbaju kurung dan bertudung duduk di hujung deretan itu."⟩
            "7765351314-images-s-hantaran-masjid-tetamu-mylifestory/high.webp"
          declared width="1200" height="800" (1.50:1) for a 2400x3600 file (0.67:1) — 125% off, so the box reserved before load is the wrong shape (ceiling 25%)
            article > div.inspire-prose > figure.group.relative.my-6 > img.h-auto.w-auto.max-w-full  ⟨img · not a link · alt="Sebuah bakul rotan berisi epal merah, oren dan buah naga, dihias bunga tiruan putih dan merah jambu serta daun hijau, diletakkan di atas bingkai kayu bercat putih."⟩
            "1787765351314-images-s-dulang-buah-hantaran-mohd-hasan/high.webp"
          declared width="1200" height="800" (1.50:1) for a 1527x2264 file (0.67:1) — 122% off, so the box reserved before load is the wrong shape (ceiling 25%)
            article > div.inspire-prose > figure.group.relative.my-6 > img.h-auto.w-auto.max-w-full  ⟨img · not a link · alt="Sebuah dulang kaca berkaki dihias renda kedut putih berbucu perak dan rantai manik emas, membawa sebuah kotak berbentuk hati berwarna merah bertali reben organza hijau, difoto di luar rumah dengan cahaya matahari menembusi daun."⟩
            "e/1787765351314-images-s-dulang-berkaki-hiasan-farritz/high.webp"
[FAIL] /artikel/hantaran-mas-kahwin/gubahan-hantaran-simple @1920 5 violation(s)  empty:0 rail:0 narrow:5 measure:0 clipped:0 over:0 clip:0 upscale:0 aspect:0 attr:3 unmeasurable:0 R2:0 R6:0 H6:0 H6.6:0 · +3 advisory
        narrow-text-column ×5
          115.0px column, 2 lines, box 115x61px (floor 120px)
            tbody > tr > td > p  ⟨p · not a link⟩
            "Kain dan telekung"
          115.0px column, 2 lines, box 115x61px (floor 120px)
            tbody > tr > td > p  ⟨p · not a link⟩
            "Cincin dan jam"
          115.0px column, 2 lines, box 115x61px (floor 120px)
            tbody > tr > td > p  ⟨p · not a link⟩
            "Buah dan makanan"
          115.0px column, 2 lines, box 115x61px (floor 120px)
            tbody > tr > td > p  ⟨p · not a link⟩
            "Kek dan coklat"
          … and 1 more
        image-attr-aspect ×3
          declared width="1200" height="800" (1.50:1) for a 1536x2048 file (0.75:1) — 100% off, so the box reserved before load is the wrong shape (ceiling 25%)
            article > div.inspire-prose > figure.group.relative.my-6 > img.h-auto.w-auto.max-w-full  ⟨img · not a link · alt="Deretan dulang hantaran bertutup kain putih berlabuci disusun memanjang di atas permaidani hijau sebuah masjid, membawa cincin, kotak baldu biru, jambangan bunga ros putih, jam tangan dan kek. Tiga perempuan berbaju kurung dan bertudung duduk di hujung deretan itu."⟩
            "7765351314-images-s-hantaran-masjid-tetamu-mylifestory/high.webp"
          declared width="1200" height="800" (1.50:1) for a 2400x3600 file (0.67:1) — 125% off, so the box reserved before load is the wrong shape (ceiling 25%)
            article > div.inspire-prose > figure.group.relative.my-6 > img.h-auto.w-auto.max-w-full  ⟨img · not a link · alt="Sebuah bakul rotan berisi epal merah, oren dan buah naga, dihias bunga tiruan putih dan merah jambu serta daun hijau, diletakkan di atas bingkai kayu bercat putih."⟩
            "1787765351314-images-s-dulang-buah-hantaran-mohd-hasan/high.webp"
          declared width="1200" height="800" (1.50:1) for a 1527x2264 file (0.67:1) — 122% off, so the box reserved before load is the wrong shape (ceiling 25%)
            article > div.inspire-prose > figure.group.relative.my-6 > img.h-auto.w-auto.max-w-full  ⟨img · not a link · alt="Sebuah dulang kaca berkaki dihias renda kedut putih berbucu perak dan rantai manik emas, membawa sebuah kotak berbentuk hati berwarna merah bertali reben organza hijau, difoto di luar rumah dengan cahaya matahari menembusi daun."⟩
            "e/1787765351314-images-s-dulang-berkaki-hiasan-farritz/high.webp"
──────────────────────────────────────────────────────────────────────────────
totals: empty-content 0
        rail-collapsed 0
        narrow-text-column 725
        reading-measure 43
        clipped-text 0
        viewport-overflow 2
        scroll-container-clip 1
        image-upscale 0
        image-aspect 0
        image-attr-aspect 661 (advisory, does not fail the build)
        image-unmeasurable 0
        shaped-slot-variant 0
        shaped-slot-dims 0
        category-diversity 0
        source-order 0
build fingerprint (last width measured, per target):
  /
    200 HIT age=14 sin1::p8sj8-1788293084378-4b2b8044480d css=[e754448c3010263a.css 19b83a0982f1e330.css ece0345a72e045ca.css]
  /artikel
    200 HIT age=7 sin1::488t4-1788293093057-e2c69540fad0 css=[e754448c3010263a.css 19b83a0982f1e330.css]
  /artikel/idea-dan-nasihat
    200 HIT age=4 sin1::sin1::6khwb-1788293099961-214129605ad1 css=[e754448c3010263a.css 19b83a0982f1e330.css ece0345a72e045ca.css]
  /artikel/hiasan-dekorasi
    200 HIT age=6 sin1::sin1::mqbwh-1788293107038-8c6ce34a2231 css=[e754448c3010263a.css 19b83a0982f1e330.css ece0345a72e045ca.css]
  /artikel/real-wedding
    200 HIT age=5 sin1::sin1::47hgp-1788293113491-b1a78e05e1b8 css=[e754448c3010263a.css 19b83a0982f1e330.css ece0345a72e045ca.css]
  /artikel/moden-kontemporari
    200 HIT age=5 sin1::sin1::7mdwl-1788293119259-45721ab3fc45 css=[e754448c3010263a.css 19b83a0982f1e330.css ece0345a72e045ca.css]
  /artikel/pantai-santai
    200 HIT age=4 sin1::sin1::ds6q5-1788293125860-5023933bd4f4 css=[e754448c3010263a.css 19b83a0982f1e330.css ece0345a72e045ca.css]
  /artikel/glamor-eksklusif
    200 HIT age=5 sin1::sin1::5kxcn-1788293153764-3472d3bd887c css=[e754448c3010263a.css 19b83a0982f1e330.css ece0345a72e045ca.css]
  /artikel/fotografi-videografi
    200 HIT age=5 sin1::sin1::mcs4m-1788293159633-bb7669704203 css=[e754448c3010263a.css 19b83a0982f1e330.css ece0345a72e045ca.css]
  /artikel/minimalis-mewah
    200 HIT age=4 sin1::sin1::hqpsm-1788293164594-2ac4c17513fd css=[e754448c3010263a.css 19b83a0982f1e330.css ece0345a72e045ca.css]
  /artikel/nikah-undang-undang
    200 HIT age=67 sin1::sin1::5kxcn-1788293169787-937b17726419 css=[e754448c3010263a.css 19b83a0982f1e330.css ece0345a72e045ca.css]
  /artikel/hantaran-mas-kahwin
    200 HIT age=78 sin1::sin1::sf5rn-1788293178399-80c5f5001d07 css=[e754448c3010263a.css 19b83a0982f1e330.css ece0345a72e045ca.css]
  /artikel/ucapan-doa
    200 HIT age=8 sin1::sin1::7bpnq-1788293186993-4b16256bd29b css=[e754448c3010263a.css 19b83a0982f1e330.css ece0345a72e045ca.css]
  /artikel/busana-pengantin
    200 HIT age=4 sin1::sin1::t2tff-1788293192663-c2593c903450 css=[e754448c3010263a.css 19b83a0982f1e330.css ece0345a72e045ca.css]
  /artikel/pelamin-kad-cenderahati
    200 HIT age=4 sin1::sin1::j6h2c-1788293197880-d82992e76042 css=[e754448c3010263a.css 19b83a0982f1e330.css ece0345a72e045ca.css]
  /artikel/venue-perancangan
    200 HIT age=4 sin1::sin1::2khd9-1788293203218-8cc5de9ed795 css=[e754448c3010263a.css 19b83a0982f1e330.css ece0345a72e045ca.css]
  /artikel/sebelum-nikah
    200 HIT age=4 sin1::sin1::9b4qx-1788293208825-f6a0950c461a css=[e754448c3010263a.css 19b83a0982f1e330.css ece0345a72e045ca.css]
  /artikel/hantaran-mas-kahwin/hantaran-tunang
    200 HIT age=140 sin1::sin1::xpls6-1788293280885-f90500798902 css=[e754448c3010263a.css 19b83a0982f1e330.css ece0345a72e045ca.css]
  /artikel/glamor-eksklusif/amankila-bali
    200 HIT age=258 sin1::sin1::nwnbm-1788293398746-a7cf1d72cb9c css=[e754448c3010263a.css 19b83a0982f1e330.css ece0345a72e045ca.css]
  /artikel/hantaran-mas-kahwin/hantaran-kahwin
    200 HIT age=64 sin1::sin1::j52m6-1788293505462-d3446922af4f css=[e754448c3010263a.css 19b83a0982f1e330.css ece0345a72e045ca.css]
  /artikel/hantaran-mas-kahwin/mas-kahwin-sabah-sarawak
    200 MISS age=0 sin1::sin1::fbtz6-1788293605702-a427a7f1a7aa css=[e754448c3010263a.css 19b83a0982f1e330.css ece0345a72e045ca.css]
  /artikel/glamor-eksklusif/grand-hyatt-kuala-lumpur
    200 REVALIDATED age=32 sin1::sin1::mzrr9-1788293708796-a3f86f51c162 css=[e754448c3010263a.css 19b83a0982f1e330.css ece0345a72e045ca.css]
  /artikel/venue-perancangan/checklist-kahwin
    200 REVALIDATED age=36 sin1::sin1::578xf-1788293811450-a52d738f5474 css=[e754448c3010263a.css 19b83a0982f1e330.css ece0345a72e045ca.css]
  /artikel/idea-dan-nasihat/kursus-kahwin
    200 HIT age=77 sin1::sin1::w22rc-1788293921507-11507d376fc5 css=[e754448c3010263a.css 19b83a0982f1e330.css ece0345a72e045ca.css]
  /artikel/venue-perancangan/pakej-dewan-kahwin
    200 HIT age=68 sin1::sin1::gswvm-1788294023456-c1b84596ce1b css=[e754448c3010263a.css 19b83a0982f1e330.css ece0345a72e045ca.css]
  /artikel/ucapan-doa/ucapan-pengantin-baru
    200 HIT age=70 sin1::sin1::wmmmc-1788294126659-8d194fd359fb css=[e754448c3010263a.css 19b83a0982f1e330.css ece0345a72e045ca.css]
  /artikel/nikah-undang-undang/borang-nikah
    200 HIT age=70 sin1::sin1::smzxr-1788294229587-5d7679a73c00 css=[e754448c3010263a.css 19b83a0982f1e330.css ece0345a72e045ca.css]
  /artikel/hantaran-mas-kahwin/mas-kahwin-pahang-negeri-sembilan
    200 HIT age=76 sin1::sin1::5kxcn-1788294331566-1bc012620247 css=[e754448c3010263a.css 19b83a0982f1e330.css ece0345a72e045ca.css]
  /artikel/moden-kontemporari/marriott-putrajaya
    200 HIT age=33 sin1::sin1::kmjbj-1788294436430-7a4da57da5f4 css=[e754448c3010263a.css 19b83a0982f1e330.css ece0345a72e045ca.css]
  /artikel/real-wedding/villa-warisan
    200 HIT age=69 sin1::sin1::q62hj-1788294538737-38e23b1e7819 css=[e754448c3010263a.css 19b83a0982f1e330.css ece0345a72e045ca.css]
  /artikel/ucapan-doa/doa-majlis-perkahwinan
    200 HIT age=70 sin1::sin1::z27x5-1788294644941-e81f47ca6789 css=[e754448c3010263a.css 19b83a0982f1e330.css ece0345a72e045ca.css]
  /artikel/hantaran-mas-kahwin/adat-hantaran-berbeza-negeri
    200 HIT age=70 sin1::sin1::f8qtl-1788294748245-af1375bbde8b css=[e754448c3010263a.css 19b83a0982f1e330.css ece0345a72e045ca.css]
  /artikel/idea-dan-nasihat/cara-buat-kad-kahwin-digital
    200 HIT age=70 sin1::sin1::66djd-1788294851180-0de07bb2ba73 css=[e754448c3010263a.css 19b83a0982f1e330.css ece0345a72e045ca.css]
  /artikel/hantaran-mas-kahwin/adat-hantaran-ikut-keluarga
    200 HIT age=85 sin1::sin1::hc7gk-1788294951165-ff9375357c96 css=[e754448c3010263a.css 19b83a0982f1e330.css ece0345a72e045ca.css]
  /artikel/real-wedding/cheong-fatt-tze-mansion
    200 HIT age=188 sin1::sin1::ldqn4-1788295054142-041f968a4413 css=[e754448c3010263a.css 19b83a0982f1e330.css ece0345a72e045ca.css]
  /artikel/venue-perancangan/harga-sewa-dewan-kahwin
    200 HIT age=290 sin1::sin1::sf5rn-1788295157622-26f982d0b13a css=[e754448c3010263a.css 19b83a0982f1e330.css ece0345a72e045ca.css]
  /artikel/real-wedding/sentosa-janda-baik
    200 HIT age=74 sin1::sin1::qvgz8-1788295264797-ae0b8d7014a8 css=[e754448c3010263a.css 19b83a0982f1e330.css ece0345a72e045ca.css]
  /artikel/venue-perancangan/bajet-kahwin
    200 HIT age=68 sin1::sin1::qvwrk-1788295366525-c4741305f265 css=[e754448c3010263a.css 19b83a0982f1e330.css ece0345a72e045ca.css]
  /artikel/idea-dan-nasihat/pelamin-kahwin-dewan
    200 HIT age=69 sin1::sin1::frd7t-1788295468696-e9813fd05884 css=[e754448c3010263a.css 19b83a0982f1e330.css ece0345a72e045ca.css]
  /artikel/busana-pengantin/baju-pengantin-sewa-atau-beli
    200 HIT age=69 sin1::sin1::7l5mw-1788295571449-26e6cada5d6e css=[e754448c3010263a.css 19b83a0982f1e330.css ece0345a72e045ca.css]
  /artikel/busana-pengantin/inai-tangan-pengantin
    200 HIT age=31 sin1::sin1::qvgz8-1788295671643-a549e5beea80 css=[e754448c3010263a.css 19b83a0982f1e330.css ece0345a72e045ca.css]
  /artikel/hantaran-mas-kahwin/nisbah-hantaran
    200 HIT age=127 sin1::sin1::wg96j-1788295774340-613fea45d48e css=[e754448c3010263a.css 19b83a0982f1e330.css ece0345a72e045ca.css]
  /artikel/hantaran-mas-kahwin/hantaran-kahwin-5-balas-7
    200 HIT age=228 sin1::sin1::wjk7k-1788295875442-a9c640990fcd css=[e754448c3010263a.css 19b83a0982f1e330.css ece0345a72e045ca.css]
  /artikel/hantaran-mas-kahwin/hantaran-tunang-3-balas-5
    200 REVALIDATED age=0 sin1::sin1::lpgxp-1788295976538-206a302b7d55 css=[e754448c3010263a.css 19b83a0982f1e330.css ece0345a72e045ca.css]
  /artikel/hantaran-mas-kahwin/barang-hantaran-perempuan
    200 HIT age=68 sin1::sin1::7l5mw-1788296077654-a76735a34013 css=[e754448c3010263a.css 19b83a0982f1e330.css ece0345a72e045ca.css]
  /artikel/hantaran-mas-kahwin/bilangan-dulang-hantaran-ganjil
    200 HIT age=66 sin1::sin1::qvgz8-1788296176634-2ce3b56e6fd1 css=[e754448c3010263a.css 19b83a0982f1e330.css ece0345a72e045ca.css]
  /artikel/hantaran-mas-kahwin/hantaran-tunang-untuk-lelaki
    200 HIT age=32 sin1::sin1::frd7t-1788296278387-028188377350 css=[cd038c78e3b16e63.css 19b83a0982f1e330.css ece0345a72e045ca.css]
  /artikel/hantaran-mas-kahwin/duit-hantaran-kahwin
    200 HIT age=68 sin1::sin1::f8qtl-1788296378460-7a62fdb4c3c2 css=[cd038c78e3b16e63.css 19b83a0982f1e330.css ece0345a72e045ca.css]
  /artikel/hantaran-mas-kahwin/cara-tetapkan-duit-hantaran
    200 HIT age=67 sin1::sin1::87x26-1788296479125-1586640c6f3b css=[cd038c78e3b16e63.css 19b83a0982f1e330.css ece0345a72e045ca.css]
  /artikel/sebelum-nikah/doa-majlis-pertunangan
    200 HIT age=102 sin1::sin1::lpbm2-1788296581106-9e5f619db160 css=[cd038c78e3b16e63.css 19b83a0982f1e330.css ece0345a72e045ca.css]
  /artikel/idea-dan-nasihat/dewan-kahwin
    200 HIT age=206 sin1::sin1::c6sg4-1788296684873-fb5121867218 css=[cd038c78e3b16e63.css 19b83a0982f1e330.css ece0345a72e045ca.css]
  /artikel/hantaran-mas-kahwin/hantaran-untuk-lelaki
    200 STALE age=307 sin1::sin1::sdfj4-1788296786315-e43b01ba11c7 css=[cd038c78e3b16e63.css 19b83a0982f1e330.css ece0345a72e045ca.css]
  /artikel/moden-kontemporari/jw-marriott-kuala-lumpur
    200 HIT age=110 sin1::sin1::cpxxj-1788296889429-4dc3218dc7db css=[cd038c78e3b16e63.css 19b83a0982f1e330.css ece0345a72e045ca.css]
  /artikel/idea-dan-nasihat/tempat-honeymoon-di-malaysia
    200 HIT age=101 sin1::sin1::24lxn-1788297023540-f99553af5a5e css=[cd038c78e3b16e63.css 19b83a0982f1e330.css ece0345a72e045ca.css]
  /artikel/hantaran-mas-kahwin/mas-kahwin-kelantan-terengganu
    200 HIT age=89 sin1::sin1::qmj2k-1788297147262-b4a926ec7039 css=[cd038c78e3b16e63.css 19b83a0982f1e330.css ece0345a72e045ca.css]
  /artikel/hantaran-mas-kahwin/mas-kahwin-perak
    200 HIT age=67 sin1::sin1::p6vq5-1788297247816-a6b3e4830bca css=[cd038c78e3b16e63.css 19b83a0982f1e330.css ece0345a72e045ca.css]
  /artikel/real-wedding/perkahwinan-di-ruma-hotel-kuala-lumpur-dengan-sentuhan-warisan-peranakan
    200 HIT age=72 sin1::sin1::t9jjf-1788297352525-934301cfeef6 css=[cd038c78e3b16e63.css 19b83a0982f1e330.css ece0345a72e045ca.css]
  /artikel/hantaran-mas-kahwin/gubahan-hantaran-simple
    200 HIT age=68 sin1::sin1::hc7gk-1788297455127-811b2a2fcd36 css=[cd038c78e3b16e63.css 19b83a0982f1e330.css ece0345a72e045ca.css]
UILINT EXIT: 1
