
UILINT — rendered-layout gate · https://hellokahwin.com/artikel/hantaran-mas-kahwin/hantaran-coklat, https://hellokahwin.com/artikel/hantaran-mas-kahwin/hantaran-tema-warna, https://hellokahwin.com/artikel/hantaran-mas-kahwin/hantaran-tunang-simple, https://hellokahwin.com/artikel/nikah-undang-undang/lafaz-taklik, https://hellokahwin.com/artikel/hantaran-mas-kahwin/hidden-hantaran, https://hellokahwin.com/artikel/hantaran-mas-kahwin/gubahan-hantaran, https://hellokahwin.com/artikel/hantaran-mas-kahwin/hantaran-tempah-atau-buat-sendiri, https://hellokahwin.com/artikel/hantaran-mas-kahwin/mas-kahwin-ikut-negeri, https://hellokahwin.com/artikel/moden-kontemporari/perkahwinan-romantis-di-jen-shangri-la-puteri-harbour, https://hellokahwin.com/artikel/idea-dan-nasihat/sewa-dewan-kahwin, https://hellokahwin.com/artikel/idea-dan-nasihat/majlis-kahwin, https://hellokahwin.com/artikel/busana-pengantin/songket-tenunan-tangan-atau-cetak, https://hellokahwin.com/artikel/minimalis-mewah/the-danna-langkawi, https://hellokahwin.com/artikel/pelamin-kad-cenderahati/pelamin, https://hellokahwin.com/artikel/idea-dan-nasihat/hadiah-untuk-pengantin, https://hellokahwin.com/artikel/ucapan-doa/doa-penutup-majlis, https://hellokahwin.com/artikel/sebelum-nikah/taaruf-maksud, https://hellokahwin.com/artikel/ucapan-doa/ucapan-ulang-tahun-perkahwinan, https://hellokahwin.com/artikel/ucapan-doa/doa-makan-majlis, https://hellokahwin.com/artikel/hantaran-mas-kahwin/mas-kahwin-johor, https://hellokahwin.com/artikel/hantaran-mas-kahwin/mas-kahwin-melebihi-kadar-minimum, https://hellokahwin.com/artikel/nikah-undang-undang/syarat-sah-nikah, https://hellokahwin.com/artikel/ucapan-doa/doa-selamat-majlis, https://hellokahwin.com/artikel/hantaran-mas-kahwin/dulang-hantaran, https://hellokahwin.com/artikel/ucapan-doa/walimatul-urus, https://hellokahwin.com/artikel/nikah-undang-undang/lafaz-akad-nikah, https://hellokahwin.com/artikel/sebelum-nikah/doa-jodoh, https://hellokahwin.com/artikel/hantaran-mas-kahwin/hantaran-kahwin-bajet, https://hellokahwin.com/artikel/ucapan-doa/skrip-pengacara-majlis-perkahwinan, https://hellokahwin.com/artikel/hantaran-mas-kahwin/barang-hantaran-berguna, https://hellokahwin.com/artikel/hantaran-mas-kahwin/berapa-dulang-hantaran-tunang, https://hellokahwin.com/artikel/hantaran-mas-kahwin/hantaran-tunang-untuk-perempuan, https://hellokahwin.com/artikel/hantaran-mas-kahwin/persiapan-hantaran-kahwin, https://hellokahwin.com/artikel/hantaran-mas-kahwin/barang-hantaran-tunang, https://hellokahwin.com/artikel/hantaran-mas-kahwin/tempat-beli-hantaran, https://hellokahwin.com/artikel/pelamin-kad-cenderahati/bunga-telur, https://hellokahwin.com/artikel/hantaran-mas-kahwin/hantaran-wajib-atau-adat, https://hellokahwin.com/artikel/hantaran-mas-kahwin/sirih-junjung, https://hellokahwin.com/artikel/pelamin-kad-cenderahati/contoh-kad-jemputan-kahwin, https://hellokahwin.com/artikel/sebelum-nikah/cincin-tunang, https://hellokahwin.com/artikel/ucapan-doa/doa-pengantin-baru, https://hellokahwin.com/artikel/hantaran-mas-kahwin/apa-itu-mas-kahwin, https://hellokahwin.com/artikel/nikah-undang-undang/rukun-nikah, https://hellokahwin.com/artikel/real-wedding/perkahwinan-taman-kebun-yang-minimalis-di-hulu-langat, https://hellokahwin.com/artikel/hiasan-dekorasi/goodies-kahwin, https://hellokahwin.com/artikel/idea-dan-nasihat/wedding-planner-terbaik-di-malaysia, https://hellokahwin.com/artikel/pantai-santai/perkahwinan-indah-di-laman-fajar-menyinsing-port-dickson, https://hellokahwin.com/artikel/fotografi-videografi/lokasi-pre-wedding-photoshoot-terbaik, https://hellokahwin.com/artikel/real-wedding/yasaka-shrine, https://hellokahwin.com/artikel/idea-dan-nasihat/garden-wedding, https://hellokahwin.com/artikel/moden-kontemporari/sime-darby-convention-centre
widths 390/768/1024/1440/1920 · chrome C:/Program Files/Google/Chrome/Application/chrome.exe
──────────────────────────────────────────────────────────────────────────────
[FAIL] /artikel/hantaran-mas-kahwin/hantaran-coklat @390 56 violation(s)  empty:0 rail:0 narrow:56 measure:0 clipped:0 over:0 clip:0 upscale:0 aspect:0 attr:1 unmeasurable:0 R2:0 R6:0 H6:0 H6.6:0 · +1 advisory
        narrow-text-column ×56
          82.4px column, 2 lines, box 82x58px (floor 120px)
            tbody > tr > th > p  ⟨p · not a link⟩
            "Apa yang berlaku"
          95.6px column, 3 lines, box 96x87px (floor 120px)
            tbody > tr > th > p  ⟨p · not a link⟩
            "Berapa lama selamat"
          96.0px column, 5 lines, box 96x145px (floor 120px)
            tbody > tr > td > p  ⟨p · not a link⟩
            "Bilik berhawa dingin, malam sebelum"
          82.4px column, 2 lines, box 82x58px (floor 120px)
            tbody > tr > td > p  ⟨p · not a link⟩
            "Di bawah takat lebur"
          … and 52 more
        image-attr-aspect ×1
          declared width="1200" height="800" (1.50:1) for a 2400x3600 file (0.67:1) — 125% off, so the box reserved before load is the wrong shape (ceiling 25%)
            article > div.inspire-prose > figure.group.relative.my-6 > img.h-auto.w-auto.max-w-full  ⟨img · not a link · alt="Sebuah bakul rotan berisi epal merah, oren dan buah naga, dihias bunga tiruan putih dan merah jambu serta daun hijau, diletakkan di atas bingkai kayu bercat putih."⟩
            "1787765191937-images-s-dulang-buah-hantaran-mohd-hasan/high.webp"
[ ok ] /artikel/hantaran-mas-kahwin/hantaran-coklat @768 0 violation(s)  empty:0 rail:0 narrow:0 measure:0 clipped:0 over:0 clip:0 upscale:0 aspect:0 attr:1 unmeasurable:0 R2:0 R6:0 H6:0 H6.6:0 · +1 advisory
        image-attr-aspect ×1
          declared width="1200" height="800" (1.50:1) for a 2400x3600 file (0.67:1) — 125% off, so the box reserved before load is the wrong shape (ceiling 25%)
            article > div.inspire-prose > figure.group.relative.my-6 > img.h-auto.w-auto.max-w-full  ⟨img · not a link · alt="Sebuah bakul rotan berisi epal merah, oren dan buah naga, dihias bunga tiruan putih dan merah jambu serta daun hijau, diletakkan di atas bingkai kayu bercat putih."⟩
            "1787765191937-images-s-dulang-buah-hantaran-mohd-hasan/high.webp"
[ ok ] /artikel/hantaran-mas-kahwin/hantaran-coklat @1024 0 violation(s)  empty:0 rail:0 narrow:0 measure:0 clipped:0 over:0 clip:0 upscale:0 aspect:0 attr:1 unmeasurable:0 R2:0 R6:0 H6:0 H6.6:0 · +1 advisory
        image-attr-aspect ×1
          declared width="1200" height="800" (1.50:1) for a 2400x3600 file (0.67:1) — 125% off, so the box reserved before load is the wrong shape (ceiling 25%)
            article > div.inspire-prose > figure.group.relative.my-6 > img.h-auto.w-auto.max-w-full  ⟨img · not a link · alt="Sebuah bakul rotan berisi epal merah, oren dan buah naga, dihias bunga tiruan putih dan merah jambu serta daun hijau, diletakkan di atas bingkai kayu bercat putih."⟩
            "1787765191937-images-s-dulang-buah-hantaran-mohd-hasan/high.webp"
[ ok ] /artikel/hantaran-mas-kahwin/hantaran-coklat @1440 0 violation(s)  empty:0 rail:0 narrow:0 measure:0 clipped:0 over:0 clip:0 upscale:0 aspect:0 attr:1 unmeasurable:0 R2:0 R6:0 H6:0 H6.6:0 · +1 advisory
        image-attr-aspect ×1
          declared width="1200" height="800" (1.50:1) for a 2400x3600 file (0.67:1) — 125% off, so the box reserved before load is the wrong shape (ceiling 25%)
            article > div.inspire-prose > figure.group.relative.my-6 > img.h-auto.w-auto.max-w-full  ⟨img · not a link · alt="Sebuah bakul rotan berisi epal merah, oren dan buah naga, dihias bunga tiruan putih dan merah jambu serta daun hijau, diletakkan di atas bingkai kayu bercat putih."⟩
            "1787765191937-images-s-dulang-buah-hantaran-mohd-hasan/high.webp"
[ ok ] /artikel/hantaran-mas-kahwin/hantaran-coklat @1920 0 violation(s)  empty:0 rail:0 narrow:0 measure:0 clipped:0 over:0 clip:0 upscale:0 aspect:0 attr:1 unmeasurable:0 R2:0 R6:0 H6:0 H6.6:0 · +1 advisory
        image-attr-aspect ×1
          declared width="1200" height="800" (1.50:1) for a 2400x3600 file (0.67:1) — 125% off, so the box reserved before load is the wrong shape (ceiling 25%)
            article > div.inspire-prose > figure.group.relative.my-6 > img.h-auto.w-auto.max-w-full  ⟨img · not a link · alt="Sebuah bakul rotan berisi epal merah, oren dan buah naga, dihias bunga tiruan putih dan merah jambu serta daun hijau, diletakkan di atas bingkai kayu bercat putih."⟩
            "1787765191937-images-s-dulang-buah-hantaran-mohd-hasan/high.webp"
[FAIL] /artikel/hantaran-mas-kahwin/hantaran-tema-warna @390 53 violation(s)  empty:0 rail:0 narrow:53 measure:0 clipped:0 over:0 clip:0 upscale:0 aspect:0 attr:2 unmeasurable:0 R2:0 R6:0 H6:0 H6.6:0 · +2 advisory
        narrow-text-column ×53
          72.1px column, 2 lines, box 72x58px (floor 120px)
            tbody > tr > th > p  ⟨p · not a link⟩
            "Harga tersiar"
          87.0px column, 4 lines, box 87x116px (floor 120px)
            tbody > tr > th > p  ⟨p · not a link⟩
            "Beli semula bila tema bertukar?"
          71.5px column, 4 lines, box 72x116px (floor 120px)
            tbody > tr > td > p  ⟨p · not a link⟩
            "Alas satin atau organza"
          74.4px column, 4 lines, box 74x116px (floor 120px)
            tbody > tr > td > p  ⟨p · not a link⟩
            "Warna asas setiap dulang"
          … and 49 more
        image-attr-aspect ×2
          declared width="1200" height="800" (1.50:1) for a 1536x2048 file (0.75:1) — 100% off, so the box reserved before load is the wrong shape (ceiling 25%)
            article > div.inspire-prose > figure.group.relative.my-6 > img.h-auto.w-auto.max-w-full  ⟨img · not a link · alt="Deretan dulang hantaran bertutup kain putih berlabuci disusun memanjang di atas permaidani hijau sebuah masjid, membawa cincin, kotak baldu biru, jambangan bunga ros putih, jam tangan dan kek. Tiga perempuan berbaju kurung dan bertudung duduk di hujung deretan itu."⟩
            "7765144241-images-s-hantaran-masjid-tetamu-mylifestory/high.webp"
          declared width="1200" height="800" (1.50:1) for a 2400x3600 file (0.67:1) — 125% off, so the box reserved before load is the wrong shape (ceiling 25%)
            article > div.inspire-prose > figure.group.relative.my-6 > img.h-auto.w-auto.max-w-full  ⟨img · not a link · alt="Kain berwarna merah jambu, ungu dan putih dilipat menjadi bentuk kelopak bunga di atas sebuah dulang, dihias bunga tiruan dan daun hijau. Di belakangnya kelihatan sebuah bakul buah hantaran."⟩
            "787765144241-images-s-gubahan-kain-hantaran-mohd-hasan/high.webp"
[FAIL] /artikel/hantaran-mas-kahwin/hantaran-tema-warna @768 21 violation(s)  empty:0 rail:0 narrow:21 measure:0 clipped:0 over:0 clip:0 upscale:0 aspect:0 attr:2 unmeasurable:0 R2:0 R6:0 H6:0 H6.6:0 · +2 advisory
        narrow-text-column ×21
          118.1px column, 3 lines, box 118x90px (floor 120px)
            tbody > tr > th > p  ⟨p · not a link⟩
            "Beli semula bila tema bertukar?"
          88.9px column, 3 lines, box 89x90px (floor 120px)
            tbody > tr > td > p  ⟨p · not a link⟩
            "Alas satin atau organza"
          94.0px column, 3 lines, box 94x90px (floor 120px)
            tbody > tr > td > p  ⟨p · not a link⟩
            "Warna asas setiap dulang"
          88.9px column, 2 lines, box 89x60px (floor 120px)
            tbody > tr > td > p  ⟨p · not a link⟩
            "Reben satin"
          … and 17 more
        image-attr-aspect ×2
          declared width="1200" height="800" (1.50:1) for a 1536x2048 file (0.75:1) — 100% off, so the box reserved before load is the wrong shape (ceiling 25%)
            article > div.inspire-prose > figure.group.relative.my-6 > img.h-auto.w-auto.max-w-full  ⟨img · not a link · alt="Deretan dulang hantaran bertutup kain putih berlabuci disusun memanjang di atas permaidani hijau sebuah masjid, membawa cincin, kotak baldu biru, jambangan bunga ros putih, jam tangan dan kek. Tiga perempuan berbaju kurung dan bertudung duduk di hujung deretan itu."⟩
            "7765144241-images-s-hantaran-masjid-tetamu-mylifestory/high.webp"
          declared width="1200" height="800" (1.50:1) for a 2400x3600 file (0.67:1) — 125% off, so the box reserved before load is the wrong shape (ceiling 25%)
            article > div.inspire-prose > figure.group.relative.my-6 > img.h-auto.w-auto.max-w-full  ⟨img · not a link · alt="Kain berwarna merah jambu, ungu dan putih dilipat menjadi bentuk kelopak bunga di atas sebuah dulang, dihias bunga tiruan dan daun hijau. Di belakangnya kelihatan sebuah bakul buah hantaran."⟩
            "787765144241-images-s-gubahan-kain-hantaran-mohd-hasan/high.webp"
[FAIL] /artikel/hantaran-mas-kahwin/hantaran-tema-warna @1024 22 violation(s)  empty:0 rail:0 narrow:22 measure:0 clipped:0 over:0 clip:0 upscale:0 aspect:0 attr:2 unmeasurable:0 R2:0 R6:0 H6:0 H6.6:0 · +2 advisory
        narrow-text-column ×22
          118.7px column, 3 lines, box 119x92px (floor 120px)
            tbody > tr > th > p  ⟨p · not a link⟩
            "Beli semula bila tema bertukar?"
          89.8px column, 3 lines, box 90x92px (floor 120px)
            tbody > tr > td > p  ⟨p · not a link⟩
            "Alas satin atau organza"
          94.8px column, 3 lines, box 95x92px (floor 120px)
            tbody > tr > td > p  ⟨p · not a link⟩
            "Warna asas setiap dulang"
          89.8px column, 2 lines, box 90x61px (floor 120px)
            tbody > tr > td > p  ⟨p · not a link⟩
            "Reben satin"
          … and 18 more
        image-attr-aspect ×2
          declared width="1200" height="800" (1.50:1) for a 1536x2048 file (0.75:1) — 100% off, so the box reserved before load is the wrong shape (ceiling 25%)
            article > div.inspire-prose > figure.group.relative.my-6 > img.h-auto.w-auto.max-w-full  ⟨img · not a link · alt="Deretan dulang hantaran bertutup kain putih berlabuci disusun memanjang di atas permaidani hijau sebuah masjid, membawa cincin, kotak baldu biru, jambangan bunga ros putih, jam tangan dan kek. Tiga perempuan berbaju kurung dan bertudung duduk di hujung deretan itu."⟩
            "7765144241-images-s-hantaran-masjid-tetamu-mylifestory/high.webp"
          declared width="1200" height="800" (1.50:1) for a 2400x3600 file (0.67:1) — 125% off, so the box reserved before load is the wrong shape (ceiling 25%)
            article > div.inspire-prose > figure.group.relative.my-6 > img.h-auto.w-auto.max-w-full  ⟨img · not a link · alt="Kain berwarna merah jambu, ungu dan putih dilipat menjadi bentuk kelopak bunga di atas sebuah dulang, dihias bunga tiruan dan daun hijau. Di belakangnya kelihatan sebuah bakul buah hantaran."⟩
            "787765144241-images-s-gubahan-kain-hantaran-mohd-hasan/high.webp"
[FAIL] /artikel/hantaran-mas-kahwin/hantaran-tema-warna @1440 15 violation(s)  empty:0 rail:0 narrow:15 measure:0 clipped:0 over:0 clip:0 upscale:0 aspect:0 attr:2 unmeasurable:0 R2:0 R6:0 H6:0 H6.6:0 · +2 advisory
        narrow-text-column ×15
          91.1px column, 3 lines, box 91x92px (floor 120px)
            tbody > tr > td > p  ⟨p · not a link⟩
            "Alas satin atau organza"
          96.3px column, 3 lines, box 96x92px (floor 120px)
            tbody > tr > td > p  ⟨p · not a link⟩
            "Warna asas setiap dulang"
          91.1px column, 2 lines, box 91x61px (floor 120px)
            tbody > tr > td > p  ⟨p · not a link⟩
            "Reben satin"
          96.3px column, 2 lines, box 96x61px (floor 120px)
            tbody > tr > td > p  ⟨p · not a link⟩
            "Ikatan dan tepi kotak"
          … and 11 more
        image-attr-aspect ×2
          declared width="1200" height="800" (1.50:1) for a 1536x2048 file (0.75:1) — 100% off, so the box reserved before load is the wrong shape (ceiling 25%)
            article > div.inspire-prose > figure.group.relative.my-6 > img.h-auto.w-auto.max-w-full  ⟨img · not a link · alt="Deretan dulang hantaran bertutup kain putih berlabuci disusun memanjang di atas permaidani hijau sebuah masjid, membawa cincin, kotak baldu biru, jambangan bunga ros putih, jam tangan dan kek. Tiga perempuan berbaju kurung dan bertudung duduk di hujung deretan itu."⟩
            "7765144241-images-s-hantaran-masjid-tetamu-mylifestory/high.webp"
          declared width="1200" height="800" (1.50:1) for a 2400x3600 file (0.67:1) — 125% off, so the box reserved before load is the wrong shape (ceiling 25%)
            article > div.inspire-prose > figure.group.relative.my-6 > img.h-auto.w-auto.max-w-full  ⟨img · not a link · alt="Kain berwarna merah jambu, ungu dan putih dilipat menjadi bentuk kelopak bunga di atas sebuah dulang, dihias bunga tiruan dan daun hijau. Di belakangnya kelihatan sebuah bakul buah hantaran."⟩
            "787765144241-images-s-gubahan-kain-hantaran-mohd-hasan/high.webp"
[FAIL] /artikel/hantaran-mas-kahwin/hantaran-tema-warna @1920 15 violation(s)  empty:0 rail:0 narrow:15 measure:0 clipped:0 over:0 clip:0 upscale:0 aspect:0 attr:2 unmeasurable:0 R2:0 R6:0 H6:0 H6.6:0 · +2 advisory
        narrow-text-column ×15
          91.1px column, 3 lines, box 91x92px (floor 120px)
            tbody > tr > td > p  ⟨p · not a link⟩
            "Alas satin atau organza"
          96.3px column, 3 lines, box 96x92px (floor 120px)
            tbody > tr > td > p  ⟨p · not a link⟩
            "Warna asas setiap dulang"
          91.1px column, 2 lines, box 91x61px (floor 120px)
            tbody > tr > td > p  ⟨p · not a link⟩
            "Reben satin"
          96.3px column, 2 lines, box 96x61px (floor 120px)
            tbody > tr > td > p  ⟨p · not a link⟩
            "Ikatan dan tepi kotak"
          … and 11 more
        image-attr-aspect ×2
          declared width="1200" height="800" (1.50:1) for a 1536x2048 file (0.75:1) — 100% off, so the box reserved before load is the wrong shape (ceiling 25%)
            article > div.inspire-prose > figure.group.relative.my-6 > img.h-auto.w-auto.max-w-full  ⟨img · not a link · alt="Deretan dulang hantaran bertutup kain putih berlabuci disusun memanjang di atas permaidani hijau sebuah masjid, membawa cincin, kotak baldu biru, jambangan bunga ros putih, jam tangan dan kek. Tiga perempuan berbaju kurung dan bertudung duduk di hujung deretan itu."⟩
            "7765144241-images-s-hantaran-masjid-tetamu-mylifestory/high.webp"
          declared width="1200" height="800" (1.50:1) for a 2400x3600 file (0.67:1) — 125% off, so the box reserved before load is the wrong shape (ceiling 25%)
            article > div.inspire-prose > figure.group.relative.my-6 > img.h-auto.w-auto.max-w-full  ⟨img · not a link · alt="Kain berwarna merah jambu, ungu dan putih dilipat menjadi bentuk kelopak bunga di atas sebuah dulang, dihias bunga tiruan dan daun hijau. Di belakangnya kelihatan sebuah bakul buah hantaran."⟩
            "787765144241-images-s-gubahan-kain-hantaran-mohd-hasan/high.webp"
[ ok ] /artikel/hantaran-mas-kahwin/hantaran-tunang-simple @390 0 violation(s)  empty:0 rail:0 narrow:0 measure:0 clipped:0 over:0 clip:0 upscale:0 aspect:0 attr:0 unmeasurable:0 R2:0 R6:0 H6:0 H6.6:0
[ ok ] /artikel/hantaran-mas-kahwin/hantaran-tunang-simple @768 0 violation(s)  empty:0 rail:0 narrow:0 measure:0 clipped:0 over:0 clip:0 upscale:0 aspect:0 attr:0 unmeasurable:0 R2:0 R6:0 H6:0 H6.6:0
[ ok ] /artikel/hantaran-mas-kahwin/hantaran-tunang-simple @1024 0 violation(s)  empty:0 rail:0 narrow:0 measure:0 clipped:0 over:0 clip:0 upscale:0 aspect:0 attr:0 unmeasurable:0 R2:0 R6:0 H6:0 H6.6:0
[ ok ] /artikel/hantaran-mas-kahwin/hantaran-tunang-simple @1440 0 violation(s)  empty:0 rail:0 narrow:0 measure:0 clipped:0 over:0 clip:0 upscale:0 aspect:0 attr:0 unmeasurable:0 R2:0 R6:0 H6:0 H6.6:0
[ ok ] /artikel/hantaran-mas-kahwin/hantaran-tunang-simple @1920 0 violation(s)  empty:0 rail:0 narrow:0 measure:0 clipped:0 over:0 clip:0 upscale:0 aspect:0 attr:0 unmeasurable:0 R2:0 R6:0 H6:0 H6.6:0
[ ok ] /artikel/nikah-undang-undang/lafaz-taklik @390 0 violation(s)  empty:0 rail:0 narrow:0 measure:0 clipped:0 over:0 clip:0 upscale:0 aspect:0 attr:2 unmeasurable:0 R2:0 R6:0 H6:0 H6.6:0 · +2 advisory
        image-attr-aspect ×2
          declared width="1200" height="800" (1.50:1) for a 1536x2048 file (0.75:1) — 100% off, so the box reserved before load is the wrong shape (ceiling 25%)
            article > div.inspire-prose > figure.group.relative.my-6 > img.h-auto.w-auto.max-w-full  ⟨img · not a link · alt="Pengantin lelaki berbaju melayu putih dan bersongkok hitam duduk bersila di atas tikar masjid, memegang mikrofon dengan sebelah tangan sementara tangan sebelah lagi berjabat dengan tok kadi yang membelakangi kamera. Beberapa lelaki bersongkok duduk mengapitnya."⟩
            "lik/1787707459685-images-s-akad-ijab-qabul-mylifestory/high.webp"
          declared width="1200" height="800" (1.50:1) for a 1536x2048 file (0.75:1) — 100% off, so the box reserved before load is the wrong shape (ceiling 25%)
            article > div.inspire-prose > figure.group.relative.my-6 > img.h-auto.w-auto.max-w-full  ⟨img · not a link · alt="Seorang lelaki berumur berbaju melayu merah jambu, berkain samping berjalur dan bersongkok hitam, duduk bersila sambil bercakap ke dalam mikrofon di dalam masjid. Papan kaligrafi Jawi dan kipas dinding kelihatan di belakangnya."⟩
            "87707459685-images-s-tok-kadi-baca-khutbah-mylifestory/high.webp"
[FAIL] /artikel/nikah-undang-undang/lafaz-taklik @768 1 violation(s)  empty:0 rail:0 narrow:0 measure:1 clipped:0 over:0 clip:0 upscale:0 aspect:0 attr:2 unmeasurable:0 R2:0 R6:0 H6:0 H6.6:0 · +2 advisory
        reading-measure ×1
          81.3 characters per line — 610px column at 15.0px (ceiling 75)
            div > a.s-row > div > h3.t  ⟨h3 · link → /artikel/nikah-undang-undang/lafaz-akad-nikah⟩
            "Lafaz akad nikah: apa yang disebut, dan satu perkataan yang "
        image-attr-aspect ×2
          declared width="1200" height="800" (1.50:1) for a 1536x2048 file (0.75:1) — 100% off, so the box reserved before load is the wrong shape (ceiling 25%)
            article > div.inspire-prose > figure.group.relative.my-6 > img.h-auto.w-auto.max-w-full  ⟨img · not a link · alt="Pengantin lelaki berbaju melayu putih dan bersongkok hitam duduk bersila di atas tikar masjid, memegang mikrofon dengan sebelah tangan sementara tangan sebelah lagi berjabat dengan tok kadi yang membelakangi kamera. Beberapa lelaki bersongkok duduk mengapitnya."⟩
            "lik/1787707459685-images-s-akad-ijab-qabul-mylifestory/high.webp"
          declared width="1200" height="800" (1.50:1) for a 1536x2048 file (0.75:1) — 100% off, so the box reserved before load is the wrong shape (ceiling 25%)
            article > div.inspire-prose > figure.group.relative.my-6 > img.h-auto.w-auto.max-w-full  ⟨img · not a link · alt="Seorang lelaki berumur berbaju melayu merah jambu, berkain samping berjalur dan bersongkok hitam, duduk bersila sambil bercakap ke dalam mikrofon di dalam masjid. Papan kaligrafi Jawi dan kipas dinding kelihatan di belakangnya."⟩
            "87707459685-images-s-tok-kadi-baca-khutbah-mylifestory/high.webp"
[ ok ] /artikel/nikah-undang-undang/lafaz-taklik @1024 0 violation(s)  empty:0 rail:0 narrow:0 measure:0 clipped:0 over:0 clip:0 upscale:0 aspect:0 attr:2 unmeasurable:0 R2:0 R6:0 H6:0 H6.6:0 · +2 advisory
        image-attr-aspect ×2
          declared width="1200" height="800" (1.50:1) for a 1536x2048 file (0.75:1) — 100% off, so the box reserved before load is the wrong shape (ceiling 25%)
            article > div.inspire-prose > figure.group.relative.my-6 > img.h-auto.w-auto.max-w-full  ⟨img · not a link · alt="Pengantin lelaki berbaju melayu putih dan bersongkok hitam duduk bersila di atas tikar masjid, memegang mikrofon dengan sebelah tangan sementara tangan sebelah lagi berjabat dengan tok kadi yang membelakangi kamera. Beberapa lelaki bersongkok duduk mengapitnya."⟩
            "lik/1787707459685-images-s-akad-ijab-qabul-mylifestory/high.webp"
          declared width="1200" height="800" (1.50:1) for a 1536x2048 file (0.75:1) — 100% off, so the box reserved before load is the wrong shape (ceiling 25%)
            article > div.inspire-prose > figure.group.relative.my-6 > img.h-auto.w-auto.max-w-full  ⟨img · not a link · alt="Seorang lelaki berumur berbaju melayu merah jambu, berkain samping berjalur dan bersongkok hitam, duduk bersila sambil bercakap ke dalam mikrofon di dalam masjid. Papan kaligrafi Jawi dan kipas dinding kelihatan di belakangnya."⟩
            "87707459685-images-s-tok-kadi-baca-khutbah-mylifestory/high.webp"
[ ok ] /artikel/nikah-undang-undang/lafaz-taklik @1440 0 violation(s)  empty:0 rail:0 narrow:0 measure:0 clipped:0 over:0 clip:0 upscale:0 aspect:0 attr:2 unmeasurable:0 R2:0 R6:0 H6:0 H6.6:0 · +2 advisory
        image-attr-aspect ×2
          declared width="1200" height="800" (1.50:1) for a 1536x2048 file (0.75:1) — 100% off, so the box reserved before load is the wrong shape (ceiling 25%)
            article > div.inspire-prose > figure.group.relative.my-6 > img.h-auto.w-auto.max-w-full  ⟨img · not a link · alt="Pengantin lelaki berbaju melayu putih dan bersongkok hitam duduk bersila di atas tikar masjid, memegang mikrofon dengan sebelah tangan sementara tangan sebelah lagi berjabat dengan tok kadi yang membelakangi kamera. Beberapa lelaki bersongkok duduk mengapitnya."⟩
            "lik/1787707459685-images-s-akad-ijab-qabul-mylifestory/high.webp"
          declared width="1200" height="800" (1.50:1) for a 1536x2048 file (0.75:1) — 100% off, so the box reserved before load is the wrong shape (ceiling 25%)
            article > div.inspire-prose > figure.group.relative.my-6 > img.h-auto.w-auto.max-w-full  ⟨img · not a link · alt="Seorang lelaki berumur berbaju melayu merah jambu, berkain samping berjalur dan bersongkok hitam, duduk bersila sambil bercakap ke dalam mikrofon di dalam masjid. Papan kaligrafi Jawi dan kipas dinding kelihatan di belakangnya."⟩
            "87707459685-images-s-tok-kadi-baca-khutbah-mylifestory/high.webp"
[ ok ] /artikel/nikah-undang-undang/lafaz-taklik @1920 0 violation(s)  empty:0 rail:0 narrow:0 measure:0 clipped:0 over:0 clip:0 upscale:0 aspect:0 attr:2 unmeasurable:0 R2:0 R6:0 H6:0 H6.6:0 · +2 advisory
        image-attr-aspect ×2
          declared width="1200" height="800" (1.50:1) for a 1536x2048 file (0.75:1) — 100% off, so the box reserved before load is the wrong shape (ceiling 25%)
            article > div.inspire-prose > figure.group.relative.my-6 > img.h-auto.w-auto.max-w-full  ⟨img · not a link · alt="Pengantin lelaki berbaju melayu putih dan bersongkok hitam duduk bersila di atas tikar masjid, memegang mikrofon dengan sebelah tangan sementara tangan sebelah lagi berjabat dengan tok kadi yang membelakangi kamera. Beberapa lelaki bersongkok duduk mengapitnya."⟩
            "lik/1787707459685-images-s-akad-ijab-qabul-mylifestory/high.webp"
          declared width="1200" height="800" (1.50:1) for a 1536x2048 file (0.75:1) — 100% off, so the box reserved before load is the wrong shape (ceiling 25%)
            article > div.inspire-prose > figure.group.relative.my-6 > img.h-auto.w-auto.max-w-full  ⟨img · not a link · alt="Seorang lelaki berumur berbaju melayu merah jambu, berkain samping berjalur dan bersongkok hitam, duduk bersila sambil bercakap ke dalam mikrofon di dalam masjid. Papan kaligrafi Jawi dan kipas dinding kelihatan di belakangnya."⟩
            "87707459685-images-s-tok-kadi-baca-khutbah-mylifestory/high.webp"
[FAIL] /artikel/hantaran-mas-kahwin/hidden-hantaran @390 18 violation(s)  empty:0 rail:0 narrow:18 measure:0 clipped:0 over:0 clip:0 upscale:0 aspect:0 attr:1 unmeasurable:0 R2:0 R6:0 H6:0 H6.6:0 · +1 advisory
        narrow-text-column ×18
          77.6px column, 2 lines, box 78x58px (floor 120px)
            tbody > tr > th > p  ⟨p · not a link⟩
            "Harga tersiar"
          86.6px column, 5 lines, box 87x145px (floor 120px)
            tbody > tr > td > p  ⟨p · not a link⟩
            "PVC Hidden Box, Sarang Hae Yo"
          109.8px column, 3 lines, box 110x87px (floor 120px)
            tbody > tr > td > p  ⟨p · not a link⟩
            "Kotak PVC bertutup, sekeping"
          86.6px column, 6 lines, box 87x174px (floor 120px)
            tbody > tr > td > p  ⟨p · not a link⟩
            "PVC Hidden Square Box, Sarang Hae Yo"
          … and 14 more
        image-attr-aspect ×1
          declared width="1200" height="800" (1.50:1) for a 1536x2048 file (0.75:1) — 100% off, so the box reserved before load is the wrong shape (ceiling 25%)
            article > div.inspire-prose > figure.group.relative.my-6 > img.h-auto.w-auto.max-w-full  ⟨img · not a link · alt="Deretan dulang hantaran bertutup kain putih berlabuci disusun memanjang di atas permaidani hijau sebuah masjid, membawa cincin, kotak baldu biru, jambangan bunga ros putih, jam tangan dan kek. Tiga perempuan berbaju kurung dan bertudung duduk di hujung deretan itu."⟩
            "7765217232-images-s-hantaran-masjid-tetamu-mylifestory/high.webp"
[ ok ] /artikel/hantaran-mas-kahwin/hidden-hantaran @768 0 violation(s)  empty:0 rail:0 narrow:0 measure:0 clipped:0 over:0 clip:0 upscale:0 aspect:0 attr:1 unmeasurable:0 R2:0 R6:0 H6:0 H6.6:0 · +1 advisory
        image-attr-aspect ×1
          declared width="1200" height="800" (1.50:1) for a 1536x2048 file (0.75:1) — 100% off, so the box reserved before load is the wrong shape (ceiling 25%)
            article > div.inspire-prose > figure.group.relative.my-6 > img.h-auto.w-auto.max-w-full  ⟨img · not a link · alt="Deretan dulang hantaran bertutup kain putih berlabuci disusun memanjang di atas permaidani hijau sebuah masjid, membawa cincin, kotak baldu biru, jambangan bunga ros putih, jam tangan dan kek. Tiga perempuan berbaju kurung dan bertudung duduk di hujung deretan itu."⟩
            "7765217232-images-s-hantaran-masjid-tetamu-mylifestory/high.webp"
[ ok ] /artikel/hantaran-mas-kahwin/hidden-hantaran @1024 0 violation(s)  empty:0 rail:0 narrow:0 measure:0 clipped:0 over:0 clip:0 upscale:0 aspect:0 attr:1 unmeasurable:0 R2:0 R6:0 H6:0 H6.6:0 · +1 advisory
        image-attr-aspect ×1
          declared width="1200" height="800" (1.50:1) for a 1536x2048 file (0.75:1) — 100% off, so the box reserved before load is the wrong shape (ceiling 25%)
            article > div.inspire-prose > figure.group.relative.my-6 > img.h-auto.w-auto.max-w-full  ⟨img · not a link · alt="Deretan dulang hantaran bertutup kain putih berlabuci disusun memanjang di atas permaidani hijau sebuah masjid, membawa cincin, kotak baldu biru, jambangan bunga ros putih, jam tangan dan kek. Tiga perempuan berbaju kurung dan bertudung duduk di hujung deretan itu."⟩
            "7765217232-images-s-hantaran-masjid-tetamu-mylifestory/high.webp"
[ ok ] /artikel/hantaran-mas-kahwin/hidden-hantaran @1440 0 violation(s)  empty:0 rail:0 narrow:0 measure:0 clipped:0 over:0 clip:0 upscale:0 aspect:0 attr:1 unmeasurable:0 R2:0 R6:0 H6:0 H6.6:0 · +1 advisory
        image-attr-aspect ×1
          declared width="1200" height="800" (1.50:1) for a 1536x2048 file (0.75:1) — 100% off, so the box reserved before load is the wrong shape (ceiling 25%)
            article > div.inspire-prose > figure.group.relative.my-6 > img.h-auto.w-auto.max-w-full  ⟨img · not a link · alt="Deretan dulang hantaran bertutup kain putih berlabuci disusun memanjang di atas permaidani hijau sebuah masjid, membawa cincin, kotak baldu biru, jambangan bunga ros putih, jam tangan dan kek. Tiga perempuan berbaju kurung dan bertudung duduk di hujung deretan itu."⟩
            "7765217232-images-s-hantaran-masjid-tetamu-mylifestory/high.webp"
[ ok ] /artikel/hantaran-mas-kahwin/hidden-hantaran @1920 0 violation(s)  empty:0 rail:0 narrow:0 measure:0 clipped:0 over:0 clip:0 upscale:0 aspect:0 attr:1 unmeasurable:0 R2:0 R6:0 H6:0 H6.6:0 · +1 advisory
        image-attr-aspect ×1
          declared width="1200" height="800" (1.50:1) for a 1536x2048 file (0.75:1) — 100% off, so the box reserved before load is the wrong shape (ceiling 25%)
            article > div.inspire-prose > figure.group.relative.my-6 > img.h-auto.w-auto.max-w-full  ⟨img · not a link · alt="Deretan dulang hantaran bertutup kain putih berlabuci disusun memanjang di atas permaidani hijau sebuah masjid, membawa cincin, kotak baldu biru, jambangan bunga ros putih, jam tangan dan kek. Tiga perempuan berbaju kurung dan bertudung duduk di hujung deretan itu."⟩
            "7765217232-images-s-hantaran-masjid-tetamu-mylifestory/high.webp"
[FAIL] /artikel/hantaran-mas-kahwin/gubahan-hantaran @390 31 violation(s)  empty:0 rail:0 narrow:31 measure:0 clipped:0 over:0 clip:0 upscale:0 aspect:0 attr:3 unmeasurable:0 R2:0 R6:0 H6:0 H6.6:0 · +3 advisory
        narrow-text-column ×31
          94.8px column, 2 lines, box 95x58px (floor 120px)
            tbody > tr > th > p  ⟨p · not a link⟩
            "Harga tersiar"
          81.4px column, 4 lines, box 81x116px (floor 120px)
            tbody > tr > td > p  ⟨p · not a link⟩
            "Alas bukan tenunan tebal"
          97.8px column, 3 lines, box 98x87px (floor 120px)
            tbody > tr > td > p  ⟨p · not a link⟩
            "Menutup permukaan dulang"
          94.8px column, 7 lines, box 95x203px (floor 120px)
            tbody > tr > td > p  ⟨p · not a link⟩
            "RM4.00 untuk empat dulang, KYK Sayang, kehabisan stok"
          … and 27 more
        image-attr-aspect ×3
          declared width="1200" height="800" (1.50:1) for a 2400x3600 file (0.67:1) — 125% off, so the box reserved before load is the wrong shape (ceiling 25%)
            article > div.inspire-prose > figure.group.relative.my-6 > img.h-auto.w-auto.max-w-full  ⟨img · not a link · alt="Kain berwarna merah jambu, ungu dan putih dilipat menjadi bentuk kelopak bunga di atas sebuah dulang, dihias bunga tiruan dan daun hijau. Di belakangnya kelihatan sebuah bakul buah hantaran."⟩
            "787680501907-images-s-gubahan-kain-hantaran-mohd-hasan/high.webp"
          declared width="1200" height="800" (1.50:1) for a 1527x2264 file (0.67:1) — 122% off, so the box reserved before load is the wrong shape (ceiling 25%)
            article > div.inspire-prose > figure.group.relative.my-6 > img.h-auto.w-auto.max-w-full  ⟨img · not a link · alt="Sebuah dulang kaca berkaki dihias renda kedut putih berbucu perak dan rantai manik emas, membawa sebuah kotak berbentuk hati berwarna merah bertali reben organza hijau, difoto di luar rumah dengan cahaya matahari menembusi daun."⟩
            "n/1787680501907-images-s-dulang-berkaki-hiasan-farritz/high.webp"
          declared width="1200" height="800" (1.50:1) for a 1536x2048 file (0.75:1) — 100% off, so the box reserved before load is the wrong shape (ceiling 25%)
            article > div.inspire-prose > figure.group.relative.my-6 > img.h-auto.w-auto.max-w-full  ⟨img · not a link · alt="Deretan dulang hantaran bertutup kain putih berlabuci disusun memanjang di atas permaidani hijau sebuah masjid, membawa cincin, kotak baldu biru, jambangan bunga ros putih, jam tangan dan kek. Tiga perempuan berbaju kurung dan bertudung duduk di hujung deretan itu."⟩
            "7680501907-images-s-hantaran-masjid-tetamu-mylifestory/high.webp"
[ ok ] /artikel/hantaran-mas-kahwin/gubahan-hantaran @768 0 violation(s)  empty:0 rail:0 narrow:0 measure:0 clipped:0 over:0 clip:0 upscale:0 aspect:0 attr:3 unmeasurable:0 R2:0 R6:0 H6:0 H6.6:0 · +3 advisory
        image-attr-aspect ×3
          declared width="1200" height="800" (1.50:1) for a 2400x3600 file (0.67:1) — 125% off, so the box reserved before load is the wrong shape (ceiling 25%)
            article > div.inspire-prose > figure.group.relative.my-6 > img.h-auto.w-auto.max-w-full  ⟨img · not a link · alt="Kain berwarna merah jambu, ungu dan putih dilipat menjadi bentuk kelopak bunga di atas sebuah dulang, dihias bunga tiruan dan daun hijau. Di belakangnya kelihatan sebuah bakul buah hantaran."⟩
            "787680501907-images-s-gubahan-kain-hantaran-mohd-hasan/high.webp"
          declared width="1200" height="800" (1.50:1) for a 1527x2264 file (0.67:1) — 122% off, so the box reserved before load is the wrong shape (ceiling 25%)
            article > div.inspire-prose > figure.group.relative.my-6 > img.h-auto.w-auto.max-w-full  ⟨img · not a link · alt="Sebuah dulang kaca berkaki dihias renda kedut putih berbucu perak dan rantai manik emas, membawa sebuah kotak berbentuk hati berwarna merah bertali reben organza hijau, difoto di luar rumah dengan cahaya matahari menembusi daun."⟩
            "n/1787680501907-images-s-dulang-berkaki-hiasan-farritz/high.webp"
          declared width="1200" height="800" (1.50:1) for a 1536x2048 file (0.75:1) — 100% off, so the box reserved before load is the wrong shape (ceiling 25%)
            article > div.inspire-prose > figure.group.relative.my-6 > img.h-auto.w-auto.max-w-full  ⟨img · not a link · alt="Deretan dulang hantaran bertutup kain putih berlabuci disusun memanjang di atas permaidani hijau sebuah masjid, membawa cincin, kotak baldu biru, jambangan bunga ros putih, jam tangan dan kek. Tiga perempuan berbaju kurung dan bertudung duduk di hujung deretan itu."⟩
            "7680501907-images-s-hantaran-masjid-tetamu-mylifestory/high.webp"
[ ok ] /artikel/hantaran-mas-kahwin/gubahan-hantaran @1024 0 violation(s)  empty:0 rail:0 narrow:0 measure:0 clipped:0 over:0 clip:0 upscale:0 aspect:0 attr:3 unmeasurable:0 R2:0 R6:0 H6:0 H6.6:0 · +3 advisory
        image-attr-aspect ×3
          declared width="1200" height="800" (1.50:1) for a 2400x3600 file (0.67:1) — 125% off, so the box reserved before load is the wrong shape (ceiling 25%)
            article > div.inspire-prose > figure.group.relative.my-6 > img.h-auto.w-auto.max-w-full  ⟨img · not a link · alt="Kain berwarna merah jambu, ungu dan putih dilipat menjadi bentuk kelopak bunga di atas sebuah dulang, dihias bunga tiruan dan daun hijau. Di belakangnya kelihatan sebuah bakul buah hantaran."⟩
            "787680501907-images-s-gubahan-kain-hantaran-mohd-hasan/high.webp"
          declared width="1200" height="800" (1.50:1) for a 1527x2264 file (0.67:1) — 122% off, so the box reserved before load is the wrong shape (ceiling 25%)
            article > div.inspire-prose > figure.group.relative.my-6 > img.h-auto.w-auto.max-w-full  ⟨img · not a link · alt="Sebuah dulang kaca berkaki dihias renda kedut putih berbucu perak dan rantai manik emas, membawa sebuah kotak berbentuk hati berwarna merah bertali reben organza hijau, difoto di luar rumah dengan cahaya matahari menembusi daun."⟩
            "n/1787680501907-images-s-dulang-berkaki-hiasan-farritz/high.webp"
          declared width="1200" height="800" (1.50:1) for a 1536x2048 file (0.75:1) — 100% off, so the box reserved before load is the wrong shape (ceiling 25%)
            article > div.inspire-prose > figure.group.relative.my-6 > img.h-auto.w-auto.max-w-full  ⟨img · not a link · alt="Deretan dulang hantaran bertutup kain putih berlabuci disusun memanjang di atas permaidani hijau sebuah masjid, membawa cincin, kotak baldu biru, jambangan bunga ros putih, jam tangan dan kek. Tiga perempuan berbaju kurung dan bertudung duduk di hujung deretan itu."⟩
            "7680501907-images-s-hantaran-masjid-tetamu-mylifestory/high.webp"
[ ok ] /artikel/hantaran-mas-kahwin/gubahan-hantaran @1440 0 violation(s)  empty:0 rail:0 narrow:0 measure:0 clipped:0 over:0 clip:0 upscale:0 aspect:0 attr:3 unmeasurable:0 R2:0 R6:0 H6:0 H6.6:0 · +3 advisory
        image-attr-aspect ×3
          declared width="1200" height="800" (1.50:1) for a 2400x3600 file (0.67:1) — 125% off, so the box reserved before load is the wrong shape (ceiling 25%)
            article > div.inspire-prose > figure.group.relative.my-6 > img.h-auto.w-auto.max-w-full  ⟨img · not a link · alt="Kain berwarna merah jambu, ungu dan putih dilipat menjadi bentuk kelopak bunga di atas sebuah dulang, dihias bunga tiruan dan daun hijau. Di belakangnya kelihatan sebuah bakul buah hantaran."⟩
            "787680501907-images-s-gubahan-kain-hantaran-mohd-hasan/high.webp"
          declared width="1200" height="800" (1.50:1) for a 1527x2264 file (0.67:1) — 122% off, so the box reserved before load is the wrong shape (ceiling 25%)
            article > div.inspire-prose > figure.group.relative.my-6 > img.h-auto.w-auto.max-w-full  ⟨img · not a link · alt="Sebuah dulang kaca berkaki dihias renda kedut putih berbucu perak dan rantai manik emas, membawa sebuah kotak berbentuk hati berwarna merah bertali reben organza hijau, difoto di luar rumah dengan cahaya matahari menembusi daun."⟩
            "n/1787680501907-images-s-dulang-berkaki-hiasan-farritz/high.webp"
          declared width="1200" height="800" (1.50:1) for a 1536x2048 file (0.75:1) — 100% off, so the box reserved before load is the wrong shape (ceiling 25%)
            article > div.inspire-prose > figure.group.relative.my-6 > img.h-auto.w-auto.max-w-full  ⟨img · not a link · alt="Deretan dulang hantaran bertutup kain putih berlabuci disusun memanjang di atas permaidani hijau sebuah masjid, membawa cincin, kotak baldu biru, jambangan bunga ros putih, jam tangan dan kek. Tiga perempuan berbaju kurung dan bertudung duduk di hujung deretan itu."⟩
            "7680501907-images-s-hantaran-masjid-tetamu-mylifestory/high.webp"
[ ok ] /artikel/hantaran-mas-kahwin/gubahan-hantaran @1920 0 violation(s)  empty:0 rail:0 narrow:0 measure:0 clipped:0 over:0 clip:0 upscale:0 aspect:0 attr:3 unmeasurable:0 R2:0 R6:0 H6:0 H6.6:0 · +3 advisory
        image-attr-aspect ×3
          declared width="1200" height="800" (1.50:1) for a 2400x3600 file (0.67:1) — 125% off, so the box reserved before load is the wrong shape (ceiling 25%)
            article > div.inspire-prose > figure.group.relative.my-6 > img.h-auto.w-auto.max-w-full  ⟨img · not a link · alt="Kain berwarna merah jambu, ungu dan putih dilipat menjadi bentuk kelopak bunga di atas sebuah dulang, dihias bunga tiruan dan daun hijau. Di belakangnya kelihatan sebuah bakul buah hantaran."⟩
            "787680501907-images-s-gubahan-kain-hantaran-mohd-hasan/high.webp"
          declared width="1200" height="800" (1.50:1) for a 1527x2264 file (0.67:1) — 122% off, so the box reserved before load is the wrong shape (ceiling 25%)
            article > div.inspire-prose > figure.group.relative.my-6 > img.h-auto.w-auto.max-w-full  ⟨img · not a link · alt="Sebuah dulang kaca berkaki dihias renda kedut putih berbucu perak dan rantai manik emas, membawa sebuah kotak berbentuk hati berwarna merah bertali reben organza hijau, difoto di luar rumah dengan cahaya matahari menembusi daun."⟩
            "n/1787680501907-images-s-dulang-berkaki-hiasan-farritz/high.webp"
          declared width="1200" height="800" (1.50:1) for a 1536x2048 file (0.75:1) — 100% off, so the box reserved before load is the wrong shape (ceiling 25%)
            article > div.inspire-prose > figure.group.relative.my-6 > img.h-auto.w-auto.max-w-full  ⟨img · not a link · alt="Deretan dulang hantaran bertutup kain putih berlabuci disusun memanjang di atas permaidani hijau sebuah masjid, membawa cincin, kotak baldu biru, jambangan bunga ros putih, jam tangan dan kek. Tiga perempuan berbaju kurung dan bertudung duduk di hujung deretan itu."⟩
            "7680501907-images-s-hantaran-masjid-tetamu-mylifestory/high.webp"
[FAIL] /artikel/hantaran-mas-kahwin/hantaran-tempah-atau-buat-sendiri @390 45 violation(s)  empty:0 rail:0 narrow:45 measure:0 clipped:0 over:0 clip:0 upscale:0 aspect:0 attr:1 unmeasurable:0 R2:0 R6:0 H6:0 H6.6:0 · +1 advisory
        narrow-text-column ×45
          68.9px column, 3 lines, box 69x87px (floor 120px)
            tbody > tr > th > p  ⟨p · not a link⟩
            "Apa yang dibayar"
          94.3px column, 2 lines, box 94x58px (floor 120px)
            tbody > tr > th > p  ⟨p · not a link⟩
            "Kos untuk 7 dulang"
          93.8px column, 2 lines, box 94x58px (floor 120px)
            tbody > tr > th > p  ⟨p · not a link⟩
            "Yang tidak termasuk"
          88.5px column, 2 lines, box 89x58px (floor 120px)
            tbody > tr > td > p  ⟨p · not a link⟩
            "Beli siap gubah"
          … and 41 more
        image-attr-aspect ×1
          declared width="1200" height="800" (1.50:1) for a 1536x2048 file (0.75:1) — 100% off, so the box reserved before load is the wrong shape (ceiling 25%)
            article > div.inspire-prose > figure.group.relative.my-6 > img.h-auto.w-auto.max-w-full  ⟨img · not a link · alt="Sirih junjung daun segar berbentuk menara, dihias bunga lily putih, carnation putih dan bunga kering perang, dengan dua ekor burung hiasan kecil bersayap biru dicucuk pada bahagian atas."⟩
            "diri/1787765324733-images-s-sirih-junjung-salwa-hamzah/high.webp"
[FAIL] /artikel/hantaran-mas-kahwin/hantaran-tempah-atau-buat-sendiri @768 17 violation(s)  empty:0 rail:0 narrow:17 measure:0 clipped:0 over:0 clip:0 upscale:0 aspect:0 attr:1 unmeasurable:0 R2:0 R6:0 H6:0 H6.6:0 · +1 advisory
        narrow-text-column ×17
          89.9px column, 2 lines, box 90x60px (floor 120px)
            tbody > tr > th > p  ⟨p · not a link⟩
            "Apa yang dibayar"
          110.0px column, 2 lines, box 110x60px (floor 120px)
            tbody > tr > td > p  ⟨p · not a link⟩
            "Beli siap gubah"
          89.9px column, 4 lines, box 90x120px (floor 120px)
            tbody > tr > td > p  ⟨p · not a link⟩
            "Dulang, alas dan bunga siap dipasang"
          110.0px column, 2 lines, box 110x60px (floor 120px)
            tbody > tr > td > p  ⟨p · not a link⟩
            "Beli gubahan berisi"
          … and 13 more
        image-attr-aspect ×1
          declared width="1200" height="800" (1.50:1) for a 1536x2048 file (0.75:1) — 100% off, so the box reserved before load is the wrong shape (ceiling 25%)
            article > div.inspire-prose > figure.group.relative.my-6 > img.h-auto.w-auto.max-w-full  ⟨img · not a link · alt="Sirih junjung daun segar berbentuk menara, dihias bunga lily putih, carnation putih dan bunga kering perang, dengan dua ekor burung hiasan kecil bersayap biru dicucuk pada bahagian atas."⟩
            "diri/1787765324733-images-s-sirih-junjung-salwa-hamzah/high.webp"
[FAIL] /artikel/hantaran-mas-kahwin/hantaran-tempah-atau-buat-sendiri @1024 17 violation(s)  empty:0 rail:0 narrow:17 measure:0 clipped:0 over:0 clip:0 upscale:0 aspect:0 attr:1 unmeasurable:0 R2:0 R6:0 H6:0 H6.6:0 · +1 advisory
        narrow-text-column ×17
          90.0px column, 2 lines, box 90x61px (floor 120px)
            tbody > tr > th > p  ⟨p · not a link⟩
            "Apa yang dibayar"
          110.6px column, 2 lines, box 111x61px (floor 120px)
            tbody > tr > td > p  ⟨p · not a link⟩
            "Beli siap gubah"
          90.0px column, 4 lines, box 90x122px (floor 120px)
            tbody > tr > td > p  ⟨p · not a link⟩
            "Dulang, alas dan bunga siap dipasang"
          110.6px column, 2 lines, box 111x61px (floor 120px)
            tbody > tr > td > p  ⟨p · not a link⟩
            "Beli gubahan berisi"
          … and 13 more
        image-attr-aspect ×1
          declared width="1200" height="800" (1.50:1) for a 1536x2048 file (0.75:1) — 100% off, so the box reserved before load is the wrong shape (ceiling 25%)
            article > div.inspire-prose > figure.group.relative.my-6 > img.h-auto.w-auto.max-w-full  ⟨img · not a link · alt="Sirih junjung daun segar berbentuk menara, dihias bunga lily putih, carnation putih dan bunga kering perang, dengan dua ekor burung hiasan kecil bersayap biru dicucuk pada bahagian atas."⟩
            "diri/1787765324733-images-s-sirih-junjung-salwa-hamzah/high.webp"
[FAIL] /artikel/hantaran-mas-kahwin/hantaran-tempah-atau-buat-sendiri @1440 17 violation(s)  empty:0 rail:0 narrow:17 measure:0 clipped:0 over:0 clip:0 upscale:0 aspect:0 attr:1 unmeasurable:0 R2:0 R6:0 H6:0 H6.6:0 · +1 advisory
        narrow-text-column ×17
          92.2px column, 2 lines, box 92x61px (floor 120px)
            tbody > tr > th > p  ⟨p · not a link⟩
            "Apa yang dibayar"
          112.8px column, 2 lines, box 113x61px (floor 120px)
            tbody > tr > td > p  ⟨p · not a link⟩
            "Beli siap gubah"
          92.2px column, 4 lines, box 92x122px (floor 120px)
            tbody > tr > td > p  ⟨p · not a link⟩
            "Dulang, alas dan bunga siap dipasang"
          112.8px column, 2 lines, box 113x61px (floor 120px)
            tbody > tr > td > p  ⟨p · not a link⟩
            "Beli gubahan berisi"
          … and 13 more
        image-attr-aspect ×1
          declared width="1200" height="800" (1.50:1) for a 1536x2048 file (0.75:1) — 100% off, so the box reserved before load is the wrong shape (ceiling 25%)
            article > div.inspire-prose > figure.group.relative.my-6 > img.h-auto.w-auto.max-w-full  ⟨img · not a link · alt="Sirih junjung daun segar berbentuk menara, dihias bunga lily putih, carnation putih dan bunga kering perang, dengan dua ekor burung hiasan kecil bersayap biru dicucuk pada bahagian atas."⟩
            "diri/1787765324733-images-s-sirih-junjung-salwa-hamzah/high.webp"
[FAIL] /artikel/hantaran-mas-kahwin/hantaran-tempah-atau-buat-sendiri @1920 17 violation(s)  empty:0 rail:0 narrow:17 measure:0 clipped:0 over:0 clip:0 upscale:0 aspect:0 attr:1 unmeasurable:0 R2:0 R6:0 H6:0 H6.6:0 · +1 advisory
        narrow-text-column ×17
          92.2px column, 2 lines, box 92x61px (floor 120px)
            tbody > tr > th > p  ⟨p · not a link⟩
            "Apa yang dibayar"
          112.8px column, 2 lines, box 113x61px (floor 120px)
            tbody > tr > td > p  ⟨p · not a link⟩
            "Beli siap gubah"
          92.2px column, 4 lines, box 92x122px (floor 120px)
            tbody > tr > td > p  ⟨p · not a link⟩
            "Dulang, alas dan bunga siap dipasang"
          112.8px column, 2 lines, box 113x61px (floor 120px)
            tbody > tr > td > p  ⟨p · not a link⟩
            "Beli gubahan berisi"
          … and 13 more
        image-attr-aspect ×1
          declared width="1200" height="800" (1.50:1) for a 1536x2048 file (0.75:1) — 100% off, so the box reserved before load is the wrong shape (ceiling 25%)
            article > div.inspire-prose > figure.group.relative.my-6 > img.h-auto.w-auto.max-w-full  ⟨img · not a link · alt="Sirih junjung daun segar berbentuk menara, dihias bunga lily putih, carnation putih dan bunga kering perang, dengan dua ekor burung hiasan kecil bersayap biru dicucuk pada bahagian atas."⟩
            "diri/1787765324733-images-s-sirih-junjung-salwa-hamzah/high.webp"
[FAIL] /artikel/hantaran-mas-kahwin/mas-kahwin-ikut-negeri @390 27 violation(s)  empty:0 rail:0 narrow:27 measure:0 clipped:0 over:0 clip:0 upscale:0 aspect:0 attr:2 unmeasurable:0 R2:0 R6:0 H6:0 H6.6:0 · +2 advisory
        narrow-text-column ×27
          90.6px column, 2 lines, box 91x58px (floor 120px)
            tbody > tr > th > p  ⟨p · not a link⟩
            "Kadar minimum"
          94.5px column, 2 lines, box 94x58px (floor 120px)
            tbody > tr > th > p  ⟨p · not a link⟩
            "Anak dara / janda"
          98.9px column, 2 lines, box 99x58px (floor 120px)
            tbody > tr > th > p  ⟨p · not a link⟩
            "Tarikh ditetapkan"
          90.6px column, 3 lines, box 91x87px (floor 120px)
            tbody > tr > td > p  ⟨p · not a link⟩
            "Tiada kadar minimum ditetapkan"
          … and 23 more
        image-attr-aspect ×2
          declared width="1200" height="800" (1.50:1) for a 1536x2048 file (0.75:1) — 100% off, so the box reserved before load is the wrong shape (ceiling 25%)
            article > div.inspire-prose > figure.group.relative.my-6 > img.h-auto.w-auto.max-w-full  ⟨img · not a link · alt="Pengantin lelaki berbaju melayu putih dan bersongkok hitam duduk bersila di atas tikar masjid, memegang mikrofon dengan sebelah tangan sementara tangan sebelah lagi berjabat dengan tok kadi yang membelakangi kamera. Beberapa lelaki bersongkok duduk mengapitnya, dan jemaah perempuan berbaju kurung berwarna-warni duduk di dinding belakang."⟩
            "eri/1787655861515-images-s-akad-ijab-qabul-mylifestory/high.webp"
          declared width="1200" height="800" (1.50:1) for a 1536x2048 file (0.75:1) — 100% off, so the box reserved before load is the wrong shape (ceiling 25%)
            article > div.inspire-prose > figure.group.relative.my-6 > img.h-auto.w-auto.max-w-full  ⟨img · not a link · alt="Tiga orang lelaki berumur duduk berbaris di dalam masjid, dilihat dari sisi. Yang paling hadapan berbaju melayu merah jambu dan bersongkok hitam memegang mikrofon; dua lagi di belakangnya berbaju biru muda dan hijau muda, juga bersongkok."⟩
            "1787655861515-images-s-wali-saksi-tok-kadi-mylifestory/high.webp"
[FAIL] /artikel/hantaran-mas-kahwin/mas-kahwin-ikut-negeri @768 27 violation(s)  empty:0 rail:0 narrow:27 measure:0 clipped:0 over:0 clip:0 upscale:0 aspect:0 attr:2 unmeasurable:0 R2:0 R6:0 H6:0 H6.6:0 · +2 advisory
        narrow-text-column ×27
          93.6px column, 2 lines, box 94x60px (floor 120px)
            tbody > tr > th > p  ⟨p · not a link⟩
            "Kadar minimum"
          97.6px column, 2 lines, box 98x60px (floor 120px)
            tbody > tr > th > p  ⟨p · not a link⟩
            "Anak dara / janda"
          102.2px column, 2 lines, box 102x60px (floor 120px)
            tbody > tr > th > p  ⟨p · not a link⟩
            "Tarikh ditetapkan"
          93.6px column, 3 lines, box 94x90px (floor 120px)
            tbody > tr > td > p  ⟨p · not a link⟩
            "Tiada kadar minimum ditetapkan"
          … and 23 more
        image-attr-aspect ×2
          declared width="1200" height="800" (1.50:1) for a 1536x2048 file (0.75:1) — 100% off, so the box reserved before load is the wrong shape (ceiling 25%)
            article > div.inspire-prose > figure.group.relative.my-6 > img.h-auto.w-auto.max-w-full  ⟨img · not a link · alt="Pengantin lelaki berbaju melayu putih dan bersongkok hitam duduk bersila di atas tikar masjid, memegang mikrofon dengan sebelah tangan sementara tangan sebelah lagi berjabat dengan tok kadi yang membelakangi kamera. Beberapa lelaki bersongkok duduk mengapitnya, dan jemaah perempuan berbaju kurung berwarna-warni duduk di dinding belakang."⟩
            "eri/1787655861515-images-s-akad-ijab-qabul-mylifestory/high.webp"
          declared width="1200" height="800" (1.50:1) for a 1536x2048 file (0.75:1) — 100% off, so the box reserved before load is the wrong shape (ceiling 25%)
            article > div.inspire-prose > figure.group.relative.my-6 > img.h-auto.w-auto.max-w-full  ⟨img · not a link · alt="Tiga orang lelaki berumur duduk berbaris di dalam masjid, dilihat dari sisi. Yang paling hadapan berbaju melayu merah jambu dan bersongkok hitam memegang mikrofon; dua lagi di belakangnya berbaju biru muda dan hijau muda, juga bersongkok."⟩
            "1787655861515-images-s-wali-saksi-tok-kadi-mylifestory/high.webp"
[FAIL] /artikel/hantaran-mas-kahwin/mas-kahwin-ikut-negeri @1024 42 violation(s)  empty:0 rail:0 narrow:27 measure:0 clipped:0 over:0 clip:15 upscale:0 aspect:0 attr:2 unmeasurable:0 R2:0 R6:0 H6:0 H6.6:0 · +2 advisory
        narrow-text-column ×27
          95.6px column, 2 lines, box 96x61px (floor 120px)
            tbody > tr > th > p  ⟨p · not a link⟩
            "Kadar minimum"
          99.8px column, 2 lines, box 100x61px (floor 120px)
            tbody > tr > th > p  ⟨p · not a link⟩
            "Anak dara / janda"
          104.4px column, 2 lines, box 104x61px (floor 120px)
            tbody > tr > th > p  ⟨p · not a link⟩
            "Tarikh ditetapkan"
          95.6px column, 3 lines, box 96x92px (floor 120px)
            tbody > tr > td > p  ⟨p · not a link⟩
            "Tiada kadar minimum ditetapkan"
          … and 23 more
        scroll-container-clip ×15
          right edge 701.7px past its scroller's client box, which ends at 620.0px (scroller 580px wide, content 662px, overflow-x: auto, affordance: none) — the viewport is 1024px, so CHECK 2 DOES NOT SEE THIS
            div.table-scroll-wrapper > table > colgroup > col  ⟨col · not a link⟩
          right edge 689.2px past its scroller's client box, which ends at 620.0px (scroller 580px wide, content 662px, overflow-x: auto, affordance: none) — the viewport is 1024px, so CHECK 2 DOES NOT SEE THIS
            tbody > tr > th > p  ⟨p · not a link⟩
            "Tarikh ditetapkan"
          right edge 689.2px past its scroller's client box, which ends at 620.0px (scroller 580px wide, content 662px, overflow-x: auto, affordance: none) — the viewport is 1024px, so CHECK 2 DOES NOT SEE THIS
            tbody > tr > td > p  ⟨p · not a link⟩
            "Dinyatakan dalam dokumen tatacara perkahwinan bertarikh 23 A"
          right edge 689.2px past its scroller's client box, which ends at 620.0px (scroller 580px wide, content 662px, overflow-x: auto, affordance: none) — the viewport is 1024px, so CHECK 2 DOES NOT SEE THIS
            tbody > tr > td > p  ⟨p · not a link⟩
            "Enakmen 2008 dan Kaedah-Kaedah Borang dan Fi 2019 tidak mene"
          … and 11 more
        image-attr-aspect ×2
          declared width="1200" height="800" (1.50:1) for a 1536x2048 file (0.75:1) — 100% off, so the box reserved before load is the wrong shape (ceiling 25%)
            article > div.inspire-prose > figure.group.relative.my-6 > img.h-auto.w-auto.max-w-full  ⟨img · not a link · alt="Pengantin lelaki berbaju melayu putih dan bersongkok hitam duduk bersila di atas tikar masjid, memegang mikrofon dengan sebelah tangan sementara tangan sebelah lagi berjabat dengan tok kadi yang membelakangi kamera. Beberapa lelaki bersongkok duduk mengapitnya, dan jemaah perempuan berbaju kurung berwarna-warni duduk di dinding belakang."⟩
            "eri/1787655861515-images-s-akad-ijab-qabul-mylifestory/high.webp"
          declared width="1200" height="800" (1.50:1) for a 1536x2048 file (0.75:1) — 100% off, so the box reserved before load is the wrong shape (ceiling 25%)
            article > div.inspire-prose > figure.group.relative.my-6 > img.h-auto.w-auto.max-w-full  ⟨img · not a link · alt="Tiga orang lelaki berumur duduk berbaris di dalam masjid, dilihat dari sisi. Yang paling hadapan berbaju melayu merah jambu dan bersongkok hitam memegang mikrofon; dua lagi di belakangnya berbaju biru muda dan hijau muda, juga bersongkok."⟩
            "1787655861515-images-s-wali-saksi-tok-kadi-mylifestory/high.webp"
[FAIL] /artikel/hantaran-mas-kahwin/mas-kahwin-ikut-negeri @1440 42 violation(s)  empty:0 rail:0 narrow:27 measure:0 clipped:0 over:0 clip:15 upscale:0 aspect:0 attr:2 unmeasurable:0 R2:0 R6:0 H6:0 H6.6:0 · +2 advisory
        narrow-text-column ×27
          95.7px column, 2 lines, box 96x61px (floor 120px)
            tbody > tr > th > p  ⟨p · not a link⟩
            "Kadar minimum"
          99.8px column, 2 lines, box 100x61px (floor 120px)
            tbody > tr > th > p  ⟨p · not a link⟩
            "Anak dara / janda"
          104.4px column, 2 lines, box 104x61px (floor 120px)
            tbody > tr > th > p  ⟨p · not a link⟩
            "Tarikh ditetapkan"
          95.7px column, 3 lines, box 96x92px (floor 120px)
            tbody > tr > td > p  ⟨p · not a link⟩
            "Tiada kadar minimum ditetapkan"
          … and 23 more
        scroll-container-clip ×15
          right edge 782.0px past its scroller's client box, which ends at 714.0px (scroller 594px wide, content 663px, overflow-x: auto, affordance: none) — the viewport is 1440px, so CHECK 2 DOES NOT SEE THIS
            div.table-scroll-wrapper > table > colgroup > col  ⟨col · not a link⟩
          right edge 769.5px past its scroller's client box, which ends at 714.0px (scroller 594px wide, content 663px, overflow-x: auto, affordance: none) — the viewport is 1440px, so CHECK 2 DOES NOT SEE THIS
            tbody > tr > th > p  ⟨p · not a link⟩
            "Tarikh ditetapkan"
          right edge 769.5px past its scroller's client box, which ends at 714.0px (scroller 594px wide, content 663px, overflow-x: auto, affordance: none) — the viewport is 1440px, so CHECK 2 DOES NOT SEE THIS
            tbody > tr > td > p  ⟨p · not a link⟩
            "Dinyatakan dalam dokumen tatacara perkahwinan bertarikh 23 A"
          right edge 769.5px past its scroller's client box, which ends at 714.0px (scroller 594px wide, content 663px, overflow-x: auto, affordance: none) — the viewport is 1440px, so CHECK 2 DOES NOT SEE THIS
            tbody > tr > td > p  ⟨p · not a link⟩
            "Enakmen 2008 dan Kaedah-Kaedah Borang dan Fi 2019 tidak mene"
          … and 11 more
        image-attr-aspect ×2
          declared width="1200" height="800" (1.50:1) for a 1536x2048 file (0.75:1) — 100% off, so the box reserved before load is the wrong shape (ceiling 25%)
            article > div.inspire-prose > figure.group.relative.my-6 > img.h-auto.w-auto.max-w-full  ⟨img · not a link · alt="Pengantin lelaki berbaju melayu putih dan bersongkok hitam duduk bersila di atas tikar masjid, memegang mikrofon dengan sebelah tangan sementara tangan sebelah lagi berjabat dengan tok kadi yang membelakangi kamera. Beberapa lelaki bersongkok duduk mengapitnya, dan jemaah perempuan berbaju kurung berwarna-warni duduk di dinding belakang."⟩
            "eri/1787655861515-images-s-akad-ijab-qabul-mylifestory/high.webp"
          declared width="1200" height="800" (1.50:1) for a 1536x2048 file (0.75:1) — 100% off, so the box reserved before load is the wrong shape (ceiling 25%)
            article > div.inspire-prose > figure.group.relative.my-6 > img.h-auto.w-auto.max-w-full  ⟨img · not a link · alt="Tiga orang lelaki berumur duduk berbaris di dalam masjid, dilihat dari sisi. Yang paling hadapan berbaju melayu merah jambu dan bersongkok hitam memegang mikrofon; dua lagi di belakangnya berbaju biru muda dan hijau muda, juga bersongkok."⟩
            "1787655861515-images-s-wali-saksi-tok-kadi-mylifestory/high.webp"
[FAIL] /artikel/hantaran-mas-kahwin/mas-kahwin-ikut-negeri @1920 42 violation(s)  empty:0 rail:0 narrow:27 measure:0 clipped:0 over:0 clip:15 upscale:0 aspect:0 attr:2 unmeasurable:0 R2:0 R6:0 H6:0 H6.6:0 · +2 advisory
        narrow-text-column ×27
          95.7px column, 2 lines, box 96x61px (floor 120px)
            tbody > tr > th > p  ⟨p · not a link⟩
            "Kadar minimum"
          99.8px column, 2 lines, box 100x61px (floor 120px)
            tbody > tr > th > p  ⟨p · not a link⟩
            "Anak dara / janda"
          104.4px column, 2 lines, box 104x61px (floor 120px)
            tbody > tr > th > p  ⟨p · not a link⟩
            "Tarikh ditetapkan"
          95.7px column, 3 lines, box 96x92px (floor 120px)
            tbody > tr > td > p  ⟨p · not a link⟩
            "Tiada kadar minimum ditetapkan"
          … and 23 more
        scroll-container-clip ×15
          right edge 894.0px past its scroller's client box, which ends at 826.0px (scroller 594px wide, content 663px, overflow-x: auto, affordance: none) — the viewport is 1920px, so CHECK 2 DOES NOT SEE THIS
            div.table-scroll-wrapper > table > colgroup > col  ⟨col · not a link⟩
          right edge 881.5px past its scroller's client box, which ends at 826.0px (scroller 594px wide, content 663px, overflow-x: auto, affordance: none) — the viewport is 1920px, so CHECK 2 DOES NOT SEE THIS
            tbody > tr > th > p  ⟨p · not a link⟩
            "Tarikh ditetapkan"
          right edge 881.5px past its scroller's client box, which ends at 826.0px (scroller 594px wide, content 663px, overflow-x: auto, affordance: none) — the viewport is 1920px, so CHECK 2 DOES NOT SEE THIS
            tbody > tr > td > p  ⟨p · not a link⟩
            "Dinyatakan dalam dokumen tatacara perkahwinan bertarikh 23 A"
          right edge 881.5px past its scroller's client box, which ends at 826.0px (scroller 594px wide, content 663px, overflow-x: auto, affordance: none) — the viewport is 1920px, so CHECK 2 DOES NOT SEE THIS
            tbody > tr > td > p  ⟨p · not a link⟩
            "Enakmen 2008 dan Kaedah-Kaedah Borang dan Fi 2019 tidak mene"
          … and 11 more
        image-attr-aspect ×2
          declared width="1200" height="800" (1.50:1) for a 1536x2048 file (0.75:1) — 100% off, so the box reserved before load is the wrong shape (ceiling 25%)
            article > div.inspire-prose > figure.group.relative.my-6 > img.h-auto.w-auto.max-w-full  ⟨img · not a link · alt="Pengantin lelaki berbaju melayu putih dan bersongkok hitam duduk bersila di atas tikar masjid, memegang mikrofon dengan sebelah tangan sementara tangan sebelah lagi berjabat dengan tok kadi yang membelakangi kamera. Beberapa lelaki bersongkok duduk mengapitnya, dan jemaah perempuan berbaju kurung berwarna-warni duduk di dinding belakang."⟩
            "eri/1787655861515-images-s-akad-ijab-qabul-mylifestory/high.webp"
          declared width="1200" height="800" (1.50:1) for a 1536x2048 file (0.75:1) — 100% off, so the box reserved before load is the wrong shape (ceiling 25%)
            article > div.inspire-prose > figure.group.relative.my-6 > img.h-auto.w-auto.max-w-full  ⟨img · not a link · alt="Tiga orang lelaki berumur duduk berbaris di dalam masjid, dilihat dari sisi. Yang paling hadapan berbaju melayu merah jambu dan bersongkok hitam memegang mikrofon; dua lagi di belakangnya berbaju biru muda dan hijau muda, juga bersongkok."⟩
            "1787655861515-images-s-wali-saksi-tok-kadi-mylifestory/high.webp"
[ ok ] /artikel/moden-kontemporari/perkahwinan-romantis-di-jen-shangri-la-puteri-harbour @390 0 violation(s)  empty:0 rail:0 narrow:0 measure:0 clipped:0 over:0 clip:0 upscale:0 aspect:0 attr:20 unmeasurable:0 R2:0 R6:0 H6:0 H6.6:0 · +20 advisory
        image-attr-aspect ×20
          declared width="1200" height="800" (1.50:1) for a 1024x1539 file (0.67:1) — 125% off, so the box reserved before load is the wrong shape (ceiling 25%)
            article > div.inspire-prose > div.group.relative.lg:mx-auto > img.h-auto.w-auto.max-w-full  ⟨img · not a link · alt=null⟩
            "002-RW-NicholasNgAnisMingJunHotelPuteriHarbour-2-681x1/high.webp"
          declared width="1200" height="800" (1.50:1) for a 1024x1539 file (0.67:1) — 125% off, so the box reserved before load is the wrong shape (ceiling 25%)
            article > div.inspire-prose > div.group.relative.lg:mx-auto > img.h-auto.w-auto.max-w-full  ⟨img · not a link · alt=null⟩
            "966-RW-NicholasNgAnisMingJunHotelPuteriHarbour-4-681x1/high.webp"
          declared width="1200" height="800" (1.50:1) for a 1024x1539 file (0.67:1) — 125% off, so the box reserved before load is the wrong shape (ceiling 25%)
            article > div.inspire-prose > div.group.relative.lg:mx-auto > img.h-auto.w-auto.max-w-full  ⟨img · not a link · alt=null⟩
            "408-RW-NicholasNgAnisMingJunHotelPuteriHarbour-5-681x1/high.webp"
          declared width="1200" height="800" (1.50:1) for a 1024x1539 file (0.67:1) — 125% off, so the box reserved before load is the wrong shape (ceiling 25%)
            article > div.inspire-prose > div.group.relative.lg:mx-auto > img.h-auto.w-auto.max-w-full  ⟨img · not a link · alt=null⟩
            "904-RW-NicholasNgAnisMingJunHotelPuteriHarbour-6-681x1/high.webp"
          … and 16 more
[FAIL] /artikel/moden-kontemporari/perkahwinan-romantis-di-jen-shangri-la-puteri-harbour @768 1 violation(s)  empty:0 rail:0 narrow:0 measure:1 clipped:0 over:0 clip:0 upscale:0 aspect:0 attr:20 unmeasurable:0 R2:0 R6:0 H6:0 H6.6:0 · +20 advisory
        reading-measure ×1
          81.3 characters per line — 610px column at 15.0px (ceiling 75)
            div > a.s-row > div > h3.t  ⟨h3 · link → /artikel/moden-kontemporari/sime-darby-convention-centre⟩
            "Majlis Perkahwinan Mewah dengan Sentuhan Warna Lembut di Sim"
        image-attr-aspect ×20
          declared width="1200" height="800" (1.50:1) for a 1024x1539 file (0.67:1) — 125% off, so the box reserved before load is the wrong shape (ceiling 25%)
            article > div.inspire-prose > div.group.relative.lg:mx-auto > img.h-auto.w-auto.max-w-full  ⟨img · not a link · alt=null⟩
            "002-RW-NicholasNgAnisMingJunHotelPuteriHarbour-2-681x1/high.webp"
          declared width="1200" height="800" (1.50:1) for a 1024x1539 file (0.67:1) — 125% off, so the box reserved before load is the wrong shape (ceiling 25%)
            article > div.inspire-prose > div.group.relative.lg:mx-auto > img.h-auto.w-auto.max-w-full  ⟨img · not a link · alt=null⟩
            "966-RW-NicholasNgAnisMingJunHotelPuteriHarbour-4-681x1/high.webp"
          declared width="1200" height="800" (1.50:1) for a 1024x1539 file (0.67:1) — 125% off, so the box reserved before load is the wrong shape (ceiling 25%)
            article > div.inspire-prose > div.group.relative.lg:mx-auto > img.h-auto.w-auto.max-w-full  ⟨img · not a link · alt=null⟩
            "408-RW-NicholasNgAnisMingJunHotelPuteriHarbour-5-681x1/high.webp"
          declared width="1200" height="800" (1.50:1) for a 1024x1539 file (0.67:1) — 125% off, so the box reserved before load is the wrong shape (ceiling 25%)
            article > div.inspire-prose > div.group.relative.lg:mx-auto > img.h-auto.w-auto.max-w-full  ⟨img · not a link · alt=null⟩
            "904-RW-NicholasNgAnisMingJunHotelPuteriHarbour-6-681x1/high.webp"
          … and 16 more
[ ok ] /artikel/moden-kontemporari/perkahwinan-romantis-di-jen-shangri-la-puteri-harbour @1024 0 violation(s)  empty:0 rail:0 narrow:0 measure:0 clipped:0 over:0 clip:0 upscale:0 aspect:0 attr:20 unmeasurable:0 R2:0 R6:0 H6:0 H6.6:0 · +20 advisory
        image-attr-aspect ×20
          declared width="1200" height="800" (1.50:1) for a 1024x1539 file (0.67:1) — 125% off, so the box reserved before load is the wrong shape (ceiling 25%)
            article > div.inspire-prose > div.group.relative.lg:mx-auto > img.h-auto.w-auto.max-w-full  ⟨img · not a link · alt=null⟩
            "002-RW-NicholasNgAnisMingJunHotelPuteriHarbour-2-681x1/high.webp"
          declared width="1200" height="800" (1.50:1) for a 1024x1539 file (0.67:1) — 125% off, so the box reserved before load is the wrong shape (ceiling 25%)
            article > div.inspire-prose > div.group.relative.lg:mx-auto > img.h-auto.w-auto.max-w-full  ⟨img · not a link · alt=null⟩
            "966-RW-NicholasNgAnisMingJunHotelPuteriHarbour-4-681x1/high.webp"
          declared width="1200" height="800" (1.50:1) for a 1024x1539 file (0.67:1) — 125% off, so the box reserved before load is the wrong shape (ceiling 25%)
            article > div.inspire-prose > div.group.relative.lg:mx-auto > img.h-auto.w-auto.max-w-full  ⟨img · not a link · alt=null⟩
            "408-RW-NicholasNgAnisMingJunHotelPuteriHarbour-5-681x1/high.webp"
          declared width="1200" height="800" (1.50:1) for a 1024x1539 file (0.67:1) — 125% off, so the box reserved before load is the wrong shape (ceiling 25%)
            article > div.inspire-prose > div.group.relative.lg:mx-auto > img.h-auto.w-auto.max-w-full  ⟨img · not a link · alt=null⟩
            "904-RW-NicholasNgAnisMingJunHotelPuteriHarbour-6-681x1/high.webp"
          … and 16 more
[FAIL] /artikel/moden-kontemporari/perkahwinan-romantis-di-jen-shangri-la-puteri-harbour @1440 1 violation(s)  empty:0 rail:0 narrow:0 measure:1 clipped:0 over:0 clip:0 upscale:0 aspect:0 attr:20 unmeasurable:0 R2:0 R6:0 H6:0 H6.6:0 · +20 advisory
        reading-measure ×1
          88.0 characters per line — 924px column at 21.0px (ceiling 75)
            div > a.s-row > div > h3.t  ⟨h3 · link → /artikel/moden-kontemporari/sime-darby-convention-centre⟩
            "Majlis Perkahwinan Mewah dengan Sentuhan Warna Lembut di Sim"
        image-attr-aspect ×20
          declared width="1200" height="800" (1.50:1) for a 1024x1539 file (0.67:1) — 125% off, so the box reserved before load is the wrong shape (ceiling 25%)
            article > div.inspire-prose > div.group.relative.lg:mx-auto > img.h-auto.w-auto.max-w-full  ⟨img · not a link · alt=null⟩
            "002-RW-NicholasNgAnisMingJunHotelPuteriHarbour-2-681x1/high.webp"
          declared width="1200" height="800" (1.50:1) for a 1024x1539 file (0.67:1) — 125% off, so the box reserved before load is the wrong shape (ceiling 25%)
            article > div.inspire-prose > div.group.relative.lg:mx-auto > img.h-auto.w-auto.max-w-full  ⟨img · not a link · alt=null⟩
            "966-RW-NicholasNgAnisMingJunHotelPuteriHarbour-4-681x1/high.webp"
          declared width="1200" height="800" (1.50:1) for a 1024x1539 file (0.67:1) — 125% off, so the box reserved before load is the wrong shape (ceiling 25%)
            article > div.inspire-prose > div.group.relative.lg:mx-auto > img.h-auto.w-auto.max-w-full  ⟨img · not a link · alt=null⟩
            "408-RW-NicholasNgAnisMingJunHotelPuteriHarbour-5-681x1/high.webp"
          declared width="1200" height="800" (1.50:1) for a 1024x1539 file (0.67:1) — 125% off, so the box reserved before load is the wrong shape (ceiling 25%)
            article > div.inspire-prose > div.group.relative.lg:mx-auto > img.h-auto.w-auto.max-w-full  ⟨img · not a link · alt=null⟩
            "904-RW-NicholasNgAnisMingJunHotelPuteriHarbour-6-681x1/high.webp"
          … and 16 more
[ ok ] /artikel/moden-kontemporari/perkahwinan-romantis-di-jen-shangri-la-puteri-harbour @1920 0 violation(s)  empty:0 rail:0 narrow:0 measure:0 clipped:0 over:0 clip:0 upscale:0 aspect:0 attr:12 unmeasurable:0 R2:0 R6:0 H6:0 H6.6:0 · +12 advisory
        image-attr-aspect ×12
          declared width="1200" height="800" (1.50:1) for a 1024x1539 file (0.67:1) — 125% off, so the box reserved before load is the wrong shape (ceiling 25%)
            article > div.inspire-prose > div.group.relative.lg:mx-auto > img.h-auto.w-auto.max-w-full  ⟨img · not a link · alt=null⟩
            "002-RW-NicholasNgAnisMingJunHotelPuteriHarbour-2-681x1/high.webp"
          declared width="1200" height="800" (1.50:1) for a 1024x1539 file (0.67:1) — 125% off, so the box reserved before load is the wrong shape (ceiling 25%)
            article > div.inspire-prose > div.group.relative.lg:mx-auto > img.h-auto.w-auto.max-w-full  ⟨img · not a link · alt=null⟩
            "966-RW-NicholasNgAnisMingJunHotelPuteriHarbour-4-681x1/high.webp"
          declared width="1200" height="800" (1.50:1) for a 1024x1539 file (0.67:1) — 125% off, so the box reserved before load is the wrong shape (ceiling 25%)
            article > div.inspire-prose > div.group.relative.lg:mx-auto > img.h-auto.w-auto.max-w-full  ⟨img · not a link · alt=null⟩
            "408-RW-NicholasNgAnisMingJunHotelPuteriHarbour-5-681x1/high.webp"
          declared width="1200" height="800" (1.50:1) for a 1024x1539 file (0.67:1) — 125% off, so the box reserved before load is the wrong shape (ceiling 25%)
            article > div.inspire-prose > div.group.relative.lg:mx-auto > img.h-auto.w-auto.max-w-full  ⟨img · not a link · alt=null⟩
            "904-RW-NicholasNgAnisMingJunHotelPuteriHarbour-6-681x1/high.webp"
          … and 8 more
[ ok ] /artikel/idea-dan-nasihat/sewa-dewan-kahwin @390 0 violation(s)  empty:0 rail:0 narrow:0 measure:0 clipped:0 over:0 clip:0 upscale:0 aspect:0 attr:0 unmeasurable:0 R2:0 R6:0 H6:0 H6.6:0
[ ok ] /artikel/idea-dan-nasihat/sewa-dewan-kahwin @768 0 violation(s)  empty:0 rail:0 narrow:0 measure:0 clipped:0 over:0 clip:0 upscale:0 aspect:0 attr:0 unmeasurable:0 R2:0 R6:0 H6:0 H6.6:0
[ ok ] /artikel/idea-dan-nasihat/sewa-dewan-kahwin @1024 0 violation(s)  empty:0 rail:0 narrow:0 measure:0 clipped:0 over:0 clip:0 upscale:0 aspect:0 attr:0 unmeasurable:0 R2:0 R6:0 H6:0 H6.6:0
[ ok ] /artikel/idea-dan-nasihat/sewa-dewan-kahwin @1440 0 violation(s)  empty:0 rail:0 narrow:0 measure:0 clipped:0 over:0 clip:0 upscale:0 aspect:0 attr:0 unmeasurable:0 R2:0 R6:0 H6:0 H6.6:0
[ ok ] /artikel/idea-dan-nasihat/sewa-dewan-kahwin @1920 0 violation(s)  empty:0 rail:0 narrow:0 measure:0 clipped:0 over:0 clip:0 upscale:0 aspect:0 attr:0 unmeasurable:0 R2:0 R6:0 H6:0 H6.6:0
[ ok ] /artikel/idea-dan-nasihat/majlis-kahwin @390   0 violation(s)  empty:0 rail:0 narrow:0 measure:0 clipped:0 over:0 clip:0 upscale:0 aspect:0 attr:3 unmeasurable:0 R2:0 R6:0 H6:0 H6.6:0 · +3 advisory
        image-attr-aspect ×3
          declared width="1200" height="800" (1.50:1) for a 730x973 file (0.75:1) — 100% off, so the box reserved before load is the wrong shape (ceiling 25%)
            article > div.inspire-prose > div.group.relative.lg:mx-auto > img.h-auto.w-auto.max-w-full  ⟨img · not a link · alt=null⟩
            "/1787397006963-IN-MajlisKahwin-MaisonElevenSetiaAlam-3/high.webp"
          declared width="1200" height="800" (1.50:1) for a 902x810 file (1.11:1) — 35% off, so the box reserved before load is the wrong shape (ceiling 25%)
            article > div.inspire-prose > div.group.relative.lg:mx-auto > img.h-auto.w-auto.max-w-full  ⟨img · not a link · alt=null⟩
            "ahwin/1787397021398-IN-MajlisKahwin-PetalsEventSpace-1/high.webp"
          declared width="1200" height="800" (1.50:1) for a 815x815 file (1.00:1) — 50% off, so the box reserved before load is the wrong shape (ceiling 25%)
            article > div.inspire-prose > div.group.relative.lg:mx-auto > img.h-auto.w-auto.max-w-full  ⟨img · not a link · alt=null⟩
            "s-kahwin/1787397031141-IN-MajlisKahwin-LamanKayangan-1/high.webp"
[ ok ] /artikel/idea-dan-nasihat/majlis-kahwin @768   0 violation(s)  empty:0 rail:0 narrow:0 measure:0 clipped:0 over:0 clip:0 upscale:0 aspect:0 attr:3 unmeasurable:0 R2:0 R6:0 H6:0 H6.6:0 · +3 advisory
        image-attr-aspect ×3
          declared width="1200" height="800" (1.50:1) for a 730x973 file (0.75:1) — 100% off, so the box reserved before load is the wrong shape (ceiling 25%)
            article > div.inspire-prose > div.group.relative.lg:mx-auto > img.h-auto.w-auto.max-w-full  ⟨img · not a link · alt=null⟩
            "/1787397006963-IN-MajlisKahwin-MaisonElevenSetiaAlam-3/high.webp"
          declared width="1200" height="800" (1.50:1) for a 902x810 file (1.11:1) — 35% off, so the box reserved before load is the wrong shape (ceiling 25%)
            article > div.inspire-prose > div.group.relative.lg:mx-auto > img.h-auto.w-auto.max-w-full  ⟨img · not a link · alt=null⟩
            "ahwin/1787397021398-IN-MajlisKahwin-PetalsEventSpace-1/high.webp"
          declared width="1200" height="800" (1.50:1) for a 815x815 file (1.00:1) — 50% off, so the box reserved before load is the wrong shape (ceiling 25%)
            article > div.inspire-prose > div.group.relative.lg:mx-auto > img.h-auto.w-auto.max-w-full  ⟨img · not a link · alt=null⟩
            "s-kahwin/1787397031141-IN-MajlisKahwin-LamanKayangan-1/high.webp"
[ ok ] /artikel/idea-dan-nasihat/majlis-kahwin @1024  0 violation(s)  empty:0 rail:0 narrow:0 measure:0 clipped:0 over:0 clip:0 upscale:0 aspect:0 attr:3 unmeasurable:0 R2:0 R6:0 H6:0 H6.6:0 · +3 advisory
        image-attr-aspect ×3
          declared width="1200" height="800" (1.50:1) for a 730x973 file (0.75:1) — 100% off, so the box reserved before load is the wrong shape (ceiling 25%)
            article > div.inspire-prose > div.group.relative.lg:mx-auto > img.h-auto.w-auto.max-w-full  ⟨img · not a link · alt=null⟩
            "/1787397006963-IN-MajlisKahwin-MaisonElevenSetiaAlam-3/high.webp"
          declared width="1200" height="800" (1.50:1) for a 902x810 file (1.11:1) — 35% off, so the box reserved before load is the wrong shape (ceiling 25%)
            article > div.inspire-prose > div.group.relative.lg:mx-auto > img.h-auto.w-auto.max-w-full  ⟨img · not a link · alt=null⟩
            "ahwin/1787397021398-IN-MajlisKahwin-PetalsEventSpace-1/high.webp"
          declared width="1200" height="800" (1.50:1) for a 815x815 file (1.00:1) — 50% off, so the box reserved before load is the wrong shape (ceiling 25%)
            article > div.inspire-prose > div.group.relative.lg:mx-auto > img.h-auto.w-auto.max-w-full  ⟨img · not a link · alt=null⟩
            "s-kahwin/1787397031141-IN-MajlisKahwin-LamanKayangan-1/high.webp"
[ ok ] /artikel/idea-dan-nasihat/majlis-kahwin @1440  0 violation(s)  empty:0 rail:0 narrow:0 measure:0 clipped:0 over:0 clip:0 upscale:0 aspect:0 attr:3 unmeasurable:0 R2:0 R6:0 H6:0 H6.6:0 · +3 advisory
        image-attr-aspect ×3
          declared width="1200" height="800" (1.50:1) for a 730x973 file (0.75:1) — 100% off, so the box reserved before load is the wrong shape (ceiling 25%)
            article > div.inspire-prose > div.group.relative.lg:mx-auto > img.h-auto.w-auto.max-w-full  ⟨img · not a link · alt=null⟩
            "/1787397006963-IN-MajlisKahwin-MaisonElevenSetiaAlam-3/high.webp"
          declared width="1200" height="800" (1.50:1) for a 902x810 file (1.11:1) — 35% off, so the box reserved before load is the wrong shape (ceiling 25%)
            article > div.inspire-prose > div.group.relative.lg:mx-auto > img.h-auto.w-auto.max-w-full  ⟨img · not a link · alt=null⟩
            "ahwin/1787397021398-IN-MajlisKahwin-PetalsEventSpace-1/high.webp"
          declared width="1200" height="800" (1.50:1) for a 815x815 file (1.00:1) — 50% off, so the box reserved before load is the wrong shape (ceiling 25%)
            article > div.inspire-prose > div.group.relative.lg:mx-auto > img.h-auto.w-auto.max-w-full  ⟨img · not a link · alt=null⟩
            "s-kahwin/1787397031141-IN-MajlisKahwin-LamanKayangan-1/high.webp"
[ ok ] /artikel/idea-dan-nasihat/majlis-kahwin @1920  0 violation(s)  empty:0 rail:0 narrow:0 measure:0 clipped:0 over:0 clip:0 upscale:0 aspect:0 attr:3 unmeasurable:0 R2:0 R6:0 H6:0 H6.6:0 · +3 advisory
        image-attr-aspect ×3
          declared width="1200" height="800" (1.50:1) for a 730x973 file (0.75:1) — 100% off, so the box reserved before load is the wrong shape (ceiling 25%)
            article > div.inspire-prose > div.group.relative.lg:mx-auto > img.h-auto.w-auto.max-w-full  ⟨img · not a link · alt=null⟩
            "/1787397006963-IN-MajlisKahwin-MaisonElevenSetiaAlam-3/high.webp"
          declared width="1200" height="800" (1.50:1) for a 902x810 file (1.11:1) — 35% off, so the box reserved before load is the wrong shape (ceiling 25%)
            article > div.inspire-prose > div.group.relative.lg:mx-auto > img.h-auto.w-auto.max-w-full  ⟨img · not a link · alt=null⟩
            "ahwin/1787397021398-IN-MajlisKahwin-PetalsEventSpace-1/high.webp"
          declared width="1200" height="800" (1.50:1) for a 815x815 file (1.00:1) — 50% off, so the box reserved before load is the wrong shape (ceiling 25%)
            article > div.inspire-prose > div.group.relative.lg:mx-auto > img.h-auto.w-auto.max-w-full  ⟨img · not a link · alt=null⟩
            "s-kahwin/1787397031141-IN-MajlisKahwin-LamanKayangan-1/high.webp"
[FAIL] /artikel/busana-pengantin/songket-tenunan-tangan-atau-cetak @390 9 violation(s)  empty:0 rail:0 narrow:9 measure:0 clipped:0 over:0 clip:0 upscale:0 aspect:0 attr:2 unmeasurable:0 R2:0 R6:0 H6:0 H6.6:0 · +2 advisory
        narrow-text-column ×9
          85.0px column, 2 lines, box 85x58px (floor 120px)
            tbody > tr > th > p  ⟨p · not a link⟩
            "Harga tersiar"
          94.5px column, 5 lines, box 94x145px (floor 120px)
            tbody > tr > td > p  ⟨p · not a link⟩
            "Sampin sutera Terengganu, rekaan biasa"
          85.0px column, 4 lines, box 85x116px (floor 120px)
            tbody > tr > td > p  ⟨p · not a link⟩
            "RM2,800 (harga senarai RM3,500)"
          85.0px column, 4 lines, box 85x116px (floor 120px)
            tbody > tr > td > p  ⟨p · not a link⟩
            "RM7,500 (harga senarai RM9,500)"
          … and 5 more
        image-attr-aspect ×2
          declared width="1200" height="800" (1.50:1) for a 952x1200 file (0.79:1) — 89% off, so the box reserved before load is the wrong shape (ceiling 25%)
            article > div.inspire-prose > figure.group.relative.my-6 > img.h-auto.w-auto.max-w-full  ⟨img · not a link · alt="Gambar hitam putih lama seorang wanita Melayu duduk di belakang kek tenun kayu, memandang ke bawah pada benang loseng yang terbentang panjang ke arah kamera. Gelendong benang tergantung pada palang atas kek itu."⟩
            "0-images-s-menenun-songket-alor-setar-british-official/high.webp"
          declared width="1200" height="800" (1.50:1) for a 2400x3200 file (0.75:1) — 100% off, so the box reserved before load is the wrong shape (ceiling 25%)
            article > div.inspire-prose > figure.group.relative.my-6 > img.h-auto.w-auto.max-w-full  ⟨img · not a link · alt="Seorang perempuan berbaju merah jambu duduk menenun songket pada kek kayu di dalam rumah papan berlantai tikar. Benang loseng kelabu dan merah jambu terbentang panjang di hadapannya, dan torak kayu berada dalam tangannya."⟩
            "07284090-images-s-menenun-songket-palembang-swarabakti/high.webp"
[ ok ] /artikel/busana-pengantin/songket-tenunan-tangan-atau-cetak @768 0 violation(s)  empty:0 rail:0 narrow:0 measure:0 clipped:0 over:0 clip:0 upscale:0 aspect:0 attr:2 unmeasurable:0 R2:0 R6:0 H6:0 H6.6:0 · +2 advisory
        image-attr-aspect ×2
          declared width="1200" height="800" (1.50:1) for a 952x1200 file (0.79:1) — 89% off, so the box reserved before load is the wrong shape (ceiling 25%)
            article > div.inspire-prose > figure.group.relative.my-6 > img.h-auto.w-auto.max-w-full  ⟨img · not a link · alt="Gambar hitam putih lama seorang wanita Melayu duduk di belakang kek tenun kayu, memandang ke bawah pada benang loseng yang terbentang panjang ke arah kamera. Gelendong benang tergantung pada palang atas kek itu."⟩
            "0-images-s-menenun-songket-alor-setar-british-official/high.webp"
          declared width="1200" height="800" (1.50:1) for a 2400x3200 file (0.75:1) — 100% off, so the box reserved before load is the wrong shape (ceiling 25%)
            article > div.inspire-prose > figure.group.relative.my-6 > img.h-auto.w-auto.max-w-full  ⟨img · not a link · alt="Seorang perempuan berbaju merah jambu duduk menenun songket pada kek kayu di dalam rumah papan berlantai tikar. Benang loseng kelabu dan merah jambu terbentang panjang di hadapannya, dan torak kayu berada dalam tangannya."⟩
            "07284090-images-s-menenun-songket-palembang-swarabakti/high.webp"
[ ok ] /artikel/busana-pengantin/songket-tenunan-tangan-atau-cetak @1024 0 violation(s)  empty:0 rail:0 narrow:0 measure:0 clipped:0 over:0 clip:0 upscale:0 aspect:0 attr:2 unmeasurable:0 R2:0 R6:0 H6:0 H6.6:0 · +2 advisory
        image-attr-aspect ×2
          declared width="1200" height="800" (1.50:1) for a 952x1200 file (0.79:1) — 89% off, so the box reserved before load is the wrong shape (ceiling 25%)
            article > div.inspire-prose > figure.group.relative.my-6 > img.h-auto.w-auto.max-w-full  ⟨img · not a link · alt="Gambar hitam putih lama seorang wanita Melayu duduk di belakang kek tenun kayu, memandang ke bawah pada benang loseng yang terbentang panjang ke arah kamera. Gelendong benang tergantung pada palang atas kek itu."⟩
            "0-images-s-menenun-songket-alor-setar-british-official/high.webp"
          declared width="1200" height="800" (1.50:1) for a 2400x3200 file (0.75:1) — 100% off, so the box reserved before load is the wrong shape (ceiling 25%)
            article > div.inspire-prose > figure.group.relative.my-6 > img.h-auto.w-auto.max-w-full  ⟨img · not a link · alt="Seorang perempuan berbaju merah jambu duduk menenun songket pada kek kayu di dalam rumah papan berlantai tikar. Benang loseng kelabu dan merah jambu terbentang panjang di hadapannya, dan torak kayu berada dalam tangannya."⟩
            "07284090-images-s-menenun-songket-palembang-swarabakti/high.webp"
[ ok ] /artikel/busana-pengantin/songket-tenunan-tangan-atau-cetak @1440 0 violation(s)  empty:0 rail:0 narrow:0 measure:0 clipped:0 over:0 clip:0 upscale:0 aspect:0 attr:2 unmeasurable:0 R2:0 R6:0 H6:0 H6.6:0 · +2 advisory
        image-attr-aspect ×2
          declared width="1200" height="800" (1.50:1) for a 952x1200 file (0.79:1) — 89% off, so the box reserved before load is the wrong shape (ceiling 25%)
            article > div.inspire-prose > figure.group.relative.my-6 > img.h-auto.w-auto.max-w-full  ⟨img · not a link · alt="Gambar hitam putih lama seorang wanita Melayu duduk di belakang kek tenun kayu, memandang ke bawah pada benang loseng yang terbentang panjang ke arah kamera. Gelendong benang tergantung pada palang atas kek itu."⟩
            "0-images-s-menenun-songket-alor-setar-british-official/high.webp"
          declared width="1200" height="800" (1.50:1) for a 2400x3200 file (0.75:1) — 100% off, so the box reserved before load is the wrong shape (ceiling 25%)
            article > div.inspire-prose > figure.group.relative.my-6 > img.h-auto.w-auto.max-w-full  ⟨img · not a link · alt="Seorang perempuan berbaju merah jambu duduk menenun songket pada kek kayu di dalam rumah papan berlantai tikar. Benang loseng kelabu dan merah jambu terbentang panjang di hadapannya, dan torak kayu berada dalam tangannya."⟩
            "07284090-images-s-menenun-songket-palembang-swarabakti/high.webp"
[ ok ] /artikel/busana-pengantin/songket-tenunan-tangan-atau-cetak @1920 0 violation(s)  empty:0 rail:0 narrow:0 measure:0 clipped:0 over:0 clip:0 upscale:0 aspect:0 attr:2 unmeasurable:0 R2:0 R6:0 H6:0 H6.6:0 · +2 advisory
        image-attr-aspect ×2
          declared width="1200" height="800" (1.50:1) for a 952x1200 file (0.79:1) — 89% off, so the box reserved before load is the wrong shape (ceiling 25%)
            article > div.inspire-prose > figure.group.relative.my-6 > img.h-auto.w-auto.max-w-full  ⟨img · not a link · alt="Gambar hitam putih lama seorang wanita Melayu duduk di belakang kek tenun kayu, memandang ke bawah pada benang loseng yang terbentang panjang ke arah kamera. Gelendong benang tergantung pada palang atas kek itu."⟩
            "0-images-s-menenun-songket-alor-setar-british-official/high.webp"
          declared width="1200" height="800" (1.50:1) for a 2400x3200 file (0.75:1) — 100% off, so the box reserved before load is the wrong shape (ceiling 25%)
            article > div.inspire-prose > figure.group.relative.my-6 > img.h-auto.w-auto.max-w-full  ⟨img · not a link · alt="Seorang perempuan berbaju merah jambu duduk menenun songket pada kek kayu di dalam rumah papan berlantai tikar. Benang loseng kelabu dan merah jambu terbentang panjang di hadapannya, dan torak kayu berada dalam tangannya."⟩
            "07284090-images-s-menenun-songket-palembang-swarabakti/high.webp"
[ ok ] /artikel/minimalis-mewah/the-danna-langkawi @390 0 violation(s)  empty:0 rail:0 narrow:0 measure:0 clipped:0 over:0 clip:0 upscale:0 aspect:0 attr:17 unmeasurable:0 R2:0 R6:0 H6:0 H6.6:0 · +17 advisory
        image-attr-aspect ×17
          declared width="683" height="102" (6.70:1) for a 2400x3600 file (0.67:1) — 904% off, so the box reserved before load is the wrong shape (ceiling 25%)
            article > div.inspire-prose > div.group.relative.lg:mx-auto > img.h-auto.w-auto.max-w-full  ⟨img · not a link · alt=null⟩
            "321-RW-WhitenerySharinaSeanTheDannaLangkawi-10-683x102/high.webp"
          declared width="1024" height="68" (15.06:1) for a 2400x1600 file (1.50:1) — 904% off, so the box reserved before load is the wrong shape (ceiling 25%)
            article > div.inspire-prose > div.group.relative.lg:mx-auto > img.h-auto.w-auto.max-w-full  ⟨img · not a link · alt=null⟩
            "663-RW-WhitenerySharinaSeanTheDannaLangkawi-11-1024x68/high.webp"
          declared width="683" height="102" (6.70:1) for a 2400x3600 file (0.67:1) — 904% off, so the box reserved before load is the wrong shape (ceiling 25%)
            article > div.inspire-prose > div.group.relative.lg:mx-auto > img.h-auto.w-auto.max-w-full  ⟨img · not a link · alt=null⟩
            "258-RW-WhitenerySharinaSeanTheDannaLangkawi-12-683x102/high.webp"
          declared width="683" height="102" (6.70:1) for a 2400x3600 file (0.67:1) — 904% off, so the box reserved before load is the wrong shape (ceiling 25%)
            article > div.inspire-prose > div.group.relative.lg:mx-auto > img.h-auto.w-auto.max-w-full  ⟨img · not a link · alt=null⟩
            "953-RW-WhitenerySharinaSeanTheDannaLangkawi-13-683x102/high.webp"
          … and 13 more
[ ok ] /artikel/minimalis-mewah/the-danna-langkawi @768 0 violation(s)  empty:0 rail:0 narrow:0 measure:0 clipped:0 over:0 clip:0 upscale:0 aspect:0 attr:17 unmeasurable:0 R2:0 R6:0 H6:0 H6.6:0 · +17 advisory
        image-attr-aspect ×17
          declared width="683" height="102" (6.70:1) for a 2400x3600 file (0.67:1) — 904% off, so the box reserved before load is the wrong shape (ceiling 25%)
            article > div.inspire-prose > div.group.relative.lg:mx-auto > img.h-auto.w-auto.max-w-full  ⟨img · not a link · alt=null⟩
            "321-RW-WhitenerySharinaSeanTheDannaLangkawi-10-683x102/high.webp"
          declared width="1024" height="68" (15.06:1) for a 2400x1600 file (1.50:1) — 904% off, so the box reserved before load is the wrong shape (ceiling 25%)
            article > div.inspire-prose > div.group.relative.lg:mx-auto > img.h-auto.w-auto.max-w-full  ⟨img · not a link · alt=null⟩
            "663-RW-WhitenerySharinaSeanTheDannaLangkawi-11-1024x68/high.webp"
          declared width="683" height="102" (6.70:1) for a 2400x3600 file (0.67:1) — 904% off, so the box reserved before load is the wrong shape (ceiling 25%)
            article > div.inspire-prose > div.group.relative.lg:mx-auto > img.h-auto.w-auto.max-w-full  ⟨img · not a link · alt=null⟩
            "258-RW-WhitenerySharinaSeanTheDannaLangkawi-12-683x102/high.webp"
          declared width="683" height="102" (6.70:1) for a 2400x3600 file (0.67:1) — 904% off, so the box reserved before load is the wrong shape (ceiling 25%)
            article > div.inspire-prose > div.group.relative.lg:mx-auto > img.h-auto.w-auto.max-w-full  ⟨img · not a link · alt=null⟩
            "953-RW-WhitenerySharinaSeanTheDannaLangkawi-13-683x102/high.webp"
          … and 13 more
[ ok ] /artikel/minimalis-mewah/the-danna-langkawi @1024 0 violation(s)  empty:0 rail:0 narrow:0 measure:0 clipped:0 over:0 clip:0 upscale:0 aspect:0 attr:17 unmeasurable:0 R2:0 R6:0 H6:0 H6.6:0 · +17 advisory
        image-attr-aspect ×17
          declared width="683" height="102" (6.70:1) for a 2400x3600 file (0.67:1) — 904% off, so the box reserved before load is the wrong shape (ceiling 25%)
            article > div.inspire-prose > div.group.relative.lg:mx-auto > img.h-auto.w-auto.max-w-full  ⟨img · not a link · alt=null⟩
            "321-RW-WhitenerySharinaSeanTheDannaLangkawi-10-683x102/high.webp"
          declared width="1024" height="68" (15.06:1) for a 2400x1600 file (1.50:1) — 904% off, so the box reserved before load is the wrong shape (ceiling 25%)
            article > div.inspire-prose > div.group.relative.lg:mx-auto > img.h-auto.w-auto.max-w-full  ⟨img · not a link · alt=null⟩
            "663-RW-WhitenerySharinaSeanTheDannaLangkawi-11-1024x68/high.webp"
          declared width="683" height="102" (6.70:1) for a 2400x3600 file (0.67:1) — 904% off, so the box reserved before load is the wrong shape (ceiling 25%)
            article > div.inspire-prose > div.group.relative.lg:mx-auto > img.h-auto.w-auto.max-w-full  ⟨img · not a link · alt=null⟩
            "258-RW-WhitenerySharinaSeanTheDannaLangkawi-12-683x102/high.webp"
          declared width="683" height="102" (6.70:1) for a 2400x3600 file (0.67:1) — 904% off, so the box reserved before load is the wrong shape (ceiling 25%)
            article > div.inspire-prose > div.group.relative.lg:mx-auto > img.h-auto.w-auto.max-w-full  ⟨img · not a link · alt=null⟩
            "953-RW-WhitenerySharinaSeanTheDannaLangkawi-13-683x102/high.webp"
          … and 13 more
[ ok ] /artikel/minimalis-mewah/the-danna-langkawi @1440 0 violation(s)  empty:0 rail:0 narrow:0 measure:0 clipped:0 over:0 clip:0 upscale:0 aspect:0 attr:17 unmeasurable:0 R2:0 R6:0 H6:0 H6.6:0 · +17 advisory
        image-attr-aspect ×17
          declared width="683" height="102" (6.70:1) for a 2400x3600 file (0.67:1) — 904% off, so the box reserved before load is the wrong shape (ceiling 25%)
            article > div.inspire-prose > div.group.relative.lg:mx-auto > img.h-auto.w-auto.max-w-full  ⟨img · not a link · alt=null⟩
            "321-RW-WhitenerySharinaSeanTheDannaLangkawi-10-683x102/high.webp"
          declared width="1024" height="68" (15.06:1) for a 2400x1600 file (1.50:1) — 904% off, so the box reserved before load is the wrong shape (ceiling 25%)
            article > div.inspire-prose > div.group.relative.lg:mx-auto > img.h-auto.w-auto.max-w-full  ⟨img · not a link · alt=null⟩
            "663-RW-WhitenerySharinaSeanTheDannaLangkawi-11-1024x68/high.webp"
          declared width="683" height="102" (6.70:1) for a 2400x3600 file (0.67:1) — 904% off, so the box reserved before load is the wrong shape (ceiling 25%)
            article > div.inspire-prose > div.group.relative.lg:mx-auto > img.h-auto.w-auto.max-w-full  ⟨img · not a link · alt=null⟩
            "258-RW-WhitenerySharinaSeanTheDannaLangkawi-12-683x102/high.webp"
          declared width="683" height="102" (6.70:1) for a 2400x3600 file (0.67:1) — 904% off, so the box reserved before load is the wrong shape (ceiling 25%)
            article > div.inspire-prose > div.group.relative.lg:mx-auto > img.h-auto.w-auto.max-w-full  ⟨img · not a link · alt=null⟩
            "953-RW-WhitenerySharinaSeanTheDannaLangkawi-13-683x102/high.webp"
          … and 13 more
[ ok ] /artikel/minimalis-mewah/the-danna-langkawi @1920 0 violation(s)  empty:0 rail:0 narrow:0 measure:0 clipped:0 over:0 clip:0 upscale:0 aspect:0 attr:17 unmeasurable:0 R2:0 R6:0 H6:0 H6.6:0 · +17 advisory
        image-attr-aspect ×17
          declared width="683" height="102" (6.70:1) for a 2400x3600 file (0.67:1) — 904% off, so the box reserved before load is the wrong shape (ceiling 25%)
            article > div.inspire-prose > div.group.relative.lg:mx-auto > img.h-auto.w-auto.max-w-full  ⟨img · not a link · alt=null⟩
            "321-RW-WhitenerySharinaSeanTheDannaLangkawi-10-683x102/high.webp"
          declared width="1024" height="68" (15.06:1) for a 2400x1600 file (1.50:1) — 904% off, so the box reserved before load is the wrong shape (ceiling 25%)
            article > div.inspire-prose > div.group.relative.lg:mx-auto > img.h-auto.w-auto.max-w-full  ⟨img · not a link · alt=null⟩
            "663-RW-WhitenerySharinaSeanTheDannaLangkawi-11-1024x68/high.webp"
          declared width="683" height="102" (6.70:1) for a 2400x3600 file (0.67:1) — 904% off, so the box reserved before load is the wrong shape (ceiling 25%)
            article > div.inspire-prose > div.group.relative.lg:mx-auto > img.h-auto.w-auto.max-w-full  ⟨img · not a link · alt=null⟩
            "258-RW-WhitenerySharinaSeanTheDannaLangkawi-12-683x102/high.webp"
          declared width="683" height="102" (6.70:1) for a 2400x3600 file (0.67:1) — 904% off, so the box reserved before load is the wrong shape (ceiling 25%)
            article > div.inspire-prose > div.group.relative.lg:mx-auto > img.h-auto.w-auto.max-w-full  ⟨img · not a link · alt=null⟩
            "953-RW-WhitenerySharinaSeanTheDannaLangkawi-13-683x102/high.webp"
          … and 13 more
[FAIL] /artikel/pelamin-kad-cenderahati/pelamin @390  14 violation(s)  empty:0 rail:0 narrow:14 measure:0 clipped:0 over:0 clip:0 upscale:0 aspect:0 attr:0 unmeasurable:0 R2:0 R6:0 H6:0 H6.6:0
        narrow-text-column ×14
          116.9px column, 2 lines, box 117x58px (floor 120px)
            tbody > tr > th > p  ⟨p · not a link⟩
            "Apa yang tersiar"
          107.1px column, 2 lines, box 107x58px (floor 120px)
            tbody > tr > th > p  ⟨p · not a link⟩
            "Apa yang tidak"
          116.9px column, 12 lines, box 117x348px (floor 120px)
            tbody > tr > td > p  ⟨p · not a link⟩
            "Harga penuh: RM350 satu majlis, untuk backdrop mini 5 kaki, "
          107.1px column, 9 lines, box 107x261px (floor 120px)
            tbody > tr > td > p  ⟨p · not a link⟩
            "Harga ini untuk kawasan Kajang dan sekitarnya sahaja; lokasi"
          … and 10 more
[ ok ] /artikel/pelamin-kad-cenderahati/pelamin @768  0 violation(s)  empty:0 rail:0 narrow:0 measure:0 clipped:0 over:0 clip:0 upscale:0 aspect:0 attr:0 unmeasurable:0 R2:0 R6:0 H6:0 H6.6:0
[ ok ] /artikel/pelamin-kad-cenderahati/pelamin @1024 0 violation(s)  empty:0 rail:0 narrow:0 measure:0 clipped:0 over:0 clip:0 upscale:0 aspect:0 attr:0 unmeasurable:0 R2:0 R6:0 H6:0 H6.6:0
[ ok ] /artikel/pelamin-kad-cenderahati/pelamin @1440 0 violation(s)  empty:0 rail:0 narrow:0 measure:0 clipped:0 over:0 clip:0 upscale:0 aspect:0 attr:0 unmeasurable:0 R2:0 R6:0 H6:0 H6.6:0
[ ok ] /artikel/pelamin-kad-cenderahati/pelamin @1920 0 violation(s)  empty:0 rail:0 narrow:0 measure:0 clipped:0 over:0 clip:0 upscale:0 aspect:0 attr:0 unmeasurable:0 R2:0 R6:0 H6:0 H6.6:0
[ ok ] /artikel/idea-dan-nasihat/hadiah-untuk-pengantin @390 0 violation(s)  empty:0 rail:0 narrow:0 measure:0 clipped:0 over:0 clip:0 upscale:0 aspect:0 attr:3 unmeasurable:0 R2:0 R6:0 H6:0 H6.6:0 · +3 advisory
        image-attr-aspect ×3
          declared width="1200" height="800" (1.50:1) for a 1500x1500 file (1.00:1) — 50% off, so the box reserved before load is the wrong shape (ceiling 25%)
            article > div.inspire-prose > figure.group.relative.my-6 > img.h-auto.w-auto.max-w-full  ⟨img · not a link · alt=null⟩
            "643925-IN-HadiahUntukPengantin-PotretPerkahwinanCustom/high.webp"
          declared width="1200" height="800" (1.50:1) for a 800x800 file (1.00:1) — 50% off, so the box reserved before load is the wrong shape (ceiling 25%)
            article > div.inspire-prose > div.group.relative.lg:mx-auto > img.h-auto.w-auto.max-w-full  ⟨img · not a link · alt="hadiah untuk pengantin "⟩
            "antin/1787395647060-IN-HadiahUntukPengantin-SetTekoTeh/high.webp"
          declared width="1200" height="800" (1.50:1) for a 1500x1500 file (1.00:1) — 50% off, so the box reserved before load is the wrong shape (ceiling 25%)
            article > div.inspire-prose > figure.group.relative.my-6 > img.h-auto.w-auto.max-w-full  ⟨img · not a link · alt=null⟩
            "adiah-untuk-pengantin/1787395648446-Chucasa-Janda-Baik/high.webp"
[ ok ] /artikel/idea-dan-nasihat/hadiah-untuk-pengantin @768 0 violation(s)  empty:0 rail:0 narrow:0 measure:0 clipped:0 over:0 clip:0 upscale:0 aspect:0 attr:3 unmeasurable:0 R2:0 R6:0 H6:0 H6.6:0 · +3 advisory
        image-attr-aspect ×3
          declared width="1200" height="800" (1.50:1) for a 1500x1500 file (1.00:1) — 50% off, so the box reserved before load is the wrong shape (ceiling 25%)
            article > div.inspire-prose > figure.group.relative.my-6 > img.h-auto.w-auto.max-w-full  ⟨img · not a link · alt=null⟩
            "643925-IN-HadiahUntukPengantin-PotretPerkahwinanCustom/high.webp"
          declared width="1200" height="800" (1.50:1) for a 800x800 file (1.00:1) — 50% off, so the box reserved before load is the wrong shape (ceiling 25%)
            article > div.inspire-prose > div.group.relative.lg:mx-auto > img.h-auto.w-auto.max-w-full  ⟨img · not a link · alt="hadiah untuk pengantin "⟩
            "antin/1787395647060-IN-HadiahUntukPengantin-SetTekoTeh/high.webp"
          declared width="1200" height="800" (1.50:1) for a 1500x1500 file (1.00:1) — 50% off, so the box reserved before load is the wrong shape (ceiling 25%)
            article > div.inspire-prose > figure.group.relative.my-6 > img.h-auto.w-auto.max-w-full  ⟨img · not a link · alt=null⟩
            "adiah-untuk-pengantin/1787395648446-Chucasa-Janda-Baik/high.webp"
[ ok ] /artikel/idea-dan-nasihat/hadiah-untuk-pengantin @1024 0 violation(s)  empty:0 rail:0 narrow:0 measure:0 clipped:0 over:0 clip:0 upscale:0 aspect:0 attr:3 unmeasurable:0 R2:0 R6:0 H6:0 H6.6:0 · +3 advisory
        image-attr-aspect ×3
          declared width="1200" height="800" (1.50:1) for a 1500x1500 file (1.00:1) — 50% off, so the box reserved before load is the wrong shape (ceiling 25%)
            article > div.inspire-prose > figure.group.relative.my-6 > img.h-auto.w-auto.max-w-full  ⟨img · not a link · alt=null⟩
            "643925-IN-HadiahUntukPengantin-PotretPerkahwinanCustom/high.webp"
          declared width="1200" height="800" (1.50:1) for a 800x800 file (1.00:1) — 50% off, so the box reserved before load is the wrong shape (ceiling 25%)
            article > div.inspire-prose > div.group.relative.lg:mx-auto > img.h-auto.w-auto.max-w-full  ⟨img · not a link · alt="hadiah untuk pengantin "⟩
            "antin/1787395647060-IN-HadiahUntukPengantin-SetTekoTeh/high.webp"
          declared width="1200" height="800" (1.50:1) for a 1500x1500 file (1.00:1) — 50% off, so the box reserved before load is the wrong shape (ceiling 25%)
            article > div.inspire-prose > figure.group.relative.my-6 > img.h-auto.w-auto.max-w-full  ⟨img · not a link · alt=null⟩
            "adiah-untuk-pengantin/1787395648446-Chucasa-Janda-Baik/high.webp"
[ ok ] /artikel/idea-dan-nasihat/hadiah-untuk-pengantin @1440 0 violation(s)  empty:0 rail:0 narrow:0 measure:0 clipped:0 over:0 clip:0 upscale:0 aspect:0 attr:3 unmeasurable:0 R2:0 R6:0 H6:0 H6.6:0 · +3 advisory
        image-attr-aspect ×3
          declared width="1200" height="800" (1.50:1) for a 1500x1500 file (1.00:1) — 50% off, so the box reserved before load is the wrong shape (ceiling 25%)
            article > div.inspire-prose > figure.group.relative.my-6 > img.h-auto.w-auto.max-w-full  ⟨img · not a link · alt=null⟩
            "643925-IN-HadiahUntukPengantin-PotretPerkahwinanCustom/high.webp"
          declared width="1200" height="800" (1.50:1) for a 800x800 file (1.00:1) — 50% off, so the box reserved before load is the wrong shape (ceiling 25%)
            article > div.inspire-prose > div.group.relative.lg:mx-auto > img.h-auto.w-auto.max-w-full  ⟨img · not a link · alt="hadiah untuk pengantin "⟩
            "antin/1787395647060-IN-HadiahUntukPengantin-SetTekoTeh/high.webp"
          declared width="1200" height="800" (1.50:1) for a 1500x1500 file (1.00:1) — 50% off, so the box reserved before load is the wrong shape (ceiling 25%)
            article > div.inspire-prose > figure.group.relative.my-6 > img.h-auto.w-auto.max-w-full  ⟨img · not a link · alt=null⟩
            "adiah-untuk-pengantin/1787395648446-Chucasa-Janda-Baik/high.webp"
[ ok ] /artikel/idea-dan-nasihat/hadiah-untuk-pengantin @1920 0 violation(s)  empty:0 rail:0 narrow:0 measure:0 clipped:0 over:0 clip:0 upscale:0 aspect:0 attr:3 unmeasurable:0 R2:0 R6:0 H6:0 H6.6:0 · +3 advisory
        image-attr-aspect ×3
          declared width="1200" height="800" (1.50:1) for a 1500x1500 file (1.00:1) — 50% off, so the box reserved before load is the wrong shape (ceiling 25%)
            article > div.inspire-prose > figure.group.relative.my-6 > img.h-auto.w-auto.max-w-full  ⟨img · not a link · alt=null⟩
            "643925-IN-HadiahUntukPengantin-PotretPerkahwinanCustom/high.webp"
          declared width="1200" height="800" (1.50:1) for a 800x800 file (1.00:1) — 50% off, so the box reserved before load is the wrong shape (ceiling 25%)
            article > div.inspire-prose > div.group.relative.lg:mx-auto > img.h-auto.w-auto.max-w-full  ⟨img · not a link · alt="hadiah untuk pengantin "⟩
            "antin/1787395647060-IN-HadiahUntukPengantin-SetTekoTeh/high.webp"
          declared width="1200" height="800" (1.50:1) for a 1500x1500 file (1.00:1) — 50% off, so the box reserved before load is the wrong shape (ceiling 25%)
            article > div.inspire-prose > figure.group.relative.my-6 > img.h-auto.w-auto.max-w-full  ⟨img · not a link · alt=null⟩
            "adiah-untuk-pengantin/1787395648446-Chucasa-Janda-Baik/high.webp"
[ ok ] /artikel/ucapan-doa/doa-penutup-majlis @390    0 violation(s)  empty:0 rail:0 narrow:0 measure:0 clipped:0 over:0 clip:0 upscale:0 aspect:0 attr:0 unmeasurable:0 R2:0 R6:0 H6:0 H6.6:0
[ ok ] /artikel/ucapan-doa/doa-penutup-majlis @768    0 violation(s)  empty:0 rail:0 narrow:0 measure:0 clipped:0 over:0 clip:0 upscale:0 aspect:0 attr:0 unmeasurable:0 R2:0 R6:0 H6:0 H6.6:0
[ ok ] /artikel/ucapan-doa/doa-penutup-majlis @1024   0 violation(s)  empty:0 rail:0 narrow:0 measure:0 clipped:0 over:0 clip:0 upscale:0 aspect:0 attr:0 unmeasurable:0 R2:0 R6:0 H6:0 H6.6:0
[ ok ] /artikel/ucapan-doa/doa-penutup-majlis @1440   0 violation(s)  empty:0 rail:0 narrow:0 measure:0 clipped:0 over:0 clip:0 upscale:0 aspect:0 attr:0 unmeasurable:0 R2:0 R6:0 H6:0 H6.6:0
[ ok ] /artikel/ucapan-doa/doa-penutup-majlis @1920   0 violation(s)  empty:0 rail:0 narrow:0 measure:0 clipped:0 over:0 clip:0 upscale:0 aspect:0 attr:0 unmeasurable:0 R2:0 R6:0 H6:0 H6.6:0
[FAIL] /artikel/sebelum-nikah/taaruf-maksud @390      10 violation(s)  empty:0 rail:0 narrow:10 measure:0 clipped:0 over:0 clip:0 upscale:0 aspect:0 attr:0 unmeasurable:0 R2:0 R6:0 H6:0 H6.6:0
        narrow-text-column ×10
          102.2px column, 2 lines, box 102x58px (floor 120px)
            tbody > tr > td > p  ⟨p · not a link⟩
            "Niat dinyatakan"
          95.1px column, 2 lines, box 95x58px (floor 120px)
            tbody > tr > td > p  ⟨p · not a link⟩
            "Di awal, dan ia syarat"
          88.1px column, 4 lines, box 88x116px (floor 120px)
            tbody > tr > td > p  ⟨p · not a link⟩
            "Selalunya tidak, atau jauh kemudian"
          95.1px column, 6 lines, box 95x174px (floor 120px)
            tbody > tr > td > p  ⟨p · not a link⟩
            "Wali, mahram atau perantara yang dipercayai"
          … and 6 more
[ ok ] /artikel/sebelum-nikah/taaruf-maksud @768      0 violation(s)  empty:0 rail:0 narrow:0 measure:0 clipped:0 over:0 clip:0 upscale:0 aspect:0 attr:0 unmeasurable:0 R2:0 R6:0 H6:0 H6.6:0
[FAIL] /artikel/sebelum-nikah/taaruf-maksud @1024     1 violation(s)  empty:0 rail:0 narrow:0 measure:0 clipped:0 over:1 clip:0 upscale:0 aspect:0 attr:0 unmeasurable:0 R2:0 R6:0 H6:0 H6.6:0
        viewport-overflow ×1
          right edge 1045.0px in a 1024px viewport (element 279.0px wide, 21.0px past)
            div.s-rekod > div > div.s-frow > span.s-val  ⟨span · not a link⟩
            "Sebelum Nikah: Jodoh, Merisik & Tunang"
[ ok ] /artikel/sebelum-nikah/taaruf-maksud @1440     0 violation(s)  empty:0 rail:0 narrow:0 measure:0 clipped:0 over:0 clip:0 upscale:0 aspect:0 attr:0 unmeasurable:0 R2:0 R6:0 H6:0 H6.6:0
[ ok ] /artikel/sebelum-nikah/taaruf-maksud @1920     0 violation(s)  empty:0 rail:0 narrow:0 measure:0 clipped:0 over:0 clip:0 upscale:0 aspect:0 attr:0 unmeasurable:0 R2:0 R6:0 H6:0 H6.6:0
[ ok ] /artikel/ucapan-doa/ucapan-ulang-tahun-perkahwinan @390 0 violation(s)  empty:0 rail:0 narrow:0 measure:0 clipped:0 over:0 clip:0 upscale:0 aspect:0 attr:0 unmeasurable:0 R2:0 R6:0 H6:0 H6.6:0
[ ok ] /artikel/ucapan-doa/ucapan-ulang-tahun-perkahwinan @768 0 violation(s)  empty:0 rail:0 narrow:0 measure:0 clipped:0 over:0 clip:0 upscale:0 aspect:0 attr:0 unmeasurable:0 R2:0 R6:0 H6:0 H6.6:0
[ ok ] /artikel/ucapan-doa/ucapan-ulang-tahun-perkahwinan @1024 0 violation(s)  empty:0 rail:0 narrow:0 measure:0 clipped:0 over:0 clip:0 upscale:0 aspect:0 attr:0 unmeasurable:0 R2:0 R6:0 H6:0 H6.6:0
[ ok ] /artikel/ucapan-doa/ucapan-ulang-tahun-perkahwinan @1440 0 violation(s)  empty:0 rail:0 narrow:0 measure:0 clipped:0 over:0 clip:0 upscale:0 aspect:0 attr:0 unmeasurable:0 R2:0 R6:0 H6:0 H6.6:0
[ ok ] /artikel/ucapan-doa/ucapan-ulang-tahun-perkahwinan @1920 0 violation(s)  empty:0 rail:0 narrow:0 measure:0 clipped:0 over:0 clip:0 upscale:0 aspect:0 attr:0 unmeasurable:0 R2:0 R6:0 H6:0 H6.6:0
[ ok ] /artikel/ucapan-doa/doa-makan-majlis @390      0 violation(s)  empty:0 rail:0 narrow:0 measure:0 clipped:0 over:0 clip:0 upscale:0 aspect:0 attr:0 unmeasurable:0 R2:0 R6:0 H6:0 H6.6:0
[ ok ] /artikel/ucapan-doa/doa-makan-majlis @768      0 violation(s)  empty:0 rail:0 narrow:0 measure:0 clipped:0 over:0 clip:0 upscale:0 aspect:0 attr:0 unmeasurable:0 R2:0 R6:0 H6:0 H6.6:0
[ ok ] /artikel/ucapan-doa/doa-makan-majlis @1024     0 violation(s)  empty:0 rail:0 narrow:0 measure:0 clipped:0 over:0 clip:0 upscale:0 aspect:0 attr:0 unmeasurable:0 R2:0 R6:0 H6:0 H6.6:0
[ ok ] /artikel/ucapan-doa/doa-makan-majlis @1440     0 violation(s)  empty:0 rail:0 narrow:0 measure:0 clipped:0 over:0 clip:0 upscale:0 aspect:0 attr:0 unmeasurable:0 R2:0 R6:0 H6:0 H6.6:0
[ ok ] /artikel/ucapan-doa/doa-makan-majlis @1920     0 violation(s)  empty:0 rail:0 narrow:0 measure:0 clipped:0 over:0 clip:0 upscale:0 aspect:0 attr:0 unmeasurable:0 R2:0 R6:0 H6:0 H6.6:0
[FAIL] /artikel/hantaran-mas-kahwin/mas-kahwin-johor @390 12 violation(s)  empty:0 rail:0 narrow:12 measure:0 clipped:0 over:0 clip:0 upscale:0 aspect:0 attr:2 unmeasurable:0 R2:0 R6:0 H6:0 H6.6:0 · +2 advisory
        narrow-text-column ×12
          101.5px column, 2 lines, box 102x58px (floor 120px)
            tbody > tr > th > p  ⟨p · not a link⟩
            "Apa yang direkodkan"
          101.5px column, 16 lines, box 102x464px (floor 120px)
            tbody > tr > td > p  ⟨p · not a link⟩
            "Mahar bagi seluruh negeri dan jajahan Johor ditetapkan seban"
          98.9px column, 3 lines, box 99x203px (floor 120px)
            tbody > tr > td > p  ⟨p · not a link⟩
            "Ahkam Syar'iyyah Johor"
          98.9px column, 5 lines, box 99x203px (floor 120px)
            tbody > tr > td > p  ⟨p · not a link⟩
            ", perkara 309, menerusi kajian UiTM 2021"
          … and 8 more
        image-attr-aspect ×2
          declared width="1200" height="800" (1.50:1) for a 1536x2048 file (0.75:1) — 100% off, so the box reserved before load is the wrong shape (ceiling 25%)
            article > div.inspire-prose > figure.group.relative.my-6 > img.h-auto.w-auto.max-w-full  ⟨img · not a link · alt="\"Deretan dulang hantaran bersarung kain putih bermanik disusun memanjang di atas permaidani masjid berwarna hijau. Antaranya bantal cincin, kotak baldu biru gelap, kotak bercermin, tali leher, sepasang kasut kulit coklat dan jambangan bunga ros putih.\""⟩
            "7707316721-images-s-dulang-hantaran-masjid-mylifestory/high.webp"
          declared width="1200" height="800" (1.50:1) for a 1536x2048 file (0.75:1) — 100% off, so the box reserved before load is the wrong shape (ceiling 25%)
            article > div.inspire-prose > figure.group.relative.my-6 > img.h-auto.w-auto.max-w-full  ⟨img · not a link · alt="Pengantin lelaki berbaju melayu putih dan bersongkok hitam duduk bersila di atas tikar masjid, memegang mikrofon dengan sebelah tangan sementara tangan sebelah lagi berjabat dengan tok kadi yang membelakangi kamera. Beberapa lelaki bersongkok duduk mengapitnya, dan jemaah perempuan berbaju kurung berwarna-warni duduk di dinding belakang."⟩
            "hor/1787707316721-images-s-akad-ijab-qabul-mylifestory/high.webp"
[FAIL] /artikel/hantaran-mas-kahwin/mas-kahwin-johor @768 1 violation(s)  empty:0 rail:0 narrow:0 measure:1 clipped:0 over:0 clip:0 upscale:0 aspect:0 attr:2 unmeasurable:0 R2:0 R6:0 H6:0 H6.6:0 · +2 advisory
        reading-measure ×1
          100.6 characters per line — 704px column at 14.0px (ceiling 75)
            aside.hk-rail > div.hk-rail-block > ul.hk-rail-sources > li  ⟨li · not a link⟩
            "Muhammad Najib Abd Wakil, Ikmal Hafiz Jamal, Muhammad Hasif "
        image-attr-aspect ×2
          declared width="1200" height="800" (1.50:1) for a 1536x2048 file (0.75:1) — 100% off, so the box reserved before load is the wrong shape (ceiling 25%)
            article > div.inspire-prose > figure.group.relative.my-6 > img.h-auto.w-auto.max-w-full  ⟨img · not a link · alt="\"Deretan dulang hantaran bersarung kain putih bermanik disusun memanjang di atas permaidani masjid berwarna hijau. Antaranya bantal cincin, kotak baldu biru gelap, kotak bercermin, tali leher, sepasang kasut kulit coklat dan jambangan bunga ros putih.\""⟩
            "7707316721-images-s-dulang-hantaran-masjid-mylifestory/high.webp"
          declared width="1200" height="800" (1.50:1) for a 1536x2048 file (0.75:1) — 100% off, so the box reserved before load is the wrong shape (ceiling 25%)
            article > div.inspire-prose > figure.group.relative.my-6 > img.h-auto.w-auto.max-w-full  ⟨img · not a link · alt="Pengantin lelaki berbaju melayu putih dan bersongkok hitam duduk bersila di atas tikar masjid, memegang mikrofon dengan sebelah tangan sementara tangan sebelah lagi berjabat dengan tok kadi yang membelakangi kamera. Beberapa lelaki bersongkok duduk mengapitnya, dan jemaah perempuan berbaju kurung berwarna-warni duduk di dinding belakang."⟩
            "hor/1787707316721-images-s-akad-ijab-qabul-mylifestory/high.webp"
[ ok ] /artikel/hantaran-mas-kahwin/mas-kahwin-johor @1024 0 violation(s)  empty:0 rail:0 narrow:0 measure:0 clipped:0 over:0 clip:0 upscale:0 aspect:0 attr:2 unmeasurable:0 R2:0 R6:0 H6:0 H6.6:0 · +2 advisory
        image-attr-aspect ×2
          declared width="1200" height="800" (1.50:1) for a 1536x2048 file (0.75:1) — 100% off, so the box reserved before load is the wrong shape (ceiling 25%)
            article > div.inspire-prose > figure.group.relative.my-6 > img.h-auto.w-auto.max-w-full  ⟨img · not a link · alt="\"Deretan dulang hantaran bersarung kain putih bermanik disusun memanjang di atas permaidani masjid berwarna hijau. Antaranya bantal cincin, kotak baldu biru gelap, kotak bercermin, tali leher, sepasang kasut kulit coklat dan jambangan bunga ros putih.\""⟩
            "7707316721-images-s-dulang-hantaran-masjid-mylifestory/high.webp"
          declared width="1200" height="800" (1.50:1) for a 1536x2048 file (0.75:1) — 100% off, so the box reserved before load is the wrong shape (ceiling 25%)
            article > div.inspire-prose > figure.group.relative.my-6 > img.h-auto.w-auto.max-w-full  ⟨img · not a link · alt="Pengantin lelaki berbaju melayu putih dan bersongkok hitam duduk bersila di atas tikar masjid, memegang mikrofon dengan sebelah tangan sementara tangan sebelah lagi berjabat dengan tok kadi yang membelakangi kamera. Beberapa lelaki bersongkok duduk mengapitnya, dan jemaah perempuan berbaju kurung berwarna-warni duduk di dinding belakang."⟩
            "hor/1787707316721-images-s-akad-ijab-qabul-mylifestory/high.webp"
[ ok ] /artikel/hantaran-mas-kahwin/mas-kahwin-johor @1440 0 violation(s)  empty:0 rail:0 narrow:0 measure:0 clipped:0 over:0 clip:0 upscale:0 aspect:0 attr:2 unmeasurable:0 R2:0 R6:0 H6:0 H6.6:0 · +2 advisory
        image-attr-aspect ×2
          declared width="1200" height="800" (1.50:1) for a 1536x2048 file (0.75:1) — 100% off, so the box reserved before load is the wrong shape (ceiling 25%)
            article > div.inspire-prose > figure.group.relative.my-6 > img.h-auto.w-auto.max-w-full  ⟨img · not a link · alt="\"Deretan dulang hantaran bersarung kain putih bermanik disusun memanjang di atas permaidani masjid berwarna hijau. Antaranya bantal cincin, kotak baldu biru gelap, kotak bercermin, tali leher, sepasang kasut kulit coklat dan jambangan bunga ros putih.\""⟩
            "7707316721-images-s-dulang-hantaran-masjid-mylifestory/high.webp"
          declared width="1200" height="800" (1.50:1) for a 1536x2048 file (0.75:1) — 100% off, so the box reserved before load is the wrong shape (ceiling 25%)
            article > div.inspire-prose > figure.group.relative.my-6 > img.h-auto.w-auto.max-w-full  ⟨img · not a link · alt="Pengantin lelaki berbaju melayu putih dan bersongkok hitam duduk bersila di atas tikar masjid, memegang mikrofon dengan sebelah tangan sementara tangan sebelah lagi berjabat dengan tok kadi yang membelakangi kamera. Beberapa lelaki bersongkok duduk mengapitnya, dan jemaah perempuan berbaju kurung berwarna-warni duduk di dinding belakang."⟩
            "hor/1787707316721-images-s-akad-ijab-qabul-mylifestory/high.webp"
[ ok ] /artikel/hantaran-mas-kahwin/mas-kahwin-johor @1920 0 violation(s)  empty:0 rail:0 narrow:0 measure:0 clipped:0 over:0 clip:0 upscale:0 aspect:0 attr:2 unmeasurable:0 R2:0 R6:0 H6:0 H6.6:0 · +2 advisory
        image-attr-aspect ×2
          declared width="1200" height="800" (1.50:1) for a 1536x2048 file (0.75:1) — 100% off, so the box reserved before load is the wrong shape (ceiling 25%)
            article > div.inspire-prose > figure.group.relative.my-6 > img.h-auto.w-auto.max-w-full  ⟨img · not a link · alt="\"Deretan dulang hantaran bersarung kain putih bermanik disusun memanjang di atas permaidani masjid berwarna hijau. Antaranya bantal cincin, kotak baldu biru gelap, kotak bercermin, tali leher, sepasang kasut kulit coklat dan jambangan bunga ros putih.\""⟩
            "7707316721-images-s-dulang-hantaran-masjid-mylifestory/high.webp"
          declared width="1200" height="800" (1.50:1) for a 1536x2048 file (0.75:1) — 100% off, so the box reserved before load is the wrong shape (ceiling 25%)
            article > div.inspire-prose > figure.group.relative.my-6 > img.h-auto.w-auto.max-w-full  ⟨img · not a link · alt="Pengantin lelaki berbaju melayu putih dan bersongkok hitam duduk bersila di atas tikar masjid, memegang mikrofon dengan sebelah tangan sementara tangan sebelah lagi berjabat dengan tok kadi yang membelakangi kamera. Beberapa lelaki bersongkok duduk mengapitnya, dan jemaah perempuan berbaju kurung berwarna-warni duduk di dinding belakang."⟩
            "hor/1787707316721-images-s-akad-ijab-qabul-mylifestory/high.webp"
[ ok ] /artikel/hantaran-mas-kahwin/mas-kahwin-melebihi-kadar-minimum @390 0 violation(s)  empty:0 rail:0 narrow:0 measure:0 clipped:0 over:0 clip:0 upscale:0 aspect:0 attr:2 unmeasurable:0 R2:0 R6:0 H6:0 H6.6:0 · +2 advisory
        image-attr-aspect ×2
          declared width="1200" height="800" (1.50:1) for a 2400x3600 file (0.67:1) — 125% off, so the box reserved before load is the wrong shape (ceiling 25%)
            article > div.inspire-prose > figure.group.relative.my-6 > img.h-auto.w-auto.max-w-full  ⟨img · not a link · alt="Dulang hantaran berisi buah-buahan — pisang, epal merah dan hijau, anggur ungu, oren dan buah naga — disusun dalam bakul jaring keemasan. Bunga tiruan merah dan putih serta hiasan burung kecil berwarna putih melengkapkan gubahan, di atas bingkai kayu beralas kain berbulu putih."⟩
            "1787655971879-images-s-dulang-buah-hantaran-mohd-hasan/high.webp"
          declared width="1200" height="800" (1.50:1) for a 1536x2048 file (0.75:1) — 100% off, so the box reserved before load is the wrong shape (ceiling 25%)
            article > div.inspire-prose > figure.group.relative.my-6 > img.h-auto.w-auto.max-w-full  ⟨img · not a link · alt="Tiga orang lelaki berumur duduk berbaris di dalam masjid, dilihat dari sisi. Yang paling hadapan berbaju melayu merah jambu dan bersongkok hitam memegang mikrofon; dua lagi di belakangnya berbaju biru muda dan hijau muda, juga bersongkok."⟩
            "1787655971879-images-s-wali-saksi-tok-kadi-mylifestory/high.webp"
[ ok ] /artikel/hantaran-mas-kahwin/mas-kahwin-melebihi-kadar-minimum @768 0 violation(s)  empty:0 rail:0 narrow:0 measure:0 clipped:0 over:0 clip:0 upscale:0 aspect:0 attr:2 unmeasurable:0 R2:0 R6:0 H6:0 H6.6:0 · +2 advisory
        image-attr-aspect ×2
          declared width="1200" height="800" (1.50:1) for a 2400x3600 file (0.67:1) — 125% off, so the box reserved before load is the wrong shape (ceiling 25%)
            article > div.inspire-prose > figure.group.relative.my-6 > img.h-auto.w-auto.max-w-full  ⟨img · not a link · alt="Dulang hantaran berisi buah-buahan — pisang, epal merah dan hijau, anggur ungu, oren dan buah naga — disusun dalam bakul jaring keemasan. Bunga tiruan merah dan putih serta hiasan burung kecil berwarna putih melengkapkan gubahan, di atas bingkai kayu beralas kain berbulu putih."⟩
            "1787655971879-images-s-dulang-buah-hantaran-mohd-hasan/high.webp"
          declared width="1200" height="800" (1.50:1) for a 1536x2048 file (0.75:1) — 100% off, so the box reserved before load is the wrong shape (ceiling 25%)
            article > div.inspire-prose > figure.group.relative.my-6 > img.h-auto.w-auto.max-w-full  ⟨img · not a link · alt="Tiga orang lelaki berumur duduk berbaris di dalam masjid, dilihat dari sisi. Yang paling hadapan berbaju melayu merah jambu dan bersongkok hitam memegang mikrofon; dua lagi di belakangnya berbaju biru muda dan hijau muda, juga bersongkok."⟩
            "1787655971879-images-s-wali-saksi-tok-kadi-mylifestory/high.webp"
[ ok ] /artikel/hantaran-mas-kahwin/mas-kahwin-melebihi-kadar-minimum @1024 0 violation(s)  empty:0 rail:0 narrow:0 measure:0 clipped:0 over:0 clip:0 upscale:0 aspect:0 attr:2 unmeasurable:0 R2:0 R6:0 H6:0 H6.6:0 · +2 advisory
        image-attr-aspect ×2
          declared width="1200" height="800" (1.50:1) for a 2400x3600 file (0.67:1) — 125% off, so the box reserved before load is the wrong shape (ceiling 25%)
            article > div.inspire-prose > figure.group.relative.my-6 > img.h-auto.w-auto.max-w-full  ⟨img · not a link · alt="Dulang hantaran berisi buah-buahan — pisang, epal merah dan hijau, anggur ungu, oren dan buah naga — disusun dalam bakul jaring keemasan. Bunga tiruan merah dan putih serta hiasan burung kecil berwarna putih melengkapkan gubahan, di atas bingkai kayu beralas kain berbulu putih."⟩
            "1787655971879-images-s-dulang-buah-hantaran-mohd-hasan/high.webp"
          declared width="1200" height="800" (1.50:1) for a 1536x2048 file (0.75:1) — 100% off, so the box reserved before load is the wrong shape (ceiling 25%)
            article > div.inspire-prose > figure.group.relative.my-6 > img.h-auto.w-auto.max-w-full  ⟨img · not a link · alt="Tiga orang lelaki berumur duduk berbaris di dalam masjid, dilihat dari sisi. Yang paling hadapan berbaju melayu merah jambu dan bersongkok hitam memegang mikrofon; dua lagi di belakangnya berbaju biru muda dan hijau muda, juga bersongkok."⟩
            "1787655971879-images-s-wali-saksi-tok-kadi-mylifestory/high.webp"
[ ok ] /artikel/hantaran-mas-kahwin/mas-kahwin-melebihi-kadar-minimum @1440 0 violation(s)  empty:0 rail:0 narrow:0 measure:0 clipped:0 over:0 clip:0 upscale:0 aspect:0 attr:2 unmeasurable:0 R2:0 R6:0 H6:0 H6.6:0 · +2 advisory
        image-attr-aspect ×2
          declared width="1200" height="800" (1.50:1) for a 2400x3600 file (0.67:1) — 125% off, so the box reserved before load is the wrong shape (ceiling 25%)
            article > div.inspire-prose > figure.group.relative.my-6 > img.h-auto.w-auto.max-w-full  ⟨img · not a link · alt="Dulang hantaran berisi buah-buahan — pisang, epal merah dan hijau, anggur ungu, oren dan buah naga — disusun dalam bakul jaring keemasan. Bunga tiruan merah dan putih serta hiasan burung kecil berwarna putih melengkapkan gubahan, di atas bingkai kayu beralas kain berbulu putih."⟩
            "1787655971879-images-s-dulang-buah-hantaran-mohd-hasan/high.webp"
          declared width="1200" height="800" (1.50:1) for a 1536x2048 file (0.75:1) — 100% off, so the box reserved before load is the wrong shape (ceiling 25%)
            article > div.inspire-prose > figure.group.relative.my-6 > img.h-auto.w-auto.max-w-full  ⟨img · not a link · alt="Tiga orang lelaki berumur duduk berbaris di dalam masjid, dilihat dari sisi. Yang paling hadapan berbaju melayu merah jambu dan bersongkok hitam memegang mikrofon; dua lagi di belakangnya berbaju biru muda dan hijau muda, juga bersongkok."⟩
            "1787655971879-images-s-wali-saksi-tok-kadi-mylifestory/high.webp"
[ ok ] /artikel/hantaran-mas-kahwin/mas-kahwin-melebihi-kadar-minimum @1920 0 violation(s)  empty:0 rail:0 narrow:0 measure:0 clipped:0 over:0 clip:0 upscale:0 aspect:0 attr:2 unmeasurable:0 R2:0 R6:0 H6:0 H6.6:0 · +2 advisory
        image-attr-aspect ×2
          declared width="1200" height="800" (1.50:1) for a 2400x3600 file (0.67:1) — 125% off, so the box reserved before load is the wrong shape (ceiling 25%)
            article > div.inspire-prose > figure.group.relative.my-6 > img.h-auto.w-auto.max-w-full  ⟨img · not a link · alt="Dulang hantaran berisi buah-buahan — pisang, epal merah dan hijau, anggur ungu, oren dan buah naga — disusun dalam bakul jaring keemasan. Bunga tiruan merah dan putih serta hiasan burung kecil berwarna putih melengkapkan gubahan, di atas bingkai kayu beralas kain berbulu putih."⟩
            "1787655971879-images-s-dulang-buah-hantaran-mohd-hasan/high.webp"
          declared width="1200" height="800" (1.50:1) for a 1536x2048 file (0.75:1) — 100% off, so the box reserved before load is the wrong shape (ceiling 25%)
            article > div.inspire-prose > figure.group.relative.my-6 > img.h-auto.w-auto.max-w-full  ⟨img · not a link · alt="Tiga orang lelaki berumur duduk berbaris di dalam masjid, dilihat dari sisi. Yang paling hadapan berbaju melayu merah jambu dan bersongkok hitam memegang mikrofon; dua lagi di belakangnya berbaju biru muda dan hijau muda, juga bersongkok."⟩
            "1787655971879-images-s-wali-saksi-tok-kadi-mylifestory/high.webp"
[ ok ] /artikel/nikah-undang-undang/syarat-sah-nikah @390 0 violation(s)  empty:0 rail:0 narrow:0 measure:0 clipped:0 over:0 clip:0 upscale:0 aspect:0 attr:2 unmeasurable:0 R2:0 R6:0 H6:0 H6.6:0 · +2 advisory
        image-attr-aspect ×2
          declared width="1200" height="800" (1.50:1) for a 1536x2048 file (0.75:1) — 100% off, so the box reserved before load is the wrong shape (ceiling 25%)
            article > div.inspire-prose > figure.group.relative.my-6 > img.h-auto.w-auto.max-w-full  ⟨img · not a link · alt="Seorang lelaki berumur berbaju melayu merah jambu, berkain samping berjalur dan bersongkok hitam, duduk bersila sambil bercakap ke dalam mikrofon di dalam masjid. Papan kaligrafi Jawi dan kipas dinding kelihatan di belakangnya."⟩
            "87707508568-images-s-tok-kadi-baca-khutbah-mylifestory/high.webp"
          declared width="1200" height="800" (1.50:1) for a 1536x2048 file (0.75:1) — 100% off, so the box reserved before load is the wrong shape (ceiling 25%)
            article > div.inspire-prose > figure.group.relative.my-6 > img.h-auto.w-auto.max-w-full  ⟨img · not a link · alt="Tiga orang lelaki berumur duduk berbaris di dalam masjid, dilihat dari sisi. Yang paling hadapan berbaju melayu merah jambu dan bersongkok hitam memegang mikrofon; dua lagi di belakangnya berbaju biru muda dan hijau muda, juga bersongkok."⟩
            "1787707508568-images-s-wali-saksi-tok-kadi-mylifestory/high.webp"
[FAIL] /artikel/nikah-undang-undang/syarat-sah-nikah @768 1 violation(s)  empty:0 rail:0 narrow:0 measure:1 clipped:0 over:0 clip:0 upscale:0 aspect:0 attr:2 unmeasurable:0 R2:0 R6:0 H6:0 H6.6:0 · +2 advisory
        reading-measure ×1
          81.3 characters per line — 610px column at 15.0px (ceiling 75)
            div > a.s-row > div > h3.t  ⟨h3 · link → /artikel/nikah-undang-undang/lafaz-akad-nikah⟩
            "Lafaz akad nikah: apa yang disebut, dan satu perkataan yang "
        image-attr-aspect ×2
          declared width="1200" height="800" (1.50:1) for a 1536x2048 file (0.75:1) — 100% off, so the box reserved before load is the wrong shape (ceiling 25%)
            article > div.inspire-prose > figure.group.relative.my-6 > img.h-auto.w-auto.max-w-full  ⟨img · not a link · alt="Seorang lelaki berumur berbaju melayu merah jambu, berkain samping berjalur dan bersongkok hitam, duduk bersila sambil bercakap ke dalam mikrofon di dalam masjid. Papan kaligrafi Jawi dan kipas dinding kelihatan di belakangnya."⟩
            "87707508568-images-s-tok-kadi-baca-khutbah-mylifestory/high.webp"
          declared width="1200" height="800" (1.50:1) for a 1536x2048 file (0.75:1) — 100% off, so the box reserved before load is the wrong shape (ceiling 25%)
            article > div.inspire-prose > figure.group.relative.my-6 > img.h-auto.w-auto.max-w-full  ⟨img · not a link · alt="Tiga orang lelaki berumur duduk berbaris di dalam masjid, dilihat dari sisi. Yang paling hadapan berbaju melayu merah jambu dan bersongkok hitam memegang mikrofon; dua lagi di belakangnya berbaju biru muda dan hijau muda, juga bersongkok."⟩
            "1787707508568-images-s-wali-saksi-tok-kadi-mylifestory/high.webp"
[ ok ] /artikel/nikah-undang-undang/syarat-sah-nikah @1024 0 violation(s)  empty:0 rail:0 narrow:0 measure:0 clipped:0 over:0 clip:0 upscale:0 aspect:0 attr:2 unmeasurable:0 R2:0 R6:0 H6:0 H6.6:0 · +2 advisory
        image-attr-aspect ×2
          declared width="1200" height="800" (1.50:1) for a 1536x2048 file (0.75:1) — 100% off, so the box reserved before load is the wrong shape (ceiling 25%)
            article > div.inspire-prose > figure.group.relative.my-6 > img.h-auto.w-auto.max-w-full  ⟨img · not a link · alt="Seorang lelaki berumur berbaju melayu merah jambu, berkain samping berjalur dan bersongkok hitam, duduk bersila sambil bercakap ke dalam mikrofon di dalam masjid. Papan kaligrafi Jawi dan kipas dinding kelihatan di belakangnya."⟩
            "87707508568-images-s-tok-kadi-baca-khutbah-mylifestory/high.webp"
          declared width="1200" height="800" (1.50:1) for a 1536x2048 file (0.75:1) — 100% off, so the box reserved before load is the wrong shape (ceiling 25%)
            article > div.inspire-prose > figure.group.relative.my-6 > img.h-auto.w-auto.max-w-full  ⟨img · not a link · alt="Tiga orang lelaki berumur duduk berbaris di dalam masjid, dilihat dari sisi. Yang paling hadapan berbaju melayu merah jambu dan bersongkok hitam memegang mikrofon; dua lagi di belakangnya berbaju biru muda dan hijau muda, juga bersongkok."⟩
            "1787707508568-images-s-wali-saksi-tok-kadi-mylifestory/high.webp"
[ ok ] /artikel/nikah-undang-undang/syarat-sah-nikah @1440 0 violation(s)  empty:0 rail:0 narrow:0 measure:0 clipped:0 over:0 clip:0 upscale:0 aspect:0 attr:2 unmeasurable:0 R2:0 R6:0 H6:0 H6.6:0 · +2 advisory
        image-attr-aspect ×2
          declared width="1200" height="800" (1.50:1) for a 1536x2048 file (0.75:1) — 100% off, so the box reserved before load is the wrong shape (ceiling 25%)
            article > div.inspire-prose > figure.group.relative.my-6 > img.h-auto.w-auto.max-w-full  ⟨img · not a link · alt="Seorang lelaki berumur berbaju melayu merah jambu, berkain samping berjalur dan bersongkok hitam, duduk bersila sambil bercakap ke dalam mikrofon di dalam masjid. Papan kaligrafi Jawi dan kipas dinding kelihatan di belakangnya."⟩
            "87707508568-images-s-tok-kadi-baca-khutbah-mylifestory/high.webp"
          declared width="1200" height="800" (1.50:1) for a 1536x2048 file (0.75:1) — 100% off, so the box reserved before load is the wrong shape (ceiling 25%)
            article > div.inspire-prose > figure.group.relative.my-6 > img.h-auto.w-auto.max-w-full  ⟨img · not a link · alt="Tiga orang lelaki berumur duduk berbaris di dalam masjid, dilihat dari sisi. Yang paling hadapan berbaju melayu merah jambu dan bersongkok hitam memegang mikrofon; dua lagi di belakangnya berbaju biru muda dan hijau muda, juga bersongkok."⟩
            "1787707508568-images-s-wali-saksi-tok-kadi-mylifestory/high.webp"
[ ok ] /artikel/nikah-undang-undang/syarat-sah-nikah @1920 0 violation(s)  empty:0 rail:0 narrow:0 measure:0 clipped:0 over:0 clip:0 upscale:0 aspect:0 attr:2 unmeasurable:0 R2:0 R6:0 H6:0 H6.6:0 · +2 advisory
        image-attr-aspect ×2
          declared width="1200" height="800" (1.50:1) for a 1536x2048 file (0.75:1) — 100% off, so the box reserved before load is the wrong shape (ceiling 25%)
            article > div.inspire-prose > figure.group.relative.my-6 > img.h-auto.w-auto.max-w-full  ⟨img · not a link · alt="Seorang lelaki berumur berbaju melayu merah jambu, berkain samping berjalur dan bersongkok hitam, duduk bersila sambil bercakap ke dalam mikrofon di dalam masjid. Papan kaligrafi Jawi dan kipas dinding kelihatan di belakangnya."⟩
            "87707508568-images-s-tok-kadi-baca-khutbah-mylifestory/high.webp"
          declared width="1200" height="800" (1.50:1) for a 1536x2048 file (0.75:1) — 100% off, so the box reserved before load is the wrong shape (ceiling 25%)
            article > div.inspire-prose > figure.group.relative.my-6 > img.h-auto.w-auto.max-w-full  ⟨img · not a link · alt="Tiga orang lelaki berumur duduk berbaris di dalam masjid, dilihat dari sisi. Yang paling hadapan berbaju melayu merah jambu dan bersongkok hitam memegang mikrofon; dua lagi di belakangnya berbaju biru muda dan hijau muda, juga bersongkok."⟩
            "1787707508568-images-s-wali-saksi-tok-kadi-mylifestory/high.webp"
[ ok ] /artikel/ucapan-doa/doa-selamat-majlis @390    0 violation(s)  empty:0 rail:0 narrow:0 measure:0 clipped:0 over:0 clip:0 upscale:0 aspect:0 attr:1 unmeasurable:0 R2:0 R6:0 H6:0 H6.6:0 · +1 advisory
        image-attr-aspect ×1
          declared width="1200" height="800" (1.50:1) for a 1080x1080 file (1.00:1) — 50% off, so the box reserved before load is the wrong shape (ceiling 25%)
            article > div.inspire-prose > figure.group.relative.my-6 > img.h-auto.w-auto.max-w-full  ⟨img · not a link · alt="Kenduri kahwin di halaman rumah kampung di Terengganu, dengan meja panjang berlapik dan hidangan bufet di bawah khemah."⟩
            "88203381951-images-s-kenduri-khemah-terengganu-irwandy/high.webp"
[ ok ] /artikel/ucapan-doa/doa-selamat-majlis @768    0 violation(s)  empty:0 rail:0 narrow:0 measure:0 clipped:0 over:0 clip:0 upscale:0 aspect:0 attr:1 unmeasurable:0 R2:0 R6:0 H6:0 H6.6:0 · +1 advisory
        image-attr-aspect ×1
          declared width="1200" height="800" (1.50:1) for a 1080x1080 file (1.00:1) — 50% off, so the box reserved before load is the wrong shape (ceiling 25%)
            article > div.inspire-prose > figure.group.relative.my-6 > img.h-auto.w-auto.max-w-full  ⟨img · not a link · alt="Kenduri kahwin di halaman rumah kampung di Terengganu, dengan meja panjang berlapik dan hidangan bufet di bawah khemah."⟩
            "88203381951-images-s-kenduri-khemah-terengganu-irwandy/high.webp"
[ ok ] /artikel/ucapan-doa/doa-selamat-majlis @1024   0 violation(s)  empty:0 rail:0 narrow:0 measure:0 clipped:0 over:0 clip:0 upscale:0 aspect:0 attr:1 unmeasurable:0 R2:0 R6:0 H6:0 H6.6:0 · +1 advisory
        image-attr-aspect ×1
          declared width="1200" height="800" (1.50:1) for a 1080x1080 file (1.00:1) — 50% off, so the box reserved before load is the wrong shape (ceiling 25%)
            article > div.inspire-prose > figure.group.relative.my-6 > img.h-auto.w-auto.max-w-full  ⟨img · not a link · alt="Kenduri kahwin di halaman rumah kampung di Terengganu, dengan meja panjang berlapik dan hidangan bufet di bawah khemah."⟩
            "88203381951-images-s-kenduri-khemah-terengganu-irwandy/high.webp"
[ ok ] /artikel/ucapan-doa/doa-selamat-majlis @1440   0 violation(s)  empty:0 rail:0 narrow:0 measure:0 clipped:0 over:0 clip:0 upscale:0 aspect:0 attr:1 unmeasurable:0 R2:0 R6:0 H6:0 H6.6:0 · +1 advisory
        image-attr-aspect ×1
          declared width="1200" height="800" (1.50:1) for a 1080x1080 file (1.00:1) — 50% off, so the box reserved before load is the wrong shape (ceiling 25%)
            article > div.inspire-prose > figure.group.relative.my-6 > img.h-auto.w-auto.max-w-full  ⟨img · not a link · alt="Kenduri kahwin di halaman rumah kampung di Terengganu, dengan meja panjang berlapik dan hidangan bufet di bawah khemah."⟩
            "88203381951-images-s-kenduri-khemah-terengganu-irwandy/high.webp"
[ ok ] /artikel/ucapan-doa/doa-selamat-majlis @1920   0 violation(s)  empty:0 rail:0 narrow:0 measure:0 clipped:0 over:0 clip:0 upscale:0 aspect:0 attr:1 unmeasurable:0 R2:0 R6:0 H6:0 H6.6:0 · +1 advisory
        image-attr-aspect ×1
          declared width="1200" height="800" (1.50:1) for a 1080x1080 file (1.00:1) — 50% off, so the box reserved before load is the wrong shape (ceiling 25%)
            article > div.inspire-prose > figure.group.relative.my-6 > img.h-auto.w-auto.max-w-full  ⟨img · not a link · alt="Kenduri kahwin di halaman rumah kampung di Terengganu, dengan meja panjang berlapik dan hidangan bufet di bawah khemah."⟩
            "88203381951-images-s-kenduri-khemah-terengganu-irwandy/high.webp"
[FAIL] /artikel/hantaran-mas-kahwin/dulang-hantaran @390 21 violation(s)  empty:0 rail:0 narrow:21 measure:0 clipped:0 over:0 clip:0 upscale:0 aspect:0 attr:3 unmeasurable:0 R2:0 R6:0 H6:0 H6.6:0 · +3 advisory
        narrow-text-column ×21
          77.0px column, 3 lines, box 77x87px (floor 120px)
            tbody > tr > th > p  ⟨p · not a link⟩
            "Apa yang disemak"
          84.8px column, 2 lines, box 85x58px (floor 120px)
            tbody > tr > th > p  ⟨p · not a link⟩
            "Dulang termurah"
          90.2px column, 2 lines, box 90x58px (floor 120px)
            tbody > tr > th > p  ⟨p · not a link⟩
            "Dulang termahal"
          86.2px column, 5 lines, box 86x145px (floor 120px)
            tbody > tr > td > p  ⟨p · not a link⟩
            "JV Craft & Gifts Sdn Bhd, Setia Alam, Selangor"
          … and 17 more
        image-attr-aspect ×3
          declared width="1200" height="800" (1.50:1) for a 2400x3600 file (0.67:1) — 125% off, so the box reserved before load is the wrong shape (ceiling 25%)
            article > div.inspire-prose > figure.group.relative.my-6 > img.h-auto.w-auto.max-w-full  ⟨img · not a link · alt="Sebuah bakul rotan berisi epal merah, oren dan buah naga, dihias bunga tiruan putih dan merah jambu serta daun hijau, diletakkan di atas bingkai kayu bercat putih."⟩
            "1787680476366-images-s-dulang-buah-hantaran-mohd-hasan/high.webp"
          declared width="1200" height="800" (1.50:1) for a 1527x2264 file (0.67:1) — 122% off, so the box reserved before load is the wrong shape (ceiling 25%)
            article > div.inspire-prose > figure.group.relative.my-6 > img.h-auto.w-auto.max-w-full  ⟨img · not a link · alt="Sebuah dulang kaca berkaki dihias renda kedut putih berbucu perak dan rantai manik emas, membawa sebuah kotak berbentuk hati berwarna merah bertali reben organza hijau, difoto di luar rumah dengan cahaya matahari menembusi daun."⟩
            "n/1787680476366-images-s-dulang-berkaki-hiasan-farritz/high.webp"
          declared width="1200" height="800" (1.50:1) for a 1536x2048 file (0.75:1) — 100% off, so the box reserved before load is the wrong shape (ceiling 25%)
            article > div.inspire-prose > figure.group.relative.my-6 > img.h-auto.w-auto.max-w-full  ⟨img · not a link · alt="Deretan dulang hantaran bertutup kain putih berlabuci disusun memanjang di atas permaidani hijau sebuah masjid, membawa cincin, kotak baldu biru, jambangan bunga ros putih, jam tangan dan kek. Tiga perempuan berbaju kurung dan bertudung duduk di hujung deretan itu."⟩
            "7680476366-images-s-hantaran-masjid-tetamu-mylifestory/high.webp"
[FAIL] /artikel/hantaran-mas-kahwin/dulang-hantaran @768 20 violation(s)  empty:0 rail:0 narrow:20 measure:0 clipped:0 over:0 clip:0 upscale:0 aspect:0 attr:3 unmeasurable:0 R2:0 R6:0 H6:0 H6.6:0 · +3 advisory
        narrow-text-column ×20
          80.8px column, 3 lines, box 81x90px (floor 120px)
            tbody > tr > th > p  ⟨p · not a link⟩
            "Apa yang disemak"
          88.5px column, 2 lines, box 89x60px (floor 120px)
            tbody > tr > th > p  ⟨p · not a link⟩
            "Dulang termurah"
          96.0px column, 2 lines, box 96x60px (floor 120px)
            tbody > tr > th > p  ⟨p · not a link⟩
            "Dulang termahal"
          91.1px column, 5 lines, box 91x150px (floor 120px)
            tbody > tr > td > p  ⟨p · not a link⟩
            "JV Craft & Gifts Sdn Bhd, Setia Alam, Selangor"
          … and 16 more
        image-attr-aspect ×3
          declared width="1200" height="800" (1.50:1) for a 2400x3600 file (0.67:1) — 125% off, so the box reserved before load is the wrong shape (ceiling 25%)
            article > div.inspire-prose > figure.group.relative.my-6 > img.h-auto.w-auto.max-w-full  ⟨img · not a link · alt="Sebuah bakul rotan berisi epal merah, oren dan buah naga, dihias bunga tiruan putih dan merah jambu serta daun hijau, diletakkan di atas bingkai kayu bercat putih."⟩
            "1787680476366-images-s-dulang-buah-hantaran-mohd-hasan/high.webp"
          declared width="1200" height="800" (1.50:1) for a 1527x2264 file (0.67:1) — 122% off, so the box reserved before load is the wrong shape (ceiling 25%)
            article > div.inspire-prose > figure.group.relative.my-6 > img.h-auto.w-auto.max-w-full  ⟨img · not a link · alt="Sebuah dulang kaca berkaki dihias renda kedut putih berbucu perak dan rantai manik emas, membawa sebuah kotak berbentuk hati berwarna merah bertali reben organza hijau, difoto di luar rumah dengan cahaya matahari menembusi daun."⟩
            "n/1787680476366-images-s-dulang-berkaki-hiasan-farritz/high.webp"
          declared width="1200" height="800" (1.50:1) for a 1536x2048 file (0.75:1) — 100% off, so the box reserved before load is the wrong shape (ceiling 25%)
            article > div.inspire-prose > figure.group.relative.my-6 > img.h-auto.w-auto.max-w-full  ⟨img · not a link · alt="Deretan dulang hantaran bertutup kain putih berlabuci disusun memanjang di atas permaidani hijau sebuah masjid, membawa cincin, kotak baldu biru, jambangan bunga ros putih, jam tangan dan kek. Tiga perempuan berbaju kurung dan bertudung duduk di hujung deretan itu."⟩
            "7680476366-images-s-hantaran-masjid-tetamu-mylifestory/high.webp"
[FAIL] /artikel/hantaran-mas-kahwin/dulang-hantaran @1024 21 violation(s)  empty:0 rail:0 narrow:20 measure:0 clipped:0 over:0 clip:1 upscale:0 aspect:0 attr:3 unmeasurable:0 R2:0 R6:0 H6:0 H6.6:0 · +3 advisory
        narrow-text-column ×20
          81.3px column, 3 lines, box 81x92px (floor 120px)
            tbody > tr > th > p  ⟨p · not a link⟩
            "Apa yang disemak"
          89.5px column, 2 lines, box 90x61px (floor 120px)
            tbody > tr > th > p  ⟨p · not a link⟩
            "Dulang termurah"
          95.2px column, 2 lines, box 95x61px (floor 120px)
            tbody > tr > th > p  ⟨p · not a link⟩
            "Dulang termahal"
          91.0px column, 5 lines, box 91x153px (floor 120px)
            tbody > tr > td > p  ⟨p · not a link⟩
            "JV Craft & Gifts Sdn Bhd, Setia Alam, Selangor"
          … and 16 more
        scroll-container-clip ×1
          right edge 622.0px past its scroller's client box, which ends at 620.0px (scroller 580px wide, content 582px, overflow-x: auto, affordance: none) — the viewport is 1024px, so CHECK 2 DOES NOT SEE THIS
            div.table-scroll-wrapper > table > colgroup > col  ⟨col · not a link⟩
        image-attr-aspect ×3
          declared width="1200" height="800" (1.50:1) for a 2400x3600 file (0.67:1) — 125% off, so the box reserved before load is the wrong shape (ceiling 25%)
            article > div.inspire-prose > figure.group.relative.my-6 > img.h-auto.w-auto.max-w-full  ⟨img · not a link · alt="Sebuah bakul rotan berisi epal merah, oren dan buah naga, dihias bunga tiruan putih dan merah jambu serta daun hijau, diletakkan di atas bingkai kayu bercat putih."⟩
            "1787680476366-images-s-dulang-buah-hantaran-mohd-hasan/high.webp"
          declared width="1200" height="800" (1.50:1) for a 1527x2264 file (0.67:1) — 122% off, so the box reserved before load is the wrong shape (ceiling 25%)
            article > div.inspire-prose > figure.group.relative.my-6 > img.h-auto.w-auto.max-w-full  ⟨img · not a link · alt="Sebuah dulang kaca berkaki dihias renda kedut putih berbucu perak dan rantai manik emas, membawa sebuah kotak berbentuk hati berwarna merah bertali reben organza hijau, difoto di luar rumah dengan cahaya matahari menembusi daun."⟩
            "n/1787680476366-images-s-dulang-berkaki-hiasan-farritz/high.webp"
          declared width="1200" height="800" (1.50:1) for a 1536x2048 file (0.75:1) — 100% off, so the box reserved before load is the wrong shape (ceiling 25%)
            article > div.inspire-prose > figure.group.relative.my-6 > img.h-auto.w-auto.max-w-full  ⟨img · not a link · alt="Deretan dulang hantaran bertutup kain putih berlabuci disusun memanjang di atas permaidani hijau sebuah masjid, membawa cincin, kotak baldu biru, jambangan bunga ros putih, jam tangan dan kek. Tiga perempuan berbaju kurung dan bertudung duduk di hujung deretan itu."⟩
            "7680476366-images-s-hantaran-masjid-tetamu-mylifestory/high.webp"
[FAIL] /artikel/hantaran-mas-kahwin/dulang-hantaran @1440 20 violation(s)  empty:0 rail:0 narrow:20 measure:0 clipped:0 over:0 clip:0 upscale:0 aspect:0 attr:3 unmeasurable:0 R2:0 R6:0 H6:0 H6.6:0 · +3 advisory
        narrow-text-column ×20
          83.0px column, 3 lines, box 83x92px (floor 120px)
            tbody > tr > th > p  ⟨p · not a link⟩
            "Apa yang disemak"
          90.8px column, 2 lines, box 91x61px (floor 120px)
            tbody > tr > th > p  ⟨p · not a link⟩
            "Dulang termurah"
          99.0px column, 2 lines, box 99x61px (floor 120px)
            tbody > tr > th > p  ⟨p · not a link⟩
            "Dulang termahal"
          93.8px column, 5 lines, box 94x153px (floor 120px)
            tbody > tr > td > p  ⟨p · not a link⟩
            "JV Craft & Gifts Sdn Bhd, Setia Alam, Selangor"
          … and 16 more
        image-attr-aspect ×3
          declared width="1200" height="800" (1.50:1) for a 2400x3600 file (0.67:1) — 125% off, so the box reserved before load is the wrong shape (ceiling 25%)
            article > div.inspire-prose > figure.group.relative.my-6 > img.h-auto.w-auto.max-w-full  ⟨img · not a link · alt="Sebuah bakul rotan berisi epal merah, oren dan buah naga, dihias bunga tiruan putih dan merah jambu serta daun hijau, diletakkan di atas bingkai kayu bercat putih."⟩
            "1787680476366-images-s-dulang-buah-hantaran-mohd-hasan/high.webp"
          declared width="1200" height="800" (1.50:1) for a 1527x2264 file (0.67:1) — 122% off, so the box reserved before load is the wrong shape (ceiling 25%)
            article > div.inspire-prose > figure.group.relative.my-6 > img.h-auto.w-auto.max-w-full  ⟨img · not a link · alt="Sebuah dulang kaca berkaki dihias renda kedut putih berbucu perak dan rantai manik emas, membawa sebuah kotak berbentuk hati berwarna merah bertali reben organza hijau, difoto di luar rumah dengan cahaya matahari menembusi daun."⟩
            "n/1787680476366-images-s-dulang-berkaki-hiasan-farritz/high.webp"
          declared width="1200" height="800" (1.50:1) for a 1536x2048 file (0.75:1) — 100% off, so the box reserved before load is the wrong shape (ceiling 25%)
            article > div.inspire-prose > figure.group.relative.my-6 > img.h-auto.w-auto.max-w-full  ⟨img · not a link · alt="Deretan dulang hantaran bertutup kain putih berlabuci disusun memanjang di atas permaidani hijau sebuah masjid, membawa cincin, kotak baldu biru, jambangan bunga ros putih, jam tangan dan kek. Tiga perempuan berbaju kurung dan bertudung duduk di hujung deretan itu."⟩
            "7680476366-images-s-hantaran-masjid-tetamu-mylifestory/high.webp"
[FAIL] /artikel/hantaran-mas-kahwin/dulang-hantaran @1920 20 violation(s)  empty:0 rail:0 narrow:20 measure:0 clipped:0 over:0 clip:0 upscale:0 aspect:0 attr:3 unmeasurable:0 R2:0 R6:0 H6:0 H6.6:0 · +3 advisory
        narrow-text-column ×20
          83.0px column, 3 lines, box 83x92px (floor 120px)
            tbody > tr > th > p  ⟨p · not a link⟩
            "Apa yang disemak"
          90.8px column, 2 lines, box 91x61px (floor 120px)
            tbody > tr > th > p  ⟨p · not a link⟩
            "Dulang termurah"
          99.0px column, 2 lines, box 99x61px (floor 120px)
            tbody > tr > th > p  ⟨p · not a link⟩
            "Dulang termahal"
          93.8px column, 5 lines, box 94x153px (floor 120px)
            tbody > tr > td > p  ⟨p · not a link⟩
            "JV Craft & Gifts Sdn Bhd, Setia Alam, Selangor"
          … and 16 more
        image-attr-aspect ×3
          declared width="1200" height="800" (1.50:1) for a 2400x3600 file (0.67:1) — 125% off, so the box reserved before load is the wrong shape (ceiling 25%)
            article > div.inspire-prose > figure.group.relative.my-6 > img.h-auto.w-auto.max-w-full  ⟨img · not a link · alt="Sebuah bakul rotan berisi epal merah, oren dan buah naga, dihias bunga tiruan putih dan merah jambu serta daun hijau, diletakkan di atas bingkai kayu bercat putih."⟩
            "1787680476366-images-s-dulang-buah-hantaran-mohd-hasan/high.webp"
          declared width="1200" height="800" (1.50:1) for a 1527x2264 file (0.67:1) — 122% off, so the box reserved before load is the wrong shape (ceiling 25%)
            article > div.inspire-prose > figure.group.relative.my-6 > img.h-auto.w-auto.max-w-full  ⟨img · not a link · alt="Sebuah dulang kaca berkaki dihias renda kedut putih berbucu perak dan rantai manik emas, membawa sebuah kotak berbentuk hati berwarna merah bertali reben organza hijau, difoto di luar rumah dengan cahaya matahari menembusi daun."⟩
            "n/1787680476366-images-s-dulang-berkaki-hiasan-farritz/high.webp"
          declared width="1200" height="800" (1.50:1) for a 1536x2048 file (0.75:1) — 100% off, so the box reserved before load is the wrong shape (ceiling 25%)
            article > div.inspire-prose > figure.group.relative.my-6 > img.h-auto.w-auto.max-w-full  ⟨img · not a link · alt="Deretan dulang hantaran bertutup kain putih berlabuci disusun memanjang di atas permaidani hijau sebuah masjid, membawa cincin, kotak baldu biru, jambangan bunga ros putih, jam tangan dan kek. Tiga perempuan berbaju kurung dan bertudung duduk di hujung deretan itu."⟩
            "7680476366-images-s-hantaran-masjid-tetamu-mylifestory/high.webp"
[FAIL] /artikel/ucapan-doa/walimatul-urus @390        16 violation(s)  empty:0 rail:0 narrow:16 measure:0 clipped:0 over:0 clip:0 upscale:0 aspect:0 attr:2 unmeasurable:0 R2:0 R6:0 H6:0 H6.6:0 · +2 advisory
        narrow-text-column ×16
          102.6px column, 2 lines, box 103x58px (floor 120px)
            tbody > tr > th > p  ⟨p · not a link⟩
            "Hukum menghadiri"
          98.8px column, 4 lines, box 99x116px (floor 120px)
            tbody > tr > td > p  ⟨p · not a link⟩
            "Mazhab Syafie, pandangan utama"
          101.4px column, 4 lines, box 101x116px (floor 120px)
            tbody > tr > td > p  ⟨p · not a link⟩
            "Wajib ke atas orang yang dijemput itu sendiri"
          98.8px column, 5 lines, box 99x145px (floor 120px)
            tbody > tr > td > p  ⟨p · not a link⟩
            "Imam al-Nawawi, dalam mazhab Syafie"
          … and 12 more
        image-attr-aspect ×2
          declared width="1200" height="800" (1.50:1) for a 771x1024 file (0.75:1) — 99% off, so the box reserved before load is the wrong shape (ceiling 25%)
            article > div.inspire-prose > figure.group.relative.my-6 > img.h-auto.w-auto.max-w-full  ⟨img · not a link · alt="Sekeping kad jemputan kahwin bertulis Walimatul Urus dipegang di tangan, memaparkan dua tarikh, satu Masihi dan satu Hijrah."⟩
            "/1787680552936-images-s-kad-jemputan-tangan-sham-hardy/high.webp"
          declared width="1200" height="800" (1.50:1) for a 1080x1080 file (1.00:1) — 50% off, so the box reserved before load is the wrong shape (ceiling 25%)
            article > div.inspire-prose > figure.group.relative.my-6 > img.h-auto.w-auto.max-w-full  ⟨img · not a link · alt="Kenduri kahwin di halaman rumah kampung di Terengganu, dengan meja panjang dan hidangan buffet di bawah khemah."⟩
            "87680552936-images-s-kenduri-khemah-terengganu-irwandy/high.webp"
[FAIL] /artikel/ucapan-doa/walimatul-urus @768        2 violation(s)  empty:0 rail:0 narrow:1 measure:1 clipped:0 over:0 clip:0 upscale:0 aspect:0 attr:2 unmeasurable:0 R2:0 R6:0 H6:0 H6.6:0 · +2 advisory
        narrow-text-column ×1
          119.6px column, 2 lines, box 120x60px (floor 120px)
            tbody > tr > th > p  ⟨p · not a link⟩
            "Kewajipan hadir"
        reading-measure ×1
          81.3 characters per line — 610px column at 15.0px (ceiling 75)
            div > a.s-row > div > h3.t  ⟨h3 · link → /artikel/ucapan-doa/ucapan-ulang-tahun-perkahwinan⟩
            "Ucapan ulang tahun perkahwinan: 40 ucapan siap pakai, dan sa"
        image-attr-aspect ×2
          declared width="1200" height="800" (1.50:1) for a 771x1024 file (0.75:1) — 99% off, so the box reserved before load is the wrong shape (ceiling 25%)
            article > div.inspire-prose > figure.group.relative.my-6 > img.h-auto.w-auto.max-w-full  ⟨img · not a link · alt="Sekeping kad jemputan kahwin bertulis Walimatul Urus dipegang di tangan, memaparkan dua tarikh, satu Masihi dan satu Hijrah."⟩
            "/1787680552936-images-s-kad-jemputan-tangan-sham-hardy/high.webp"
          declared width="1200" height="800" (1.50:1) for a 1080x1080 file (1.00:1) — 50% off, so the box reserved before load is the wrong shape (ceiling 25%)
            article > div.inspire-prose > figure.group.relative.my-6 > img.h-auto.w-auto.max-w-full  ⟨img · not a link · alt="Kenduri kahwin di halaman rumah kampung di Terengganu, dengan meja panjang dan hidangan buffet di bawah khemah."⟩
            "87680552936-images-s-kenduri-khemah-terengganu-irwandy/high.webp"
[ ok ] /artikel/ucapan-doa/walimatul-urus @1024       0 violation(s)  empty:0 rail:0 narrow:0 measure:0 clipped:0 over:0 clip:0 upscale:0 aspect:0 attr:2 unmeasurable:0 R2:0 R6:0 H6:0 H6.6:0 · +2 advisory
        image-attr-aspect ×2
          declared width="1200" height="800" (1.50:1) for a 771x1024 file (0.75:1) — 99% off, so the box reserved before load is the wrong shape (ceiling 25%)
            article > div.inspire-prose > figure.group.relative.my-6 > img.h-auto.w-auto.max-w-full  ⟨img · not a link · alt="Sekeping kad jemputan kahwin bertulis Walimatul Urus dipegang di tangan, memaparkan dua tarikh, satu Masihi dan satu Hijrah."⟩
            "/1787680552936-images-s-kad-jemputan-tangan-sham-hardy/high.webp"
          declared width="1200" height="800" (1.50:1) for a 1080x1080 file (1.00:1) — 50% off, so the box reserved before load is the wrong shape (ceiling 25%)
            article > div.inspire-prose > figure.group.relative.my-6 > img.h-auto.w-auto.max-w-full  ⟨img · not a link · alt="Kenduri kahwin di halaman rumah kampung di Terengganu, dengan meja panjang dan hidangan buffet di bawah khemah."⟩
            "87680552936-images-s-kenduri-khemah-terengganu-irwandy/high.webp"
[ ok ] /artikel/ucapan-doa/walimatul-urus @1440       0 violation(s)  empty:0 rail:0 narrow:0 measure:0 clipped:0 over:0 clip:0 upscale:0 aspect:0 attr:2 unmeasurable:0 R2:0 R6:0 H6:0 H6.6:0 · +2 advisory
        image-attr-aspect ×2
          declared width="1200" height="800" (1.50:1) for a 771x1024 file (0.75:1) — 99% off, so the box reserved before load is the wrong shape (ceiling 25%)
            article > div.inspire-prose > figure.group.relative.my-6 > img.h-auto.w-auto.max-w-full  ⟨img · not a link · alt="Sekeping kad jemputan kahwin bertulis Walimatul Urus dipegang di tangan, memaparkan dua tarikh, satu Masihi dan satu Hijrah."⟩
            "/1787680552936-images-s-kad-jemputan-tangan-sham-hardy/high.webp"
          declared width="1200" height="800" (1.50:1) for a 1080x1080 file (1.00:1) — 50% off, so the box reserved before load is the wrong shape (ceiling 25%)
            article > div.inspire-prose > figure.group.relative.my-6 > img.h-auto.w-auto.max-w-full  ⟨img · not a link · alt="Kenduri kahwin di halaman rumah kampung di Terengganu, dengan meja panjang dan hidangan buffet di bawah khemah."⟩
            "87680552936-images-s-kenduri-khemah-terengganu-irwandy/high.webp"
[ ok ] /artikel/ucapan-doa/walimatul-urus @1920       0 violation(s)  empty:0 rail:0 narrow:0 measure:0 clipped:0 over:0 clip:0 upscale:0 aspect:0 attr:2 unmeasurable:0 R2:0 R6:0 H6:0 H6.6:0 · +2 advisory
        image-attr-aspect ×2
          declared width="1200" height="800" (1.50:1) for a 771x1024 file (0.75:1) — 99% off, so the box reserved before load is the wrong shape (ceiling 25%)
            article > div.inspire-prose > figure.group.relative.my-6 > img.h-auto.w-auto.max-w-full  ⟨img · not a link · alt="Sekeping kad jemputan kahwin bertulis Walimatul Urus dipegang di tangan, memaparkan dua tarikh, satu Masihi dan satu Hijrah."⟩
            "/1787680552936-images-s-kad-jemputan-tangan-sham-hardy/high.webp"
          declared width="1200" height="800" (1.50:1) for a 1080x1080 file (1.00:1) — 50% off, so the box reserved before load is the wrong shape (ceiling 25%)
            article > div.inspire-prose > figure.group.relative.my-6 > img.h-auto.w-auto.max-w-full  ⟨img · not a link · alt="Kenduri kahwin di halaman rumah kampung di Terengganu, dengan meja panjang dan hidangan buffet di bawah khemah."⟩
            "87680552936-images-s-kenduri-khemah-terengganu-irwandy/high.webp"
[ ok ] /artikel/nikah-undang-undang/lafaz-akad-nikah @390 0 violation(s)  empty:0 rail:0 narrow:0 measure:0 clipped:0 over:0 clip:0 upscale:0 aspect:0 attr:2 unmeasurable:0 R2:0 R6:0 H6:0 H6.6:0 · +2 advisory
        image-attr-aspect ×2
          declared width="1200" height="800" (1.50:1) for a 1536x2048 file (0.75:1) — 100% off, so the box reserved before load is the wrong shape (ceiling 25%)
            article > div.inspire-prose > figure.group.relative.my-6 > img.h-auto.w-auto.max-w-full  ⟨img · not a link · alt="Tok kadi, wali dan dua orang saksi lelaki duduk berbaris di atas permaidani di dalam masjid sebelum majlis akad."⟩
            "1788203336190-images-s-wali-saksi-tok-kadi-mylifestory/high.webp"
          declared width="1200" height="800" (1.50:1) for a 1536x2048 file (0.75:1) — 100% off, so the box reserved before load is the wrong shape (ceiling 25%)
            article > div.inspire-prose > figure.group.relative.my-6 > img.h-auto.w-auto.max-w-full  ⟨img · not a link · alt="Saat ijab qabul di dalam masjid: pengantin lelaki berjabat tangan dengan tok kadi yang duduk berhadapan dengannya."⟩
            "kah/1788203336190-images-s-akad-ijab-qabul-mylifestory/high.webp"
[ ok ] /artikel/nikah-undang-undang/lafaz-akad-nikah @768 0 violation(s)  empty:0 rail:0 narrow:0 measure:0 clipped:0 over:0 clip:0 upscale:0 aspect:0 attr:2 unmeasurable:0 R2:0 R6:0 H6:0 H6.6:0 · +2 advisory
        image-attr-aspect ×2
          declared width="1200" height="800" (1.50:1) for a 1536x2048 file (0.75:1) — 100% off, so the box reserved before load is the wrong shape (ceiling 25%)
            article > div.inspire-prose > figure.group.relative.my-6 > img.h-auto.w-auto.max-w-full  ⟨img · not a link · alt="Tok kadi, wali dan dua orang saksi lelaki duduk berbaris di atas permaidani di dalam masjid sebelum majlis akad."⟩
            "1788203336190-images-s-wali-saksi-tok-kadi-mylifestory/high.webp"
          declared width="1200" height="800" (1.50:1) for a 1536x2048 file (0.75:1) — 100% off, so the box reserved before load is the wrong shape (ceiling 25%)
            article > div.inspire-prose > figure.group.relative.my-6 > img.h-auto.w-auto.max-w-full  ⟨img · not a link · alt="Saat ijab qabul di dalam masjid: pengantin lelaki berjabat tangan dengan tok kadi yang duduk berhadapan dengannya."⟩
            "kah/1788203336190-images-s-akad-ijab-qabul-mylifestory/high.webp"
[ ok ] /artikel/nikah-undang-undang/lafaz-akad-nikah @1024 0 violation(s)  empty:0 rail:0 narrow:0 measure:0 clipped:0 over:0 clip:0 upscale:0 aspect:0 attr:2 unmeasurable:0 R2:0 R6:0 H6:0 H6.6:0 · +2 advisory
        image-attr-aspect ×2
          declared width="1200" height="800" (1.50:1) for a 1536x2048 file (0.75:1) — 100% off, so the box reserved before load is the wrong shape (ceiling 25%)
            article > div.inspire-prose > figure.group.relative.my-6 > img.h-auto.w-auto.max-w-full  ⟨img · not a link · alt="Tok kadi, wali dan dua orang saksi lelaki duduk berbaris di atas permaidani di dalam masjid sebelum majlis akad."⟩
            "1788203336190-images-s-wali-saksi-tok-kadi-mylifestory/high.webp"
          declared width="1200" height="800" (1.50:1) for a 1536x2048 file (0.75:1) — 100% off, so the box reserved before load is the wrong shape (ceiling 25%)
            article > div.inspire-prose > figure.group.relative.my-6 > img.h-auto.w-auto.max-w-full  ⟨img · not a link · alt="Saat ijab qabul di dalam masjid: pengantin lelaki berjabat tangan dengan tok kadi yang duduk berhadapan dengannya."⟩
            "kah/1788203336190-images-s-akad-ijab-qabul-mylifestory/high.webp"
[ ok ] /artikel/nikah-undang-undang/lafaz-akad-nikah @1440 0 violation(s)  empty:0 rail:0 narrow:0 measure:0 clipped:0 over:0 clip:0 upscale:0 aspect:0 attr:2 unmeasurable:0 R2:0 R6:0 H6:0 H6.6:0 · +2 advisory
        image-attr-aspect ×2
          declared width="1200" height="800" (1.50:1) for a 1536x2048 file (0.75:1) — 100% off, so the box reserved before load is the wrong shape (ceiling 25%)
            article > div.inspire-prose > figure.group.relative.my-6 > img.h-auto.w-auto.max-w-full  ⟨img · not a link · alt="Tok kadi, wali dan dua orang saksi lelaki duduk berbaris di atas permaidani di dalam masjid sebelum majlis akad."⟩
            "1788203336190-images-s-wali-saksi-tok-kadi-mylifestory/high.webp"
          declared width="1200" height="800" (1.50:1) for a 1536x2048 file (0.75:1) — 100% off, so the box reserved before load is the wrong shape (ceiling 25%)
            article > div.inspire-prose > figure.group.relative.my-6 > img.h-auto.w-auto.max-w-full  ⟨img · not a link · alt="Saat ijab qabul di dalam masjid: pengantin lelaki berjabat tangan dengan tok kadi yang duduk berhadapan dengannya."⟩
            "kah/1788203336190-images-s-akad-ijab-qabul-mylifestory/high.webp"
[ ok ] /artikel/nikah-undang-undang/lafaz-akad-nikah @1920 0 violation(s)  empty:0 rail:0 narrow:0 measure:0 clipped:0 over:0 clip:0 upscale:0 aspect:0 attr:2 unmeasurable:0 R2:0 R6:0 H6:0 H6.6:0 · +2 advisory
        image-attr-aspect ×2
          declared width="1200" height="800" (1.50:1) for a 1536x2048 file (0.75:1) — 100% off, so the box reserved before load is the wrong shape (ceiling 25%)
            article > div.inspire-prose > figure.group.relative.my-6 > img.h-auto.w-auto.max-w-full  ⟨img · not a link · alt="Tok kadi, wali dan dua orang saksi lelaki duduk berbaris di atas permaidani di dalam masjid sebelum majlis akad."⟩
            "1788203336190-images-s-wali-saksi-tok-kadi-mylifestory/high.webp"
          declared width="1200" height="800" (1.50:1) for a 1536x2048 file (0.75:1) — 100% off, so the box reserved before load is the wrong shape (ceiling 25%)
            article > div.inspire-prose > figure.group.relative.my-6 > img.h-auto.w-auto.max-w-full  ⟨img · not a link · alt="Saat ijab qabul di dalam masjid: pengantin lelaki berjabat tangan dengan tok kadi yang duduk berhadapan dengannya."⟩
            "kah/1788203336190-images-s-akad-ijab-qabul-mylifestory/high.webp"
[ ok ] /artikel/sebelum-nikah/doa-jodoh @390          0 violation(s)  empty:0 rail:0 narrow:0 measure:0 clipped:0 over:0 clip:0 upscale:0 aspect:0 attr:0 unmeasurable:0 R2:0 R6:0 H6:0 H6.6:0
[ ok ] /artikel/sebelum-nikah/doa-jodoh @768          0 violation(s)  empty:0 rail:0 narrow:0 measure:0 clipped:0 over:0 clip:0 upscale:0 aspect:0 attr:0 unmeasurable:0 R2:0 R6:0 H6:0 H6.6:0
[FAIL] /artikel/sebelum-nikah/doa-jodoh @1024         1 violation(s)  empty:0 rail:0 narrow:0 measure:0 clipped:0 over:1 clip:0 upscale:0 aspect:0 attr:0 unmeasurable:0 R2:0 R6:0 H6:0 H6.6:0
        viewport-overflow ×1
          right edge 1045.0px in a 1024px viewport (element 279.0px wide, 21.0px past)
            div.s-rekod > div > div.s-frow > span.s-val  ⟨span · not a link⟩
            "Sebelum Nikah: Jodoh, Merisik & Tunang"
[ ok ] /artikel/sebelum-nikah/doa-jodoh @1440         0 violation(s)  empty:0 rail:0 narrow:0 measure:0 clipped:0 over:0 clip:0 upscale:0 aspect:0 attr:0 unmeasurable:0 R2:0 R6:0 H6:0 H6.6:0
[ ok ] /artikel/sebelum-nikah/doa-jodoh @1920         0 violation(s)  empty:0 rail:0 narrow:0 measure:0 clipped:0 over:0 clip:0 upscale:0 aspect:0 attr:0 unmeasurable:0 R2:0 R6:0 H6:0 H6.6:0
[FAIL] /artikel/hantaran-mas-kahwin/hantaran-kahwin-bajet @390 17 violation(s)  empty:0 rail:0 narrow:17 measure:0 clipped:0 over:0 clip:0 upscale:0 aspect:0 attr:2 unmeasurable:0 R2:0 R6:0 H6:0 H6.6:0 · +2 advisory
        narrow-text-column ×17
          78.4px column, 2 lines, box 78x58px (floor 120px)
            tbody > tr > th > p  ⟨p · not a link⟩
            "Kira-kira"
          94.3px column, 2 lines, box 94x58px (floor 120px)
            tbody > tr > th > p  ⟨p · not a link⟩
            "Kos 12 dulang"
          94.3px column, 2 lines, box 94x58px (floor 120px)
            tbody > tr > th > p  ⟨p · not a link⟩
            "Apa yang termasuk"
          53.6px column, 6 lines, box 54x174px (floor 120px)
            tbody > tr > td > p  ⟨p · not a link⟩
            "Beli dulang kosong dan gubah sendiri"
          … and 13 more
        image-attr-aspect ×2
          declared width="1200" height="800" (1.50:1) for a 2400x3600 file (0.67:1) — 125% off, so the box reserved before load is the wrong shape (ceiling 25%)
            article > div.inspire-prose > figure.group.relative.my-6 > img.h-auto.w-auto.max-w-full  ⟨img · not a link · alt="Sebuah dulang hantaran berisi anggur hitam, epal merah, oren dan buah naga, dihias bunga tiruan putih dan renda di atas bingkai kayu."⟩
            "1787780589299-images-s-dulang-buah-hantaran-mohd-hasan/high.webp"
          declared width="1200" height="800" (1.50:1) for a 1536x2048 file (0.75:1) — 100% off, so the box reserved before load is the wrong shape (ceiling 25%)
            article > div.inspire-prose > figure.group.relative.my-6 > img.h-auto.w-auto.max-w-full  ⟨img · not a link · alt="Deretan dulang hantaran bersarung kain putih bermanik disusun memanjang di atas permaidani masjid, membawa bantal cincin, kotak baldu, tali leher, kasut kulit dan jambangan bunga ros putih."⟩
            "7780589299-images-s-dulang-hantaran-masjid-mylifestory/high.webp"
[FAIL] /artikel/hantaran-mas-kahwin/hantaran-kahwin-bajet @768 5 violation(s)  empty:0 rail:0 narrow:5 measure:0 clipped:0 over:0 clip:0 upscale:0 aspect:0 attr:2 unmeasurable:0 R2:0 R6:0 H6:0 H6.6:0 · +2 advisory
        narrow-text-column ×5
          86.6px column, 5 lines, box 87x150px (floor 120px)
            tbody > tr > td > p  ⟨p · not a link⟩
            "Beli dulang kosong dan gubah sendiri"
          117.6px column, 4 lines, box 118x120px (floor 120px)
            tbody > tr > td > p  ⟨p · not a link⟩
            "RM9.00 sekeping, JV Craft & Gifts Sdn Bhd"
          86.6px column, 2 lines, box 87x60px (floor 120px)
            tbody > tr > td > p  ⟨p · not a link⟩
            "Beli set siap gubah"
          117.6px column, 4 lines, box 118x120px (floor 120px)
            tbody > tr > td > p  ⟨p · not a link⟩
            "RM149.50 seset lima dulang, JV Craft"
          … and 1 more
        image-attr-aspect ×2
          declared width="1200" height="800" (1.50:1) for a 2400x3600 file (0.67:1) — 125% off, so the box reserved before load is the wrong shape (ceiling 25%)
            article > div.inspire-prose > figure.group.relative.my-6 > img.h-auto.w-auto.max-w-full  ⟨img · not a link · alt="Sebuah dulang hantaran berisi anggur hitam, epal merah, oren dan buah naga, dihias bunga tiruan putih dan renda di atas bingkai kayu."⟩
            "1787780589299-images-s-dulang-buah-hantaran-mohd-hasan/high.webp"
          declared width="1200" height="800" (1.50:1) for a 1536x2048 file (0.75:1) — 100% off, so the box reserved before load is the wrong shape (ceiling 25%)
            article > div.inspire-prose > figure.group.relative.my-6 > img.h-auto.w-auto.max-w-full  ⟨img · not a link · alt="Deretan dulang hantaran bersarung kain putih bermanik disusun memanjang di atas permaidani masjid, membawa bantal cincin, kotak baldu, tali leher, kasut kulit dan jambangan bunga ros putih."⟩
            "7780589299-images-s-dulang-hantaran-masjid-mylifestory/high.webp"
[FAIL] /artikel/hantaran-mas-kahwin/hantaran-kahwin-bajet @1024 5 violation(s)  empty:0 rail:0 narrow:5 measure:0 clipped:0 over:0 clip:0 upscale:0 aspect:0 attr:2 unmeasurable:0 R2:0 R6:0 H6:0 H6.6:0 · +2 advisory
        narrow-text-column ×5
          86.1px column, 5 lines, box 86x153px (floor 120px)
            tbody > tr > td > p  ⟨p · not a link⟩
            "Beli dulang kosong dan gubah sendiri"
          117.3px column, 4 lines, box 117x122px (floor 120px)
            tbody > tr > td > p  ⟨p · not a link⟩
            "RM9.00 sekeping, JV Craft & Gifts Sdn Bhd"
          86.1px column, 2 lines, box 86x61px (floor 120px)
            tbody > tr > td > p  ⟨p · not a link⟩
            "Beli set siap gubah"
          117.3px column, 4 lines, box 117x122px (floor 120px)
            tbody > tr > td > p  ⟨p · not a link⟩
            "RM149.50 seset lima dulang, JV Craft"
          … and 1 more
        image-attr-aspect ×2
          declared width="1200" height="800" (1.50:1) for a 2400x3600 file (0.67:1) — 125% off, so the box reserved before load is the wrong shape (ceiling 25%)
            article > div.inspire-prose > figure.group.relative.my-6 > img.h-auto.w-auto.max-w-full  ⟨img · not a link · alt="Sebuah dulang hantaran berisi anggur hitam, epal merah, oren dan buah naga, dihias bunga tiruan putih dan renda di atas bingkai kayu."⟩
            "1787780589299-images-s-dulang-buah-hantaran-mohd-hasan/high.webp"
          declared width="1200" height="800" (1.50:1) for a 1536x2048 file (0.75:1) — 100% off, so the box reserved before load is the wrong shape (ceiling 25%)
            article > div.inspire-prose > figure.group.relative.my-6 > img.h-auto.w-auto.max-w-full  ⟨img · not a link · alt="Deretan dulang hantaran bersarung kain putih bermanik disusun memanjang di atas permaidani masjid, membawa bantal cincin, kotak baldu, tali leher, kasut kulit dan jambangan bunga ros putih."⟩
            "7780589299-images-s-dulang-hantaran-masjid-mylifestory/high.webp"
[FAIL] /artikel/hantaran-mas-kahwin/hantaran-kahwin-bajet @1440 2 violation(s)  empty:0 rail:0 narrow:2 measure:0 clipped:0 over:0 clip:0 upscale:0 aspect:0 attr:2 unmeasurable:0 R2:0 R6:0 H6:0 H6.6:0 · +2 advisory
        narrow-text-column ×2
          89.0px column, 5 lines, box 89x153px (floor 120px)
            tbody > tr > td > p  ⟨p · not a link⟩
            "Beli dulang kosong dan gubah sendiri"
          89.0px column, 2 lines, box 89x61px (floor 120px)
            tbody > tr > td > p  ⟨p · not a link⟩
            "Beli set siap gubah"
        image-attr-aspect ×2
          declared width="1200" height="800" (1.50:1) for a 2400x3600 file (0.67:1) — 125% off, so the box reserved before load is the wrong shape (ceiling 25%)
            article > div.inspire-prose > figure.group.relative.my-6 > img.h-auto.w-auto.max-w-full  ⟨img · not a link · alt="Sebuah dulang hantaran berisi anggur hitam, epal merah, oren dan buah naga, dihias bunga tiruan putih dan renda di atas bingkai kayu."⟩
            "1787780589299-images-s-dulang-buah-hantaran-mohd-hasan/high.webp"
          declared width="1200" height="800" (1.50:1) for a 1536x2048 file (0.75:1) — 100% off, so the box reserved before load is the wrong shape (ceiling 25%)
            article > div.inspire-prose > figure.group.relative.my-6 > img.h-auto.w-auto.max-w-full  ⟨img · not a link · alt="Deretan dulang hantaran bersarung kain putih bermanik disusun memanjang di atas permaidani masjid, membawa bantal cincin, kotak baldu, tali leher, kasut kulit dan jambangan bunga ros putih."⟩
            "7780589299-images-s-dulang-hantaran-masjid-mylifestory/high.webp"
[FAIL] /artikel/hantaran-mas-kahwin/hantaran-kahwin-bajet @1920 2 violation(s)  empty:0 rail:0 narrow:2 measure:0 clipped:0 over:0 clip:0 upscale:0 aspect:0 attr:2 unmeasurable:0 R2:0 R6:0 H6:0 H6.6:0 · +2 advisory
        narrow-text-column ×2
          89.0px column, 5 lines, box 89x153px (floor 120px)
            tbody > tr > td > p  ⟨p · not a link⟩
            "Beli dulang kosong dan gubah sendiri"
          89.0px column, 2 lines, box 89x61px (floor 120px)
            tbody > tr > td > p  ⟨p · not a link⟩
            "Beli set siap gubah"
        image-attr-aspect ×2
          declared width="1200" height="800" (1.50:1) for a 2400x3600 file (0.67:1) — 125% off, so the box reserved before load is the wrong shape (ceiling 25%)
            article > div.inspire-prose > figure.group.relative.my-6 > img.h-auto.w-auto.max-w-full  ⟨img · not a link · alt="Sebuah dulang hantaran berisi anggur hitam, epal merah, oren dan buah naga, dihias bunga tiruan putih dan renda di atas bingkai kayu."⟩
            "1787780589299-images-s-dulang-buah-hantaran-mohd-hasan/high.webp"
          declared width="1200" height="800" (1.50:1) for a 1536x2048 file (0.75:1) — 100% off, so the box reserved before load is the wrong shape (ceiling 25%)
            article > div.inspire-prose > figure.group.relative.my-6 > img.h-auto.w-auto.max-w-full  ⟨img · not a link · alt="Deretan dulang hantaran bersarung kain putih bermanik disusun memanjang di atas permaidani masjid, membawa bantal cincin, kotak baldu, tali leher, kasut kulit dan jambangan bunga ros putih."⟩
            "7780589299-images-s-dulang-hantaran-masjid-mylifestory/high.webp"
[FAIL] /artikel/ucapan-doa/skrip-pengacara-majlis-perkahwinan @390 12 violation(s)  empty:0 rail:0 narrow:12 measure:0 clipped:0 over:0 clip:0 upscale:0 aspect:0 attr:0 unmeasurable:0 R2:0 R6:0 H6:0 H6.6:0
        narrow-text-column ×12
          102.9px column, 4 lines, box 103x116px (floor 120px)
            tbody > tr > td > p  ⟨p · not a link⟩
            "Tetamu dijemput masuk dan dijamu"
          77.8px column, 2 lines, box 78x58px (floor 120px)
            tbody > tr > td > p  ⟨p · not a link⟩
            "Kebiasaan setempat"
          102.9px column, 2 lines, box 103x58px (floor 120px)
            tbody > tr > td > p  ⟨p · not a link⟩
            "Ketibaan pengantin"
          102.9px column, 4 lines, box 103x116px (floor 120px)
            tbody > tr > td > p  ⟨p · not a link⟩
            "Persembahan sambutan, kompang atau silat"
          … and 8 more
[FAIL] /artikel/ucapan-doa/skrip-pengacara-majlis-perkahwinan @768 3 violation(s)  empty:0 rail:0 narrow:3 measure:0 clipped:0 over:0 clip:0 upscale:0 aspect:0 attr:0 unmeasurable:0 R2:0 R6:0 H6:0 H6.6:0
        narrow-text-column ×3
          116.8px column, 2 lines, box 117x60px (floor 120px)
            tbody > tr > td > p  ⟨p · not a link⟩
            "Kebiasaan setempat"
          116.8px column, 3 lines, box 117x90px (floor 120px)
            tbody > tr > td > p  ⟨p · not a link⟩
            "Ada garis panduan JAKIM"
          116.8px column, 2 lines, box 117x60px (floor 120px)
            tbody > tr > td > p  ⟨p · not a link⟩
            "Adat, tertakluk syarat"
[FAIL] /artikel/ucapan-doa/skrip-pengacara-majlis-perkahwinan @1024 3 violation(s)  empty:0 rail:0 narrow:3 measure:0 clipped:0 over:0 clip:0 upscale:0 aspect:0 attr:0 unmeasurable:0 R2:0 R6:0 H6:0 H6.6:0
        narrow-text-column ×3
          117.0px column, 2 lines, box 117x61px (floor 120px)
            tbody > tr > td > p  ⟨p · not a link⟩
            "Kebiasaan setempat"
          117.0px column, 3 lines, box 117x92px (floor 120px)
            tbody > tr > td > p  ⟨p · not a link⟩
            "Ada garis panduan JAKIM"
          117.0px column, 3 lines, box 117x92px (floor 120px)
            tbody > tr > td > p  ⟨p · not a link⟩
            "Adat, tertakluk syarat"
[FAIL] /artikel/ucapan-doa/skrip-pengacara-majlis-perkahwinan @1440 3 violation(s)  empty:0 rail:0 narrow:3 measure:0 clipped:0 over:0 clip:0 upscale:0 aspect:0 attr:0 unmeasurable:0 R2:0 R6:0 H6:0 H6.6:0
        narrow-text-column ×3
          119.7px column, 2 lines, box 120x61px (floor 120px)
            tbody > tr > td > p  ⟨p · not a link⟩
            "Kebiasaan setempat"
          119.7px column, 3 lines, box 120x92px (floor 120px)
            tbody > tr > td > p  ⟨p · not a link⟩
            "Ada garis panduan JAKIM"
          119.7px column, 2 lines, box 120x61px (floor 120px)
            tbody > tr > td > p  ⟨p · not a link⟩
            "Adat, tertakluk syarat"
[FAIL] /artikel/ucapan-doa/skrip-pengacara-majlis-perkahwinan @1920 3 violation(s)  empty:0 rail:0 narrow:3 measure:0 clipped:0 over:0 clip:0 upscale:0 aspect:0 attr:0 unmeasurable:0 R2:0 R6:0 H6:0 H6.6:0
        narrow-text-column ×3
          119.7px column, 2 lines, box 120x61px (floor 120px)
            tbody > tr > td > p  ⟨p · not a link⟩
            "Kebiasaan setempat"
          119.7px column, 3 lines, box 120x92px (floor 120px)
            tbody > tr > td > p  ⟨p · not a link⟩
            "Ada garis panduan JAKIM"
          119.7px column, 2 lines, box 120x61px (floor 120px)
            tbody > tr > td > p  ⟨p · not a link⟩
            "Adat, tertakluk syarat"
[ ok ] /artikel/hantaran-mas-kahwin/barang-hantaran-berguna @390 0 violation(s)  empty:0 rail:0 narrow:0 measure:0 clipped:0 over:0 clip:0 upscale:0 aspect:0 attr:1 unmeasurable:0 R2:0 R6:0 H6:0 H6.6:0 · +1 advisory
        image-attr-aspect ×1
          declared width="1200" height="800" (1.50:1) for a 2400x3600 file (0.67:1) — 125% off, so the box reserved before load is the wrong shape (ceiling 25%)
            article > div.inspire-prose > figure.group.relative.my-6 > img.h-auto.w-auto.max-w-full  ⟨img · not a link · alt="Sebuah dulang hantaran berisi anggur hitam, epal merah, oren dan buah naga, dihias bunga tiruan putih dan renda di atas bingkai kayu."⟩
            "1787781777697-images-s-dulang-buah-hantaran-mohd-hasan/high.webp"
[ ok ] /artikel/hantaran-mas-kahwin/barang-hantaran-berguna @768 0 violation(s)  empty:0 rail:0 narrow:0 measure:0 clipped:0 over:0 clip:0 upscale:0 aspect:0 attr:1 unmeasurable:0 R2:0 R6:0 H6:0 H6.6:0 · +1 advisory
        image-attr-aspect ×1
          declared width="1200" height="800" (1.50:1) for a 2400x3600 file (0.67:1) — 125% off, so the box reserved before load is the wrong shape (ceiling 25%)
            article > div.inspire-prose > figure.group.relative.my-6 > img.h-auto.w-auto.max-w-full  ⟨img · not a link · alt="Sebuah dulang hantaran berisi anggur hitam, epal merah, oren dan buah naga, dihias bunga tiruan putih dan renda di atas bingkai kayu."⟩
            "1787781777697-images-s-dulang-buah-hantaran-mohd-hasan/high.webp"
[ ok ] /artikel/hantaran-mas-kahwin/barang-hantaran-berguna @1024 0 violation(s)  empty:0 rail:0 narrow:0 measure:0 clipped:0 over:0 clip:0 upscale:0 aspect:0 attr:1 unmeasurable:0 R2:0 R6:0 H6:0 H6.6:0 · +1 advisory
        image-attr-aspect ×1
          declared width="1200" height="800" (1.50:1) for a 2400x3600 file (0.67:1) — 125% off, so the box reserved before load is the wrong shape (ceiling 25%)
            article > div.inspire-prose > figure.group.relative.my-6 > img.h-auto.w-auto.max-w-full  ⟨img · not a link · alt="Sebuah dulang hantaran berisi anggur hitam, epal merah, oren dan buah naga, dihias bunga tiruan putih dan renda di atas bingkai kayu."⟩
            "1787781777697-images-s-dulang-buah-hantaran-mohd-hasan/high.webp"
[ ok ] /artikel/hantaran-mas-kahwin/barang-hantaran-berguna @1440 0 violation(s)  empty:0 rail:0 narrow:0 measure:0 clipped:0 over:0 clip:0 upscale:0 aspect:0 attr:1 unmeasurable:0 R2:0 R6:0 H6:0 H6.6:0 · +1 advisory
        image-attr-aspect ×1
          declared width="1200" height="800" (1.50:1) for a 2400x3600 file (0.67:1) — 125% off, so the box reserved before load is the wrong shape (ceiling 25%)
            article > div.inspire-prose > figure.group.relative.my-6 > img.h-auto.w-auto.max-w-full  ⟨img · not a link · alt="Sebuah dulang hantaran berisi anggur hitam, epal merah, oren dan buah naga, dihias bunga tiruan putih dan renda di atas bingkai kayu."⟩
            "1787781777697-images-s-dulang-buah-hantaran-mohd-hasan/high.webp"
[ ok ] /artikel/hantaran-mas-kahwin/barang-hantaran-berguna @1920 0 violation(s)  empty:0 rail:0 narrow:0 measure:0 clipped:0 over:0 clip:0 upscale:0 aspect:0 attr:1 unmeasurable:0 R2:0 R6:0 H6:0 H6.6:0 · +1 advisory
        image-attr-aspect ×1
          declared width="1200" height="800" (1.50:1) for a 2400x3600 file (0.67:1) — 125% off, so the box reserved before load is the wrong shape (ceiling 25%)
            article > div.inspire-prose > figure.group.relative.my-6 > img.h-auto.w-auto.max-w-full  ⟨img · not a link · alt="Sebuah dulang hantaran berisi anggur hitam, epal merah, oren dan buah naga, dihias bunga tiruan putih dan renda di atas bingkai kayu."⟩
            "1787781777697-images-s-dulang-buah-hantaran-mohd-hasan/high.webp"
[ ok ] /artikel/hantaran-mas-kahwin/berapa-dulang-hantaran-tunang @390 0 violation(s)  empty:0 rail:0 narrow:0 measure:0 clipped:0 over:0 clip:0 upscale:0 aspect:0 attr:1 unmeasurable:0 R2:0 R6:0 H6:0 H6.6:0 · +1 advisory
        image-attr-aspect ×1
          declared width="1200" height="800" (1.50:1) for a 2400x3600 file (0.67:1) — 125% off, so the box reserved before load is the wrong shape (ceiling 25%)
            article > div.inspire-prose > figure.group.relative.my-6 > img.h-auto.w-auto.max-w-full  ⟨img · not a link · alt="Dulang hantaran berisi buah-buahan — pisang, epal merah dan hijau, anggur ungu, oren dan buah naga — disusun dalam bakul jaring keemasan, dengan bunga tiruan merah dan putih melengkapkan gubahan."⟩
            "1787780661260-images-s-dulang-buah-hantaran-mohd-hasan/high.webp"
[ ok ] /artikel/hantaran-mas-kahwin/berapa-dulang-hantaran-tunang @768 0 violation(s)  empty:0 rail:0 narrow:0 measure:0 clipped:0 over:0 clip:0 upscale:0 aspect:0 attr:1 unmeasurable:0 R2:0 R6:0 H6:0 H6.6:0 · +1 advisory
        image-attr-aspect ×1
          declared width="1200" height="800" (1.50:1) for a 2400x3600 file (0.67:1) — 125% off, so the box reserved before load is the wrong shape (ceiling 25%)
            article > div.inspire-prose > figure.group.relative.my-6 > img.h-auto.w-auto.max-w-full  ⟨img · not a link · alt="Dulang hantaran berisi buah-buahan — pisang, epal merah dan hijau, anggur ungu, oren dan buah naga — disusun dalam bakul jaring keemasan, dengan bunga tiruan merah dan putih melengkapkan gubahan."⟩
            "1787780661260-images-s-dulang-buah-hantaran-mohd-hasan/high.webp"
[ ok ] /artikel/hantaran-mas-kahwin/berapa-dulang-hantaran-tunang @1024 0 violation(s)  empty:0 rail:0 narrow:0 measure:0 clipped:0 over:0 clip:0 upscale:0 aspect:0 attr:1 unmeasurable:0 R2:0 R6:0 H6:0 H6.6:0 · +1 advisory
        image-attr-aspect ×1
          declared width="1200" height="800" (1.50:1) for a 2400x3600 file (0.67:1) — 125% off, so the box reserved before load is the wrong shape (ceiling 25%)
            article > div.inspire-prose > figure.group.relative.my-6 > img.h-auto.w-auto.max-w-full  ⟨img · not a link · alt="Dulang hantaran berisi buah-buahan — pisang, epal merah dan hijau, anggur ungu, oren dan buah naga — disusun dalam bakul jaring keemasan, dengan bunga tiruan merah dan putih melengkapkan gubahan."⟩
            "1787780661260-images-s-dulang-buah-hantaran-mohd-hasan/high.webp"
[ ok ] /artikel/hantaran-mas-kahwin/berapa-dulang-hantaran-tunang @1440 0 violation(s)  empty:0 rail:0 narrow:0 measure:0 clipped:0 over:0 clip:0 upscale:0 aspect:0 attr:1 unmeasurable:0 R2:0 R6:0 H6:0 H6.6:0 · +1 advisory
        image-attr-aspect ×1
          declared width="1200" height="800" (1.50:1) for a 2400x3600 file (0.67:1) — 125% off, so the box reserved before load is the wrong shape (ceiling 25%)
            article > div.inspire-prose > figure.group.relative.my-6 > img.h-auto.w-auto.max-w-full  ⟨img · not a link · alt="Dulang hantaran berisi buah-buahan — pisang, epal merah dan hijau, anggur ungu, oren dan buah naga — disusun dalam bakul jaring keemasan, dengan bunga tiruan merah dan putih melengkapkan gubahan."⟩
            "1787780661260-images-s-dulang-buah-hantaran-mohd-hasan/high.webp"
[ ok ] /artikel/hantaran-mas-kahwin/berapa-dulang-hantaran-tunang @1920 0 violation(s)  empty:0 rail:0 narrow:0 measure:0 clipped:0 over:0 clip:0 upscale:0 aspect:0 attr:1 unmeasurable:0 R2:0 R6:0 H6:0 H6.6:0 · +1 advisory
        image-attr-aspect ×1
          declared width="1200" height="800" (1.50:1) for a 2400x3600 file (0.67:1) — 125% off, so the box reserved before load is the wrong shape (ceiling 25%)
            article > div.inspire-prose > figure.group.relative.my-6 > img.h-auto.w-auto.max-w-full  ⟨img · not a link · alt="Dulang hantaran berisi buah-buahan — pisang, epal merah dan hijau, anggur ungu, oren dan buah naga — disusun dalam bakul jaring keemasan, dengan bunga tiruan merah dan putih melengkapkan gubahan."⟩
            "1787780661260-images-s-dulang-buah-hantaran-mohd-hasan/high.webp"
[ ok ] /artikel/hantaran-mas-kahwin/hantaran-tunang-untuk-perempuan @390 0 violation(s)  empty:0 rail:0 narrow:0 measure:0 clipped:0 over:0 clip:0 upscale:0 aspect:0 attr:0 unmeasurable:0 R2:0 R6:0 H6:0 H6.6:0
[ ok ] /artikel/hantaran-mas-kahwin/hantaran-tunang-untuk-perempuan @768 0 violation(s)  empty:0 rail:0 narrow:0 measure:0 clipped:0 over:0 clip:0 upscale:0 aspect:0 attr:0 unmeasurable:0 R2:0 R6:0 H6:0 H6.6:0
[ ok ] /artikel/hantaran-mas-kahwin/hantaran-tunang-untuk-perempuan @1024 0 violation(s)  empty:0 rail:0 narrow:0 measure:0 clipped:0 over:0 clip:0 upscale:0 aspect:0 attr:0 unmeasurable:0 R2:0 R6:0 H6:0 H6.6:0
[ ok ] /artikel/hantaran-mas-kahwin/hantaran-tunang-untuk-perempuan @1440 0 violation(s)  empty:0 rail:0 narrow:0 measure:0 clipped:0 over:0 clip:0 upscale:0 aspect:0 attr:0 unmeasurable:0 R2:0 R6:0 H6:0 H6.6:0
[ ok ] /artikel/hantaran-mas-kahwin/hantaran-tunang-untuk-perempuan @1920 0 violation(s)  empty:0 rail:0 narrow:0 measure:0 clipped:0 over:0 clip:0 upscale:0 aspect:0 attr:0 unmeasurable:0 R2:0 R6:0 H6:0 H6.6:0
[FAIL] /artikel/hantaran-mas-kahwin/persiapan-hantaran-kahwin @390 22 violation(s)  empty:0 rail:0 narrow:22 measure:0 clipped:0 over:0 clip:0 upscale:0 aspect:0 attr:2 unmeasurable:0 R2:0 R6:0 H6:0 H6.6:0 · +2 advisory
        narrow-text-column ×22
          111.0px column, 2 lines, box 111x58px (floor 120px)
            tbody > tr > th > p  ⟨p · not a link⟩
            "Apa yang disiapkan"
          105.2px column, 3 lines, box 105x87px (floor 120px)
            tbody > tr > th > p  ⟨p · not a link⟩
            "Kenapa pada minggu itu"
          57.8px column, 2 lines, box 58x58px (floor 120px)
            tbody > tr > td > p  ⟨p · not a link⟩
            "8 minggu"
          111.0px column, 6 lines, box 111x174px (floor 120px)
            tbody > tr > td > p  ⟨p · not a link⟩
            "Bilangan dulang dan senarai barang, dipersetujui dua keluarg"
          … and 18 more
        image-attr-aspect ×2
          declared width="1200" height="800" (1.50:1) for a 1527x2264 file (0.67:1) — 122% off, so the box reserved before load is the wrong shape (ceiling 25%)
            article > div.inspire-prose > figure.group.relative.my-6 > img.h-auto.w-auto.max-w-full  ⟨img · not a link · alt="Sebuah dulang kaca berkaki dihias renda kedut putih dan rantai manik emas, membawa sebuah kotak hadiah kecil berbentuk hati."⟩
            "n/1787780683875-images-s-dulang-berkaki-hiasan-farritz/high.webp"
          declared width="1200" height="800" (1.50:1) for a 2400x3600 file (0.67:1) — 125% off, so the box reserved before load is the wrong shape (ceiling 25%)
            article > div.inspire-prose > figure.group.relative.my-6 > img.h-auto.w-auto.max-w-full  ⟨img · not a link · alt="Sebuah dulang hantaran berisi anggur hitam, epal merah, oren dan buah naga, dihias bunga tiruan putih dan renda di atas bingkai kayu."⟩
            "1787780683875-images-s-dulang-buah-hantaran-mohd-hasan/high.webp"
[FAIL] /artikel/hantaran-mas-kahwin/persiapan-hantaran-kahwin @768 6 violation(s)  empty:0 rail:0 narrow:6 measure:0 clipped:0 over:0 clip:0 upscale:0 aspect:0 attr:2 unmeasurable:0 R2:0 R6:0 H6:0 H6.6:0 · +2 advisory
        narrow-text-column ×6
          64.3px column, 2 lines, box 64x60px (floor 120px)
            tbody > tr > td > p  ⟨p · not a link⟩
            "8 minggu"
          64.3px column, 2 lines, box 64x60px (floor 120px)
            tbody > tr > td > p  ⟨p · not a link⟩
            "6 minggu"
          64.3px column, 2 lines, box 64x60px (floor 120px)
            tbody > tr > td > p  ⟨p · not a link⟩
            "5 minggu"
          64.3px column, 2 lines, box 64x60px (floor 120px)
            tbody > tr > td > p  ⟨p · not a link⟩
            "4 minggu"
          … and 2 more
        image-attr-aspect ×2
          declared width="1200" height="800" (1.50:1) for a 1527x2264 file (0.67:1) — 122% off, so the box reserved before load is the wrong shape (ceiling 25%)
            article > div.inspire-prose > figure.group.relative.my-6 > img.h-auto.w-auto.max-w-full  ⟨img · not a link · alt="Sebuah dulang kaca berkaki dihias renda kedut putih dan rantai manik emas, membawa sebuah kotak hadiah kecil berbentuk hati."⟩
            "n/1787780683875-images-s-dulang-berkaki-hiasan-farritz/high.webp"
          declared width="1200" height="800" (1.50:1) for a 2400x3600 file (0.67:1) — 125% off, so the box reserved before load is the wrong shape (ceiling 25%)
            article > div.inspire-prose > figure.group.relative.my-6 > img.h-auto.w-auto.max-w-full  ⟨img · not a link · alt="Sebuah dulang hantaran berisi anggur hitam, epal merah, oren dan buah naga, dihias bunga tiruan putih dan renda di atas bingkai kayu."⟩
            "1787780683875-images-s-dulang-buah-hantaran-mohd-hasan/high.webp"
[FAIL] /artikel/hantaran-mas-kahwin/persiapan-hantaran-kahwin @1024 6 violation(s)  empty:0 rail:0 narrow:6 measure:0 clipped:0 over:0 clip:0 upscale:0 aspect:0 attr:2 unmeasurable:0 R2:0 R6:0 H6:0 H6.6:0 · +2 advisory
        narrow-text-column ×6
          65.4px column, 2 lines, box 65x61px (floor 120px)
            tbody > tr > td > p  ⟨p · not a link⟩
            "8 minggu"
          65.4px column, 2 lines, box 65x61px (floor 120px)
            tbody > tr > td > p  ⟨p · not a link⟩
            "6 minggu"
          65.4px column, 2 lines, box 65x61px (floor 120px)
            tbody > tr > td > p  ⟨p · not a link⟩
            "5 minggu"
          65.4px column, 2 lines, box 65x61px (floor 120px)
            tbody > tr > td > p  ⟨p · not a link⟩
            "4 minggu"
          … and 2 more
        image-attr-aspect ×2
          declared width="1200" height="800" (1.50:1) for a 1527x2264 file (0.67:1) — 122% off, so the box reserved before load is the wrong shape (ceiling 25%)
            article > div.inspire-prose > figure.group.relative.my-6 > img.h-auto.w-auto.max-w-full  ⟨img · not a link · alt="Sebuah dulang kaca berkaki dihias renda kedut putih dan rantai manik emas, membawa sebuah kotak hadiah kecil berbentuk hati."⟩
            "n/1787780683875-images-s-dulang-berkaki-hiasan-farritz/high.webp"
          declared width="1200" height="800" (1.50:1) for a 2400x3600 file (0.67:1) — 125% off, so the box reserved before load is the wrong shape (ceiling 25%)
            article > div.inspire-prose > figure.group.relative.my-6 > img.h-auto.w-auto.max-w-full  ⟨img · not a link · alt="Sebuah dulang hantaran berisi anggur hitam, epal merah, oren dan buah naga, dihias bunga tiruan putih dan renda di atas bingkai kayu."⟩
            "1787780683875-images-s-dulang-buah-hantaran-mohd-hasan/high.webp"
[FAIL] /artikel/hantaran-mas-kahwin/persiapan-hantaran-kahwin @1440 6 violation(s)  empty:0 rail:0 narrow:6 measure:0 clipped:0 over:0 clip:0 upscale:0 aspect:0 attr:2 unmeasurable:0 R2:0 R6:0 H6:0 H6.6:0 · +2 advisory
        narrow-text-column ×6
          65.7px column, 2 lines, box 66x61px (floor 120px)
            tbody > tr > td > p  ⟨p · not a link⟩
            "8 minggu"
          65.7px column, 2 lines, box 66x61px (floor 120px)
            tbody > tr > td > p  ⟨p · not a link⟩
            "6 minggu"
          65.7px column, 2 lines, box 66x61px (floor 120px)
            tbody > tr > td > p  ⟨p · not a link⟩
            "5 minggu"
          65.7px column, 2 lines, box 66x61px (floor 120px)
            tbody > tr > td > p  ⟨p · not a link⟩
            "4 minggu"
          … and 2 more
        image-attr-aspect ×2
          declared width="1200" height="800" (1.50:1) for a 1527x2264 file (0.67:1) — 122% off, so the box reserved before load is the wrong shape (ceiling 25%)
            article > div.inspire-prose > figure.group.relative.my-6 > img.h-auto.w-auto.max-w-full  ⟨img · not a link · alt="Sebuah dulang kaca berkaki dihias renda kedut putih dan rantai manik emas, membawa sebuah kotak hadiah kecil berbentuk hati."⟩
            "n/1787780683875-images-s-dulang-berkaki-hiasan-farritz/high.webp"
          declared width="1200" height="800" (1.50:1) for a 2400x3600 file (0.67:1) — 125% off, so the box reserved before load is the wrong shape (ceiling 25%)
            article > div.inspire-prose > figure.group.relative.my-6 > img.h-auto.w-auto.max-w-full  ⟨img · not a link · alt="Sebuah dulang hantaran berisi anggur hitam, epal merah, oren dan buah naga, dihias bunga tiruan putih dan renda di atas bingkai kayu."⟩
            "1787780683875-images-s-dulang-buah-hantaran-mohd-hasan/high.webp"
[FAIL] /artikel/hantaran-mas-kahwin/persiapan-hantaran-kahwin @1920 6 violation(s)  empty:0 rail:0 narrow:6 measure:0 clipped:0 over:0 clip:0 upscale:0 aspect:0 attr:2 unmeasurable:0 R2:0 R6:0 H6:0 H6.6:0 · +2 advisory
        narrow-text-column ×6
          65.7px column, 2 lines, box 66x61px (floor 120px)
            tbody > tr > td > p  ⟨p · not a link⟩
            "8 minggu"
          65.7px column, 2 lines, box 66x61px (floor 120px)
            tbody > tr > td > p  ⟨p · not a link⟩
            "6 minggu"
          65.7px column, 2 lines, box 66x61px (floor 120px)
            tbody > tr > td > p  ⟨p · not a link⟩
            "5 minggu"
          65.7px column, 2 lines, box 66x61px (floor 120px)
            tbody > tr > td > p  ⟨p · not a link⟩
            "4 minggu"
          … and 2 more
        image-attr-aspect ×2
          declared width="1200" height="800" (1.50:1) for a 1527x2264 file (0.67:1) — 122% off, so the box reserved before load is the wrong shape (ceiling 25%)
            article > div.inspire-prose > figure.group.relative.my-6 > img.h-auto.w-auto.max-w-full  ⟨img · not a link · alt="Sebuah dulang kaca berkaki dihias renda kedut putih dan rantai manik emas, membawa sebuah kotak hadiah kecil berbentuk hati."⟩
            "n/1787780683875-images-s-dulang-berkaki-hiasan-farritz/high.webp"
          declared width="1200" height="800" (1.50:1) for a 2400x3600 file (0.67:1) — 125% off, so the box reserved before load is the wrong shape (ceiling 25%)
            article > div.inspire-prose > figure.group.relative.my-6 > img.h-auto.w-auto.max-w-full  ⟨img · not a link · alt="Sebuah dulang hantaran berisi anggur hitam, epal merah, oren dan buah naga, dihias bunga tiruan putih dan renda di atas bingkai kayu."⟩
            "1787780683875-images-s-dulang-buah-hantaran-mohd-hasan/high.webp"
[ ok ] /artikel/hantaran-mas-kahwin/barang-hantaran-tunang @390 0 violation(s)  empty:0 rail:0 narrow:0 measure:0 clipped:0 over:0 clip:0 upscale:0 aspect:0 attr:0 unmeasurable:0 R2:0 R6:0 H6:0 H6.6:0
[ ok ] /artikel/hantaran-mas-kahwin/barang-hantaran-tunang @768 0 violation(s)  empty:0 rail:0 narrow:0 measure:0 clipped:0 over:0 clip:0 upscale:0 aspect:0 attr:0 unmeasurable:0 R2:0 R6:0 H6:0 H6.6:0
[ ok ] /artikel/hantaran-mas-kahwin/barang-hantaran-tunang @1024 0 violation(s)  empty:0 rail:0 narrow:0 measure:0 clipped:0 over:0 clip:0 upscale:0 aspect:0 attr:0 unmeasurable:0 R2:0 R6:0 H6:0 H6.6:0
[ ok ] /artikel/hantaran-mas-kahwin/barang-hantaran-tunang @1440 0 violation(s)  empty:0 rail:0 narrow:0 measure:0 clipped:0 over:0 clip:0 upscale:0 aspect:0 attr:0 unmeasurable:0 R2:0 R6:0 H6:0 H6.6:0
[ ok ] /artikel/hantaran-mas-kahwin/barang-hantaran-tunang @1920 0 violation(s)  empty:0 rail:0 narrow:0 measure:0 clipped:0 over:0 clip:0 upscale:0 aspect:0 attr:0 unmeasurable:0 R2:0 R6:0 H6:0 H6.6:0
[FAIL] /artikel/hantaran-mas-kahwin/tempat-beli-hantaran @390 29 violation(s)  empty:0 rail:0 narrow:29 measure:0 clipped:0 over:0 clip:0 upscale:0 aspect:0 attr:1 unmeasurable:0 R2:0 R6:0 H6:0 H6.6:0 · +1 advisory
        narrow-text-column ×29
          85.8px column, 2 lines, box 86x58px (floor 120px)
            tbody > tr > th > p  ⟨p · not a link⟩
            "Jenis pembekal"
          74.2px column, 3 lines, box 74x87px (floor 120px)
            tbody > tr > th > p  ⟨p · not a link⟩
            "Apa yang dijual"
          85.0px column, 3 lines, box 85x87px (floor 120px)
            tbody > tr > th > p  ⟨p · not a link⟩
            "Contoh yang disemak"
          83.8px column, 3 lines, box 84x87px (floor 120px)
            tbody > tr > th > p  ⟨p · not a link⟩
            "Julat harga tersiar"
          … and 25 more
        image-attr-aspect ×1
          declared width="1200" height="800" (1.50:1) for a 1527x2264 file (0.67:1) — 122% off, so the box reserved before load is the wrong shape (ceiling 25%)
            article > div.inspire-prose > figure.group.relative.my-6 > img.h-auto.w-auto.max-w-full  ⟨img · not a link · alt="Sebuah dulang kaca berkaki dihias renda kedut putih dan rantai manik emas, membawa sebuah kotak hadiah kecil berbentuk hati."⟩
            "n/1787780709236-images-s-dulang-berkaki-hiasan-farritz/high.webp"
[FAIL] /artikel/hantaran-mas-kahwin/tempat-beli-hantaran @768 15 violation(s)  empty:0 rail:0 narrow:15 measure:0 clipped:0 over:0 clip:0 upscale:0 aspect:0 attr:1 unmeasurable:0 R2:0 R6:0 H6:0 H6.6:0 · +1 advisory
        narrow-text-column ×15
          100.1px column, 2 lines, box 100x60px (floor 120px)
            tbody > tr > th > p  ⟨p · not a link⟩
            "Jenis pembekal"
          107.2px column, 2 lines, box 107x60px (floor 120px)
            tbody > tr > th > p  ⟨p · not a link⟩
            "Julat harga tersiar"
          100.1px column, 3 lines, box 100x90px (floor 120px)
            tbody > tr > td > p  ⟨p · not a link⟩
            "Kedai barang kahwin"
          107.2px column, 3 lines, box 107x90px (floor 120px)
            tbody > tr > td > p  ⟨p · not a link⟩
            "RM1.50 hingga RM250.00"
          … and 11 more
        image-attr-aspect ×1
          declared width="1200" height="800" (1.50:1) for a 1527x2264 file (0.67:1) — 122% off, so the box reserved before load is the wrong shape (ceiling 25%)
            article > div.inspire-prose > figure.group.relative.my-6 > img.h-auto.w-auto.max-w-full  ⟨img · not a link · alt="Sebuah dulang kaca berkaki dihias renda kedut putih dan rantai manik emas, membawa sebuah kotak hadiah kecil berbentuk hati."⟩
            "n/1787780709236-images-s-dulang-berkaki-hiasan-farritz/high.webp"
[FAIL] /artikel/hantaran-mas-kahwin/tempat-beli-hantaran @1024 15 violation(s)  empty:0 rail:0 narrow:15 measure:0 clipped:0 over:0 clip:0 upscale:0 aspect:0 attr:1 unmeasurable:0 R2:0 R6:0 H6:0 H6.6:0 · +1 advisory
        narrow-text-column ×15
          101.3px column, 2 lines, box 101x61px (floor 120px)
            tbody > tr > th > p  ⟨p · not a link⟩
            "Jenis pembekal"
          107.8px column, 2 lines, box 108x61px (floor 120px)
            tbody > tr > th > p  ⟨p · not a link⟩
            "Julat harga tersiar"
          101.3px column, 3 lines, box 101x92px (floor 120px)
            tbody > tr > td > p  ⟨p · not a link⟩
            "Kedai barang kahwin"
          107.8px column, 3 lines, box 108x92px (floor 120px)
            tbody > tr > td > p  ⟨p · not a link⟩
            "RM1.50 hingga RM250.00"
          … and 11 more
        image-attr-aspect ×1
          declared width="1200" height="800" (1.50:1) for a 1527x2264 file (0.67:1) — 122% off, so the box reserved before load is the wrong shape (ceiling 25%)
            article > div.inspire-prose > figure.group.relative.my-6 > img.h-auto.w-auto.max-w-full  ⟨img · not a link · alt="Sebuah dulang kaca berkaki dihias renda kedut putih dan rantai manik emas, membawa sebuah kotak hadiah kecil berbentuk hati."⟩
            "n/1787780709236-images-s-dulang-berkaki-hiasan-farritz/high.webp"
[FAIL] /artikel/hantaran-mas-kahwin/tempat-beli-hantaran @1440 15 violation(s)  empty:0 rail:0 narrow:15 measure:0 clipped:0 over:0 clip:0 upscale:0 aspect:0 attr:1 unmeasurable:0 R2:0 R6:0 H6:0 H6.6:0 · +1 advisory
        narrow-text-column ×15
          102.5px column, 2 lines, box 103x61px (floor 120px)
            tbody > tr > th > p  ⟨p · not a link⟩
            "Jenis pembekal"
          109.9px column, 2 lines, box 110x61px (floor 120px)
            tbody > tr > th > p  ⟨p · not a link⟩
            "Julat harga tersiar"
          102.5px column, 3 lines, box 103x92px (floor 120px)
            tbody > tr > td > p  ⟨p · not a link⟩
            "Kedai barang kahwin"
          109.9px column, 3 lines, box 110x92px (floor 120px)
            tbody > tr > td > p  ⟨p · not a link⟩
            "RM1.50 hingga RM250.00"
          … and 11 more
        image-attr-aspect ×1
          declared width="1200" height="800" (1.50:1) for a 1527x2264 file (0.67:1) — 122% off, so the box reserved before load is the wrong shape (ceiling 25%)
            article > div.inspire-prose > figure.group.relative.my-6 > img.h-auto.w-auto.max-w-full  ⟨img · not a link · alt="Sebuah dulang kaca berkaki dihias renda kedut putih dan rantai manik emas, membawa sebuah kotak hadiah kecil berbentuk hati."⟩
            "n/1787780709236-images-s-dulang-berkaki-hiasan-farritz/high.webp"
[FAIL] /artikel/hantaran-mas-kahwin/tempat-beli-hantaran @1920 15 violation(s)  empty:0 rail:0 narrow:15 measure:0 clipped:0 over:0 clip:0 upscale:0 aspect:0 attr:1 unmeasurable:0 R2:0 R6:0 H6:0 H6.6:0 · +1 advisory
        narrow-text-column ×15
          102.5px column, 2 lines, box 103x61px (floor 120px)
            tbody > tr > th > p  ⟨p · not a link⟩
            "Jenis pembekal"
          109.9px column, 2 lines, box 110x61px (floor 120px)
            tbody > tr > th > p  ⟨p · not a link⟩
            "Julat harga tersiar"
          102.5px column, 3 lines, box 103x92px (floor 120px)
            tbody > tr > td > p  ⟨p · not a link⟩
            "Kedai barang kahwin"
          109.9px column, 3 lines, box 110x92px (floor 120px)
            tbody > tr > td > p  ⟨p · not a link⟩
            "RM1.50 hingga RM250.00"
          … and 11 more
        image-attr-aspect ×1
          declared width="1200" height="800" (1.50:1) for a 1527x2264 file (0.67:1) — 122% off, so the box reserved before load is the wrong shape (ceiling 25%)
            article > div.inspire-prose > figure.group.relative.my-6 > img.h-auto.w-auto.max-w-full  ⟨img · not a link · alt="Sebuah dulang kaca berkaki dihias renda kedut putih dan rantai manik emas, membawa sebuah kotak hadiah kecil berbentuk hati."⟩
            "n/1787780709236-images-s-dulang-berkaki-hiasan-farritz/high.webp"
[FAIL] /artikel/pelamin-kad-cenderahati/bunga-telur @390 29 violation(s)  empty:0 rail:0 narrow:29 measure:0 clipped:0 over:0 clip:0 upscale:0 aspect:0 attr:0 unmeasurable:0 R2:0 R6:0 H6:0 H6.6:0
        narrow-text-column ×29
          97.3px column, 2 lines, box 97x58px (floor 120px)
            tbody > tr > th > p  ⟨p · not a link⟩
            "Di mana ia berada"
          58.3px column, 2 lines, box 58x58px (floor 120px)
            tbody > tr > td > p  ⟨p · not a link⟩
            "Bunga telur"
          118.5px column, 5 lines, box 118x145px (floor 120px)
            tbody > tr > td > p  ⟨p · not a link⟩
            "Sekuntum bunga dengan telur atau gula-gula di hujung batang"
          97.3px column, 3 lines, box 97x87px (floor 120px)
            tbody > tr > td > p  ⟨p · not a link⟩
            "Dibawa balik oleh tetamu"
          … and 25 more
[FAIL] /artikel/pelamin-kad-cenderahati/bunga-telur @768 22 violation(s)  empty:0 rail:0 narrow:22 measure:0 clipped:0 over:0 clip:0 upscale:0 aspect:0 attr:0 unmeasurable:0 R2:0 R6:0 H6:0 H6.6:0
        narrow-text-column ×22
          77.3px column, 2 lines, box 77x60px (floor 120px)
            tbody > tr > td > p  ⟨p · not a link⟩
            "Bunga telur"
          77.3px column, 2 lines, box 77x60px (floor 120px)
            tbody > tr > td > p  ⟨p · not a link⟩
            "Bunga pahar"
          77.3px column, 2 lines, box 77x60px (floor 120px)
            tbody > tr > td > p  ⟨p · not a link⟩
            "Bunga rampai"
          84.0px column, 2 lines, box 84x60px (floor 120px)
            tbody > tr > th > p  ⟨p · not a link⟩
            "Apa yang disemak"
          … and 18 more
[FAIL] /artikel/pelamin-kad-cenderahati/bunga-telur @1024 22 violation(s)  empty:0 rail:0 narrow:22 measure:0 clipped:0 over:0 clip:0 upscale:0 aspect:0 attr:0 unmeasurable:0 R2:0 R6:0 H6:0 H6.6:0
        narrow-text-column ×22
          78.0px column, 2 lines, box 78x61px (floor 120px)
            tbody > tr > td > p  ⟨p · not a link⟩
            "Bunga telur"
          78.0px column, 2 lines, box 78x61px (floor 120px)
            tbody > tr > td > p  ⟨p · not a link⟩
            "Bunga pahar"
          78.0px column, 2 lines, box 78x61px (floor 120px)
            tbody > tr > td > p  ⟨p · not a link⟩
            "Bunga rampai"
          82.7px column, 3 lines, box 83x92px (floor 120px)
            tbody > tr > th > p  ⟨p · not a link⟩
            "Apa yang disemak"
          … and 18 more
[FAIL] /artikel/pelamin-kad-cenderahati/bunga-telur @1440 22 violation(s)  empty:0 rail:0 narrow:22 measure:0 clipped:0 over:0 clip:0 upscale:0 aspect:0 attr:0 unmeasurable:0 R2:0 R6:0 H6:0 H6.6:0
        narrow-text-column ×22
          79.1px column, 2 lines, box 79x61px (floor 120px)
            tbody > tr > td > p  ⟨p · not a link⟩
            "Bunga telur"
          79.1px column, 2 lines, box 79x61px (floor 120px)
            tbody > tr > td > p  ⟨p · not a link⟩
            "Bunga pahar"
          79.1px column, 2 lines, box 79x61px (floor 120px)
            tbody > tr > td > p  ⟨p · not a link⟩
            "Bunga rampai"
          86.7px column, 2 lines, box 87x61px (floor 120px)
            tbody > tr > th > p  ⟨p · not a link⟩
            "Apa yang disemak"
          … and 18 more
[FAIL] /artikel/pelamin-kad-cenderahati/bunga-telur @1920 22 violation(s)  empty:0 rail:0 narrow:22 measure:0 clipped:0 over:0 clip:0 upscale:0 aspect:0 attr:0 unmeasurable:0 R2:0 R6:0 H6:0 H6.6:0
        narrow-text-column ×22
          79.1px column, 2 lines, box 79x61px (floor 120px)
            tbody > tr > td > p  ⟨p · not a link⟩
            "Bunga telur"
          79.1px column, 2 lines, box 79x61px (floor 120px)
            tbody > tr > td > p  ⟨p · not a link⟩
            "Bunga pahar"
          79.1px column, 2 lines, box 79x61px (floor 120px)
            tbody > tr > td > p  ⟨p · not a link⟩
            "Bunga rampai"
          86.7px column, 2 lines, box 87x61px (floor 120px)
            tbody > tr > th > p  ⟨p · not a link⟩
            "Apa yang disemak"
          … and 18 more
[FAIL] /artikel/hantaran-mas-kahwin/hantaran-wajib-atau-adat @390 15 violation(s)  empty:0 rail:0 narrow:15 measure:0 clipped:0 over:0 clip:0 upscale:0 aspect:0 attr:2 unmeasurable:0 R2:0 R6:0 H6:0 H6.6:0 · +2 advisory
        narrow-text-column ×15
          72.7px column, 4 lines, box 73x116px (floor 120px)
            tbody > tr > td > p  ⟨p · not a link⟩
            "Dulang hantaran dan isinya"
          84.0px column, 2 lines, box 84x58px (floor 120px)
            tbody > tr > td > p  ⟨p · not a link⟩
            "Adat, hadiah"
          117.3px column, 17 lines, box 117x492px (floor 120px)
            tbody > tr > td > p  ⟨p · not a link⟩
            "Pejabat Mufti Wilayah Persekutuan, Irsyad Hukum Siri ke-794,"
          72.7px column, 2 lines, box 73x58px (floor 120px)
            tbody > tr > td > p  ⟨p · not a link⟩
            "Duit hantaran"
          … and 11 more
        image-attr-aspect ×2
          declared width="1200" height="800" (1.50:1) for a 1536x2048 file (0.75:1) — 100% off, so the box reserved before load is the wrong shape (ceiling 25%)
            article > div.inspire-prose > figure.group.relative.my-6 > img.h-auto.w-auto.max-w-full  ⟨img · not a link · alt="Pengantin lelaki berbaju melayu putih berjabat tangan dengan tok kadi berbaju melayu di dalam masjid, dikelilingi lelaki lain yang duduk bersila di atas permaidani."⟩
            "dat/1787758644455-images-s-akad-ijab-qabul-mylifestory/high.webp"
          declared width="1200" height="800" (1.50:1) for a 2400x3600 file (0.67:1) — 125% off, so the box reserved before load is the wrong shape (ceiling 25%)
            article > div.inspire-prose > figure.group.relative.my-6 > img.h-auto.w-auto.max-w-full  ⟨img · not a link · alt="Sebuah bakul rotan berisi epal merah, oren dan buah naga, dihias bunga tiruan putih dan merah jambu serta daun hijau, diletakkan di atas bingkai kayu bercat putih."⟩
            "1787758644455-images-s-dulang-buah-hantaran-mohd-hasan/high.webp"
[FAIL] /artikel/hantaran-mas-kahwin/hantaran-wajib-atau-adat @768 7 violation(s)  empty:0 rail:0 narrow:6 measure:1 clipped:0 over:0 clip:0 upscale:0 aspect:0 attr:2 unmeasurable:0 R2:0 R6:0 H6:0 H6.6:0 · +2 advisory
        narrow-text-column ×6
          98.0px column, 3 lines, box 98x90px (floor 120px)
            tbody > tr > td > p  ⟨p · not a link⟩
            "Dulang hantaran dan isinya"
          98.0px column, 2 lines, box 98x60px (floor 120px)
            tbody > tr > td > p  ⟨p · not a link⟩
            "Duit hantaran"
          98.0px column, 4 lines, box 98x120px (floor 120px)
            tbody > tr > td > p  ⟨p · not a link⟩
            "Nisbah dulang dan corak "lebih dua""
          98.0px column, 2 lines, box 98x60px (floor 120px)
            tbody > tr > td > p  ⟨p · not a link⟩
            "Bilangan ganjil"
          … and 2 more
        reading-measure ×1
          100.6 characters per line — 704px column at 14.0px (ceiling 75)
            aside.hk-rail > div.hk-rail-block > ul.hk-rail-sources > li  ⟨li · not a link⟩
            "e-musykil 2019. Kajian UiTM 2015 menyatakan "dalam syariat I"
        image-attr-aspect ×2
          declared width="1200" height="800" (1.50:1) for a 1536x2048 file (0.75:1) — 100% off, so the box reserved before load is the wrong shape (ceiling 25%)
            article > div.inspire-prose > figure.group.relative.my-6 > img.h-auto.w-auto.max-w-full  ⟨img · not a link · alt="Pengantin lelaki berbaju melayu putih berjabat tangan dengan tok kadi berbaju melayu di dalam masjid, dikelilingi lelaki lain yang duduk bersila di atas permaidani."⟩
            "dat/1787758644455-images-s-akad-ijab-qabul-mylifestory/high.webp"
          declared width="1200" height="800" (1.50:1) for a 2400x3600 file (0.67:1) — 125% off, so the box reserved before load is the wrong shape (ceiling 25%)
            article > div.inspire-prose > figure.group.relative.my-6 > img.h-auto.w-auto.max-w-full  ⟨img · not a link · alt="Sebuah bakul rotan berisi epal merah, oren dan buah naga, dihias bunga tiruan putih dan merah jambu serta daun hijau, diletakkan di atas bingkai kayu bercat putih."⟩
            "1787758644455-images-s-dulang-buah-hantaran-mohd-hasan/high.webp"
[FAIL] /artikel/hantaran-mas-kahwin/hantaran-wajib-atau-adat @1024 6 violation(s)  empty:0 rail:0 narrow:6 measure:0 clipped:0 over:0 clip:0 upscale:0 aspect:0 attr:2 unmeasurable:0 R2:0 R6:0 H6:0 H6.6:0 · +2 advisory
        narrow-text-column ×6
          98.8px column, 3 lines, box 99x92px (floor 120px)
            tbody > tr > td > p  ⟨p · not a link⟩
            "Dulang hantaran dan isinya"
          98.8px column, 2 lines, box 99x61px (floor 120px)
            tbody > tr > td > p  ⟨p · not a link⟩
            "Duit hantaran"
          98.8px column, 4 lines, box 99x122px (floor 120px)
            tbody > tr > td > p  ⟨p · not a link⟩
            "Nisbah dulang dan corak "lebih dua""
          98.8px column, 2 lines, box 99x61px (floor 120px)
            tbody > tr > td > p  ⟨p · not a link⟩
            "Bilangan ganjil"
          … and 2 more
        image-attr-aspect ×2
          declared width="1200" height="800" (1.50:1) for a 1536x2048 file (0.75:1) — 100% off, so the box reserved before load is the wrong shape (ceiling 25%)
            article > div.inspire-prose > figure.group.relative.my-6 > img.h-auto.w-auto.max-w-full  ⟨img · not a link · alt="Pengantin lelaki berbaju melayu putih berjabat tangan dengan tok kadi berbaju melayu di dalam masjid, dikelilingi lelaki lain yang duduk bersila di atas permaidani."⟩
            "dat/1787758644455-images-s-akad-ijab-qabul-mylifestory/high.webp"
          declared width="1200" height="800" (1.50:1) for a 2400x3600 file (0.67:1) — 125% off, so the box reserved before load is the wrong shape (ceiling 25%)
            article > div.inspire-prose > figure.group.relative.my-6 > img.h-auto.w-auto.max-w-full  ⟨img · not a link · alt="Sebuah bakul rotan berisi epal merah, oren dan buah naga, dihias bunga tiruan putih dan merah jambu serta daun hijau, diletakkan di atas bingkai kayu bercat putih."⟩
            "1787758644455-images-s-dulang-buah-hantaran-mohd-hasan/high.webp"
[FAIL] /artikel/hantaran-mas-kahwin/hantaran-wajib-atau-adat @1440 6 violation(s)  empty:0 rail:0 narrow:6 measure:0 clipped:0 over:0 clip:0 upscale:0 aspect:0 attr:2 unmeasurable:0 R2:0 R6:0 H6:0 H6.6:0 · +2 advisory
        narrow-text-column ×6
          100.3px column, 3 lines, box 100x92px (floor 120px)
            tbody > tr > td > p  ⟨p · not a link⟩
            "Dulang hantaran dan isinya"
          100.3px column, 2 lines, box 100x61px (floor 120px)
            tbody > tr > td > p  ⟨p · not a link⟩
            "Duit hantaran"
          100.3px column, 4 lines, box 100x122px (floor 120px)
            tbody > tr > td > p  ⟨p · not a link⟩
            "Nisbah dulang dan corak "lebih dua""
          100.3px column, 2 lines, box 100x61px (floor 120px)
            tbody > tr > td > p  ⟨p · not a link⟩
            "Bilangan ganjil"
          … and 2 more
        image-attr-aspect ×2
          declared width="1200" height="800" (1.50:1) for a 1536x2048 file (0.75:1) — 100% off, so the box reserved before load is the wrong shape (ceiling 25%)
            article > div.inspire-prose > figure.group.relative.my-6 > img.h-auto.w-auto.max-w-full  ⟨img · not a link · alt="Pengantin lelaki berbaju melayu putih berjabat tangan dengan tok kadi berbaju melayu di dalam masjid, dikelilingi lelaki lain yang duduk bersila di atas permaidani."⟩
            "dat/1787758644455-images-s-akad-ijab-qabul-mylifestory/high.webp"
          declared width="1200" height="800" (1.50:1) for a 2400x3600 file (0.67:1) — 125% off, so the box reserved before load is the wrong shape (ceiling 25%)
            article > div.inspire-prose > figure.group.relative.my-6 > img.h-auto.w-auto.max-w-full  ⟨img · not a link · alt="Sebuah bakul rotan berisi epal merah, oren dan buah naga, dihias bunga tiruan putih dan merah jambu serta daun hijau, diletakkan di atas bingkai kayu bercat putih."⟩
            "1787758644455-images-s-dulang-buah-hantaran-mohd-hasan/high.webp"
[FAIL] /artikel/hantaran-mas-kahwin/hantaran-wajib-atau-adat @1920 6 violation(s)  empty:0 rail:0 narrow:6 measure:0 clipped:0 over:0 clip:0 upscale:0 aspect:0 attr:2 unmeasurable:0 R2:0 R6:0 H6:0 H6.6:0 · +2 advisory
        narrow-text-column ×6
          100.3px column, 3 lines, box 100x92px (floor 120px)
            tbody > tr > td > p  ⟨p · not a link⟩
            "Dulang hantaran dan isinya"
          100.3px column, 2 lines, box 100x61px (floor 120px)
            tbody > tr > td > p  ⟨p · not a link⟩
            "Duit hantaran"
          100.3px column, 4 lines, box 100x122px (floor 120px)
            tbody > tr > td > p  ⟨p · not a link⟩
            "Nisbah dulang dan corak "lebih dua""
          100.3px column, 2 lines, box 100x61px (floor 120px)
            tbody > tr > td > p  ⟨p · not a link⟩
            "Bilangan ganjil"
          … and 2 more
        image-attr-aspect ×2
          declared width="1200" height="800" (1.50:1) for a 1536x2048 file (0.75:1) — 100% off, so the box reserved before load is the wrong shape (ceiling 25%)
            article > div.inspire-prose > figure.group.relative.my-6 > img.h-auto.w-auto.max-w-full  ⟨img · not a link · alt="Pengantin lelaki berbaju melayu putih berjabat tangan dengan tok kadi berbaju melayu di dalam masjid, dikelilingi lelaki lain yang duduk bersila di atas permaidani."⟩
            "dat/1787758644455-images-s-akad-ijab-qabul-mylifestory/high.webp"
          declared width="1200" height="800" (1.50:1) for a 2400x3600 file (0.67:1) — 125% off, so the box reserved before load is the wrong shape (ceiling 25%)
            article > div.inspire-prose > figure.group.relative.my-6 > img.h-auto.w-auto.max-w-full  ⟨img · not a link · alt="Sebuah bakul rotan berisi epal merah, oren dan buah naga, dihias bunga tiruan putih dan merah jambu serta daun hijau, diletakkan di atas bingkai kayu bercat putih."⟩
            "1787758644455-images-s-dulang-buah-hantaran-mohd-hasan/high.webp"
[FAIL] /artikel/hantaran-mas-kahwin/sirih-junjung @390 11 violation(s)  empty:0 rail:0 narrow:11 measure:0 clipped:0 over:0 clip:0 upscale:0 aspect:0 attr:1 unmeasurable:0 R2:0 R6:0 H6:0 H6.6:0 · +1 advisory
        narrow-text-column ×11
          81.6px column, 2 lines, box 82x58px (floor 120px)
            tbody > tr > th > p  ⟨p · not a link⟩
            "Apa yang disemak"
          86.5px column, 5 lines, box 87x145px (floor 120px)
            tbody > tr > td > p  ⟨p · not a link⟩
            "KYK Sayang, milik GK Marvellous Sdn Bhd"
          81.6px column, 2 lines, box 82x116px (floor 120px)
            tbody > tr > td > p  ⟨p · not a link⟩
            "Sirih Junjung"
          81.6px column, 2 lines, box 82x116px (floor 120px)
            tbody > tr > td > p  ⟨p · not a link⟩
            ", 15 produk"
          … and 7 more
        image-attr-aspect ×1
          declared width="1200" height="800" (1.50:1) for a 1536x2048 file (0.75:1) — 100% off, so the box reserved before load is the wrong shape (ceiling 25%)
            article > div.inspire-prose > figure.group.relative.my-6 > img.h-auto.w-auto.max-w-full  ⟨img · not a link · alt="Sirih junjung daun segar berbentuk menara, dihias bunga lily putih, carnation putih dan bunga kering perang, dengan dua ekor burung hiasan kecil bersayap biru dicucuk pada bahagian atas."⟩
            "jung/1787680524028-images-s-sirih-junjung-salwa-hamzah/high.webp"
[FAIL] /artikel/hantaran-mas-kahwin/sirih-junjung @768 7 violation(s)  empty:0 rail:0 narrow:7 measure:0 clipped:0 over:0 clip:0 upscale:0 aspect:0 attr:1 unmeasurable:0 R2:0 R6:0 H6:0 H6.6:0 · +1 advisory
        narrow-text-column ×7
          110.8px column, 2 lines, box 111x60px (floor 120px)
            tbody > tr > th > p  ⟨p · not a link⟩
            "Apa yang disemak"
          110.8px column, 2 lines, box 111x90px (floor 120px)
            tbody > tr > td > p  ⟨p · not a link⟩
            "Sirih Junjung"
          110.8px column, 2 lines, box 111x90px (floor 120px)
            tbody > tr > td > p  ⟨p · not a link⟩
            ", 15 produk"
          86.9px column, 3 lines, box 87x90px (floor 120px)
            tbody > tr > td > p  ⟨p · not a link⟩
            "RM23.50 – RM50.00"
          … and 3 more
        image-attr-aspect ×1
          declared width="1200" height="800" (1.50:1) for a 1536x2048 file (0.75:1) — 100% off, so the box reserved before load is the wrong shape (ceiling 25%)
            article > div.inspire-prose > figure.group.relative.my-6 > img.h-auto.w-auto.max-w-full  ⟨img · not a link · alt="Sirih junjung daun segar berbentuk menara, dihias bunga lily putih, carnation putih dan bunga kering perang, dengan dua ekor burung hiasan kecil bersayap biru dicucuk pada bahagian atas."⟩
            "jung/1787680524028-images-s-sirih-junjung-salwa-hamzah/high.webp"
[FAIL] /artikel/hantaran-mas-kahwin/sirih-junjung @1024 7 violation(s)  empty:0 rail:0 narrow:7 measure:0 clipped:0 over:0 clip:0 upscale:0 aspect:0 attr:1 unmeasurable:0 R2:0 R6:0 H6:0 H6.6:0 · +1 advisory
        narrow-text-column ×7
          110.9px column, 2 lines, box 111x61px (floor 120px)
            tbody > tr > th > p  ⟨p · not a link⟩
            "Apa yang disemak"
          110.9px column, 2 lines, box 111x92px (floor 120px)
            tbody > tr > td > p  ⟨p · not a link⟩
            "Sirih Junjung"
          110.9px column, 2 lines, box 111x92px (floor 120px)
            tbody > tr > td > p  ⟨p · not a link⟩
            ", 15 produk"
          87.7px column, 3 lines, box 88x92px (floor 120px)
            tbody > tr > td > p  ⟨p · not a link⟩
            "RM23.50 – RM50.00"
          … and 3 more
        image-attr-aspect ×1
          declared width="1200" height="800" (1.50:1) for a 1536x2048 file (0.75:1) — 100% off, so the box reserved before load is the wrong shape (ceiling 25%)
            article > div.inspire-prose > figure.group.relative.my-6 > img.h-auto.w-auto.max-w-full  ⟨img · not a link · alt="Sirih junjung daun segar berbentuk menara, dihias bunga lily putih, carnation putih dan bunga kering perang, dengan dua ekor burung hiasan kecil bersayap biru dicucuk pada bahagian atas."⟩
            "jung/1787680524028-images-s-sirih-junjung-salwa-hamzah/high.webp"
[FAIL] /artikel/hantaran-mas-kahwin/sirih-junjung @1440 7 violation(s)  empty:0 rail:0 narrow:7 measure:0 clipped:0 over:0 clip:0 upscale:0 aspect:0 attr:1 unmeasurable:0 R2:0 R6:0 H6:0 H6.6:0 · +1 advisory
        narrow-text-column ×7
          113.6px column, 2 lines, box 114x61px (floor 120px)
            tbody > tr > th > p  ⟨p · not a link⟩
            "Apa yang disemak"
          113.6px column, 2 lines, box 114x92px (floor 120px)
            tbody > tr > td > p  ⟨p · not a link⟩
            "Sirih Junjung"
          113.6px column, 2 lines, box 114x92px (floor 120px)
            tbody > tr > td > p  ⟨p · not a link⟩
            ", 15 produk"
          89.0px column, 3 lines, box 89x92px (floor 120px)
            tbody > tr > td > p  ⟨p · not a link⟩
            "RM23.50 – RM50.00"
          … and 3 more
        image-attr-aspect ×1
          declared width="1200" height="800" (1.50:1) for a 1536x2048 file (0.75:1) — 100% off, so the box reserved before load is the wrong shape (ceiling 25%)
            article > div.inspire-prose > figure.group.relative.my-6 > img.h-auto.w-auto.max-w-full  ⟨img · not a link · alt="Sirih junjung daun segar berbentuk menara, dihias bunga lily putih, carnation putih dan bunga kering perang, dengan dua ekor burung hiasan kecil bersayap biru dicucuk pada bahagian atas."⟩
            "jung/1787680524028-images-s-sirih-junjung-salwa-hamzah/high.webp"
[FAIL] /artikel/hantaran-mas-kahwin/sirih-junjung @1920 7 violation(s)  empty:0 rail:0 narrow:7 measure:0 clipped:0 over:0 clip:0 upscale:0 aspect:0 attr:1 unmeasurable:0 R2:0 R6:0 H6:0 H6.6:0 · +1 advisory
        narrow-text-column ×7
          113.6px column, 2 lines, box 114x61px (floor 120px)
            tbody > tr > th > p  ⟨p · not a link⟩
            "Apa yang disemak"
          113.6px column, 2 lines, box 114x92px (floor 120px)
            tbody > tr > td > p  ⟨p · not a link⟩
            "Sirih Junjung"
          113.6px column, 2 lines, box 114x92px (floor 120px)
            tbody > tr > td > p  ⟨p · not a link⟩
            ", 15 produk"
          89.0px column, 3 lines, box 89x92px (floor 120px)
            tbody > tr > td > p  ⟨p · not a link⟩
            "RM23.50 – RM50.00"
          … and 3 more
        image-attr-aspect ×1
          declared width="1200" height="800" (1.50:1) for a 1536x2048 file (0.75:1) — 100% off, so the box reserved before load is the wrong shape (ceiling 25%)
            article > div.inspire-prose > figure.group.relative.my-6 > img.h-auto.w-auto.max-w-full  ⟨img · not a link · alt="Sirih junjung daun segar berbentuk menara, dihias bunga lily putih, carnation putih dan bunga kering perang, dengan dua ekor burung hiasan kecil bersayap biru dicucuk pada bahagian atas."⟩
            "jung/1787680524028-images-s-sirih-junjung-salwa-hamzah/high.webp"
[FAIL] /artikel/pelamin-kad-cenderahati/contoh-kad-jemputan-kahwin @390 5 violation(s)  empty:0 rail:0 narrow:5 measure:0 clipped:0 over:0 clip:0 upscale:0 aspect:0 attr:1 unmeasurable:0 R2:0 R6:0 H6:0 H6.6:0 · +1 advisory
        narrow-text-column ×5
          76.5px column, 2 lines, box 77x58px (floor 120px)
            tbody > tr > td > p  ⟨p · not a link⟩
            "Kuantiti minimum"
          74.8px column, 2 lines, box 75x58px (floor 120px)
            tbody > tr > td > p  ⟨p · not a link⟩
            "100 keping"
          76.5px column, 2 lines, box 77x58px (floor 120px)
            tbody > tr > td > p  ⟨p · not a link⟩
            "Tempoh siap"
          74.8px column, 3 lines, box 75x87px (floor 120px)
            tbody > tr > td > p  ⟨p · not a link⟩
            "5 hingga 7 hari bekerja"
          … and 1 more
        image-attr-aspect ×1
          declared width="1200" height="800" (1.50:1) for a 771x1024 file (0.75:1) — 99% off, so the box reserved before load is the wrong shape (ceiling 25%)
            article > div.inspire-prose > figure.group.relative.my-6 > img.h-auto.w-auto.max-w-full  ⟨img · not a link · alt="Sekeping kad jemputan kahwin dipegang di tangan. Kad itu bertajuk Walimatul Urus dalam tulisan berbunga, dengan gambar pasangan berdiri di atas batas sawah, nama kedua-dua pengantin, dua tarikh Masihi berserta tarikh Hijrah masing-masing, dan satu doa panjang di bahagian bawah."⟩
            "/1787707535571-images-s-kad-jemputan-tangan-sham-hardy/high.webp"
[FAIL] /artikel/pelamin-kad-cenderahati/contoh-kad-jemputan-kahwin @768 1 violation(s)  empty:0 rail:0 narrow:1 measure:0 clipped:0 over:0 clip:0 upscale:0 aspect:0 attr:1 unmeasurable:0 R2:0 R6:0 H6:0 H6.6:0 · +1 advisory
        narrow-text-column ×1
          109.8px column, 2 lines, box 110x60px (floor 120px)
            tbody > tr > td > p  ⟨p · not a link⟩
            "Kuantiti minimum"
        image-attr-aspect ×1
          declared width="1200" height="800" (1.50:1) for a 771x1024 file (0.75:1) — 99% off, so the box reserved before load is the wrong shape (ceiling 25%)
            article > div.inspire-prose > figure.group.relative.my-6 > img.h-auto.w-auto.max-w-full  ⟨img · not a link · alt="Sekeping kad jemputan kahwin dipegang di tangan. Kad itu bertajuk Walimatul Urus dalam tulisan berbunga, dengan gambar pasangan berdiri di atas batas sawah, nama kedua-dua pengantin, dua tarikh Masihi berserta tarikh Hijrah masing-masing, dan satu doa panjang di bahagian bawah."⟩
            "/1787707535571-images-s-kad-jemputan-tangan-sham-hardy/high.webp"
[FAIL] /artikel/pelamin-kad-cenderahati/contoh-kad-jemputan-kahwin @1024 1 violation(s)  empty:0 rail:0 narrow:1 measure:0 clipped:0 over:0 clip:0 upscale:0 aspect:0 attr:1 unmeasurable:0 R2:0 R6:0 H6:0 H6.6:0 · +1 advisory
        narrow-text-column ×1
          110.5px column, 2 lines, box 110x61px (floor 120px)
            tbody > tr > td > p  ⟨p · not a link⟩
            "Kuantiti minimum"
        image-attr-aspect ×1
          declared width="1200" height="800" (1.50:1) for a 771x1024 file (0.75:1) — 99% off, so the box reserved before load is the wrong shape (ceiling 25%)
            article > div.inspire-prose > figure.group.relative.my-6 > img.h-auto.w-auto.max-w-full  ⟨img · not a link · alt="Sekeping kad jemputan kahwin dipegang di tangan. Kad itu bertajuk Walimatul Urus dalam tulisan berbunga, dengan gambar pasangan berdiri di atas batas sawah, nama kedua-dua pengantin, dua tarikh Masihi berserta tarikh Hijrah masing-masing, dan satu doa panjang di bahagian bawah."⟩
            "/1787707535571-images-s-kad-jemputan-tangan-sham-hardy/high.webp"
[FAIL] /artikel/pelamin-kad-cenderahati/contoh-kad-jemputan-kahwin @1440 1 violation(s)  empty:0 rail:0 narrow:1 measure:0 clipped:0 over:0 clip:0 upscale:0 aspect:0 attr:1 unmeasurable:0 R2:0 R6:0 H6:0 H6.6:0 · +1 advisory
        narrow-text-column ×1
          112.5px column, 2 lines, box 112x61px (floor 120px)
            tbody > tr > td > p  ⟨p · not a link⟩
            "Kuantiti minimum"
        image-attr-aspect ×1
          declared width="1200" height="800" (1.50:1) for a 771x1024 file (0.75:1) — 99% off, so the box reserved before load is the wrong shape (ceiling 25%)
            article > div.inspire-prose > figure.group.relative.my-6 > img.h-auto.w-auto.max-w-full  ⟨img · not a link · alt="Sekeping kad jemputan kahwin dipegang di tangan. Kad itu bertajuk Walimatul Urus dalam tulisan berbunga, dengan gambar pasangan berdiri di atas batas sawah, nama kedua-dua pengantin, dua tarikh Masihi berserta tarikh Hijrah masing-masing, dan satu doa panjang di bahagian bawah."⟩
            "/1787707535571-images-s-kad-jemputan-tangan-sham-hardy/high.webp"
[FAIL] /artikel/pelamin-kad-cenderahati/contoh-kad-jemputan-kahwin @1920 1 violation(s)  empty:0 rail:0 narrow:1 measure:0 clipped:0 over:0 clip:0 upscale:0 aspect:0 attr:1 unmeasurable:0 R2:0 R6:0 H6:0 H6.6:0 · +1 advisory
        narrow-text-column ×1
          112.5px column, 2 lines, box 112x61px (floor 120px)
            tbody > tr > td > p  ⟨p · not a link⟩
            "Kuantiti minimum"
        image-attr-aspect ×1
          declared width="1200" height="800" (1.50:1) for a 771x1024 file (0.75:1) — 99% off, so the box reserved before load is the wrong shape (ceiling 25%)
            article > div.inspire-prose > figure.group.relative.my-6 > img.h-auto.w-auto.max-w-full  ⟨img · not a link · alt="Sekeping kad jemputan kahwin dipegang di tangan. Kad itu bertajuk Walimatul Urus dalam tulisan berbunga, dengan gambar pasangan berdiri di atas batas sawah, nama kedua-dua pengantin, dua tarikh Masihi berserta tarikh Hijrah masing-masing, dan satu doa panjang di bahagian bawah."⟩
            "/1787707535571-images-s-kad-jemputan-tangan-sham-hardy/high.webp"
[FAIL] /artikel/sebelum-nikah/cincin-tunang @390      4 violation(s)  empty:0 rail:0 narrow:4 measure:0 clipped:0 over:0 clip:0 upscale:0 aspect:0 attr:2 unmeasurable:0 R2:0 R6:0 H6:0 H6.6:0 · +2 advisory
        narrow-text-column ×4
          88.3px column, 2 lines, box 88x58px (floor 120px)
            tbody > tr > th > p  ⟨p · not a link⟩
            "Hukum atau adat"
          88.3px column, 2 lines, box 88x58px (floor 120px)
            tbody > tr > td > p  ⟨p · not a link⟩
            "Bukan syarat"
          88.3px column, 2 lines, box 88x58px (floor 120px)
            tbody > tr > td > p  ⟨p · not a link⟩
            "Ada hukumnya"
          88.3px column, 4 lines, box 88x116px (floor 120px)
            tbody > tr > td > p  ⟨p · not a link⟩
            "Ada peruntukan undang-undang"
        image-attr-aspect ×2
          declared width="1200" height="800" (1.50:1) for a 2400x3600 file (0.67:1) — 125% off, so the box reserved before load is the wrong shape (ceiling 25%)
            article > div.inspire-prose > figure.group.relative.my-6 > img.h-auto.w-auto.max-w-full  ⟨img · not a link · alt="Cincin emas bermata putih di dalam kotak baldu hijau berbentuk hati yang terbuka, diletakkan di atas dulang hantaran bersulam manik emas dan renda mutiara. Sebuah kotak merah jambu berisi barang kemas kelihatan kabur di sudut bawah."⟩
            "1787707557892-images-s-cincin-tunang-dulang-mohd-nasir/high.webp"
          declared width="1200" height="800" (1.50:1) for a 1975x2633 file (0.75:1) — 100% off, so the box reserved before load is the wrong shape (ceiling 25%)
            article > div.inspire-prose > figure.group.relative.my-6 > img.h-auto.w-auto.max-w-full  ⟨img · not a link · alt="Muka hadapan rumah kedai lama bercat merah jambu dengan angka 1951 dan aksara Cina timbul di kemuncaknya. Papan tanda merah di bawahnya bertulis “Kedai Emas” dan “Mei Yuan”, dan dua bendera Johor berjalur biru dan merah digantung di muka kedai."⟩
            "787707557892-images-s-kedai-emas-johor-bahru-chongkian/high.webp"
[FAIL] /artikel/sebelum-nikah/cincin-tunang @768      3 violation(s)  empty:0 rail:0 narrow:3 measure:0 clipped:0 over:0 clip:0 upscale:0 aspect:0 attr:2 unmeasurable:0 R2:0 R6:0 H6:0 H6.6:0 · +2 advisory
        narrow-text-column ×3
          114.7px column, 2 lines, box 115x60px (floor 120px)
            tbody > tr > th > p  ⟨p · not a link⟩
            "Hukum atau adat"
          114.7px column, 2 lines, box 115x60px (floor 120px)
            tbody > tr > td > p  ⟨p · not a link⟩
            "Ada hukumnya"
          114.7px column, 4 lines, box 115x120px (floor 120px)
            tbody > tr > td > p  ⟨p · not a link⟩
            "Ada peruntukan undang-undang"
        image-attr-aspect ×2
          declared width="1200" height="800" (1.50:1) for a 2400x3600 file (0.67:1) — 125% off, so the box reserved before load is the wrong shape (ceiling 25%)
            article > div.inspire-prose > figure.group.relative.my-6 > img.h-auto.w-auto.max-w-full  ⟨img · not a link · alt="Cincin emas bermata putih di dalam kotak baldu hijau berbentuk hati yang terbuka, diletakkan di atas dulang hantaran bersulam manik emas dan renda mutiara. Sebuah kotak merah jambu berisi barang kemas kelihatan kabur di sudut bawah."⟩
            "1787707557892-images-s-cincin-tunang-dulang-mohd-nasir/high.webp"
          declared width="1200" height="800" (1.50:1) for a 1975x2633 file (0.75:1) — 100% off, so the box reserved before load is the wrong shape (ceiling 25%)
            article > div.inspire-prose > figure.group.relative.my-6 > img.h-auto.w-auto.max-w-full  ⟨img · not a link · alt="Muka hadapan rumah kedai lama bercat merah jambu dengan angka 1951 dan aksara Cina timbul di kemuncaknya. Papan tanda merah di bawahnya bertulis “Kedai Emas” dan “Mei Yuan”, dan dua bendera Johor berjalur biru dan merah digantung di muka kedai."⟩
            "787707557892-images-s-kedai-emas-johor-bahru-chongkian/high.webp"
[FAIL] /artikel/sebelum-nikah/cincin-tunang @1024     4 violation(s)  empty:0 rail:0 narrow:3 measure:0 clipped:0 over:1 clip:0 upscale:0 aspect:0 attr:2 unmeasurable:0 R2:0 R6:0 H6:0 H6.6:0 · +2 advisory
        narrow-text-column ×3
          115.0px column, 2 lines, box 115x61px (floor 120px)
            tbody > tr > th > p  ⟨p · not a link⟩
            "Hukum atau adat"
          115.0px column, 2 lines, box 115x61px (floor 120px)
            tbody > tr > td > p  ⟨p · not a link⟩
            "Ada hukumnya"
          115.0px column, 4 lines, box 115x122px (floor 120px)
            tbody > tr > td > p  ⟨p · not a link⟩
            "Ada peruntukan undang-undang"
        viewport-overflow ×1
          right edge 1045.0px in a 1024px viewport (element 279.0px wide, 21.0px past)
            div.s-rekod > div > div.s-frow > span.s-val  ⟨span · not a link⟩
            "Sebelum Nikah: Jodoh, Merisik & Tunang"
        image-attr-aspect ×2
          declared width="1200" height="800" (1.50:1) for a 2400x3600 file (0.67:1) — 125% off, so the box reserved before load is the wrong shape (ceiling 25%)
            article > div.inspire-prose > figure.group.relative.my-6 > img.h-auto.w-auto.max-w-full  ⟨img · not a link · alt="Cincin emas bermata putih di dalam kotak baldu hijau berbentuk hati yang terbuka, diletakkan di atas dulang hantaran bersulam manik emas dan renda mutiara. Sebuah kotak merah jambu berisi barang kemas kelihatan kabur di sudut bawah."⟩
            "1787707557892-images-s-cincin-tunang-dulang-mohd-nasir/high.webp"
          declared width="1200" height="800" (1.50:1) for a 1975x2633 file (0.75:1) — 100% off, so the box reserved before load is the wrong shape (ceiling 25%)
            article > div.inspire-prose > figure.group.relative.my-6 > img.h-auto.w-auto.max-w-full  ⟨img · not a link · alt="Muka hadapan rumah kedai lama bercat merah jambu dengan angka 1951 dan aksara Cina timbul di kemuncaknya. Papan tanda merah di bawahnya bertulis “Kedai Emas” dan “Mei Yuan”, dan dua bendera Johor berjalur biru dan merah digantung di muka kedai."⟩
            "787707557892-images-s-kedai-emas-johor-bahru-chongkian/high.webp"
[FAIL] /artikel/sebelum-nikah/cincin-tunang @1440     3 violation(s)  empty:0 rail:0 narrow:3 measure:0 clipped:0 over:0 clip:0 upscale:0 aspect:0 attr:2 unmeasurable:0 R2:0 R6:0 H6:0 H6.6:0 · +2 advisory
        narrow-text-column ×3
          117.6px column, 2 lines, box 118x61px (floor 120px)
            tbody > tr > th > p  ⟨p · not a link⟩
            "Hukum atau adat"
          117.6px column, 2 lines, box 118x61px (floor 120px)
            tbody > tr > td > p  ⟨p · not a link⟩
            "Ada hukumnya"
          117.6px column, 4 lines, box 118x122px (floor 120px)
            tbody > tr > td > p  ⟨p · not a link⟩
            "Ada peruntukan undang-undang"
        image-attr-aspect ×2
          declared width="1200" height="800" (1.50:1) for a 2400x3600 file (0.67:1) — 125% off, so the box reserved before load is the wrong shape (ceiling 25%)
            article > div.inspire-prose > figure.group.relative.my-6 > img.h-auto.w-auto.max-w-full  ⟨img · not a link · alt="Cincin emas bermata putih di dalam kotak baldu hijau berbentuk hati yang terbuka, diletakkan di atas dulang hantaran bersulam manik emas dan renda mutiara. Sebuah kotak merah jambu berisi barang kemas kelihatan kabur di sudut bawah."⟩
            "1787707557892-images-s-cincin-tunang-dulang-mohd-nasir/high.webp"
          declared width="1200" height="800" (1.50:1) for a 1975x2633 file (0.75:1) — 100% off, so the box reserved before load is the wrong shape (ceiling 25%)
            article > div.inspire-prose > figure.group.relative.my-6 > img.h-auto.w-auto.max-w-full  ⟨img · not a link · alt="Muka hadapan rumah kedai lama bercat merah jambu dengan angka 1951 dan aksara Cina timbul di kemuncaknya. Papan tanda merah di bawahnya bertulis “Kedai Emas” dan “Mei Yuan”, dan dua bendera Johor berjalur biru dan merah digantung di muka kedai."⟩
            "787707557892-images-s-kedai-emas-johor-bahru-chongkian/high.webp"
[FAIL] /artikel/sebelum-nikah/cincin-tunang @1920     3 violation(s)  empty:0 rail:0 narrow:3 measure:0 clipped:0 over:0 clip:0 upscale:0 aspect:0 attr:2 unmeasurable:0 R2:0 R6:0 H6:0 H6.6:0 · +2 advisory
        narrow-text-column ×3
          117.6px column, 2 lines, box 118x61px (floor 120px)
            tbody > tr > th > p  ⟨p · not a link⟩
            "Hukum atau adat"
          117.6px column, 2 lines, box 118x61px (floor 120px)
            tbody > tr > td > p  ⟨p · not a link⟩
            "Ada hukumnya"
          117.6px column, 4 lines, box 118x122px (floor 120px)
            tbody > tr > td > p  ⟨p · not a link⟩
            "Ada peruntukan undang-undang"
        image-attr-aspect ×2
          declared width="1200" height="800" (1.50:1) for a 2400x3600 file (0.67:1) — 125% off, so the box reserved before load is the wrong shape (ceiling 25%)
            article > div.inspire-prose > figure.group.relative.my-6 > img.h-auto.w-auto.max-w-full  ⟨img · not a link · alt="Cincin emas bermata putih di dalam kotak baldu hijau berbentuk hati yang terbuka, diletakkan di atas dulang hantaran bersulam manik emas dan renda mutiara. Sebuah kotak merah jambu berisi barang kemas kelihatan kabur di sudut bawah."⟩
            "1787707557892-images-s-cincin-tunang-dulang-mohd-nasir/high.webp"
          declared width="1200" height="800" (1.50:1) for a 1975x2633 file (0.75:1) — 100% off, so the box reserved before load is the wrong shape (ceiling 25%)
            article > div.inspire-prose > figure.group.relative.my-6 > img.h-auto.w-auto.max-w-full  ⟨img · not a link · alt="Muka hadapan rumah kedai lama bercat merah jambu dengan angka 1951 dan aksara Cina timbul di kemuncaknya. Papan tanda merah di bawahnya bertulis “Kedai Emas” dan “Mei Yuan”, dan dua bendera Johor berjalur biru dan merah digantung di muka kedai."⟩
            "787707557892-images-s-kedai-emas-johor-bahru-chongkian/high.webp"
[FAIL] /artikel/ucapan-doa/doa-pengantin-baru @390    11 violation(s)  empty:0 rail:0 narrow:11 measure:0 clipped:0 over:0 clip:0 upscale:0 aspect:0 attr:1 unmeasurable:0 R2:0 R6:0 H6:0 H6.6:0 · +1 advisory
        narrow-text-column ×11
          69.5px column, 3 lines, box 70x87px (floor 120px)
            tbody > tr > th > p  ⟨p · not a link⟩
            "Sumber yang disebut"
          103.5px column, 3 lines, box 104x87px (floor 120px)
            tbody > tr > td > p  ⟨p · not a link⟩
            "Mendoakan pengantin selepas akad"
          69.5px column, 6 lines, box 70x174px (floor 120px)
            tbody > tr > td > p  ⟨p · not a link⟩
            "Raudhah al-Talibin, jilid 8 halaman 35"
          103.5px column, 5 lines, box 104x145px (floor 120px)
            tbody > tr > td > p  ⟨p · not a link⟩
            "Meletak tangan di ubun-ubun isteri sambil berdoa"
          … and 7 more
        image-attr-aspect ×1
          declared width="1200" height="800" (1.50:1) for a 2400x3600 file (0.67:1) — 125% off, so the box reserved before load is the wrong shape (ceiling 25%)
            article > div.inspire-prose > figure.group.relative.my-6 > img.h-auto.w-auto.max-w-full  ⟨img · not a link · alt="Seorang qari berserban putih berjalur merah dan berjubah hitam duduk membaca daripada kitab terbuka, dengan mikrofon kepala di pipinya. Beberapa lelaki bersongkok dan berserban duduk membelakangi kamera di hadapannya."⟩
            "7707683563-images-s-majlis-doa-selamat-ahmad-ali-karim/high.webp"
[FAIL] /artikel/ucapan-doa/doa-pengantin-baru @768    1 violation(s)  empty:0 rail:0 narrow:0 measure:1 clipped:0 over:0 clip:0 upscale:0 aspect:0 attr:1 unmeasurable:0 R2:0 R6:0 H6:0 H6.6:0 · +1 advisory
        reading-measure ×1
          100.6 characters per line — 704px column at 14.0px (ceiling 75)
            aside.hk-rail > div.hk-rail-block > ul.hk-rail-sources > li  ⟨li · not a link⟩
            "Sunan Abu Daud hadis 2130, daripada Abu Hurairah RA, dinilai"
        image-attr-aspect ×1
          declared width="1200" height="800" (1.50:1) for a 2400x3600 file (0.67:1) — 125% off, so the box reserved before load is the wrong shape (ceiling 25%)
            article > div.inspire-prose > figure.group.relative.my-6 > img.h-auto.w-auto.max-w-full  ⟨img · not a link · alt="Seorang qari berserban putih berjalur merah dan berjubah hitam duduk membaca daripada kitab terbuka, dengan mikrofon kepala di pipinya. Beberapa lelaki bersongkok dan berserban duduk membelakangi kamera di hadapannya."⟩
            "7707683563-images-s-majlis-doa-selamat-ahmad-ali-karim/high.webp"
[ ok ] /artikel/ucapan-doa/doa-pengantin-baru @1024   0 violation(s)  empty:0 rail:0 narrow:0 measure:0 clipped:0 over:0 clip:0 upscale:0 aspect:0 attr:1 unmeasurable:0 R2:0 R6:0 H6:0 H6.6:0 · +1 advisory
        image-attr-aspect ×1
          declared width="1200" height="800" (1.50:1) for a 2400x3600 file (0.67:1) — 125% off, so the box reserved before load is the wrong shape (ceiling 25%)
            article > div.inspire-prose > figure.group.relative.my-6 > img.h-auto.w-auto.max-w-full  ⟨img · not a link · alt="Seorang qari berserban putih berjalur merah dan berjubah hitam duduk membaca daripada kitab terbuka, dengan mikrofon kepala di pipinya. Beberapa lelaki bersongkok dan berserban duduk membelakangi kamera di hadapannya."⟩
            "7707683563-images-s-majlis-doa-selamat-ahmad-ali-karim/high.webp"
[ ok ] /artikel/ucapan-doa/doa-pengantin-baru @1440   0 violation(s)  empty:0 rail:0 narrow:0 measure:0 clipped:0 over:0 clip:0 upscale:0 aspect:0 attr:1 unmeasurable:0 R2:0 R6:0 H6:0 H6.6:0 · +1 advisory
        image-attr-aspect ×1
          declared width="1200" height="800" (1.50:1) for a 2400x3600 file (0.67:1) — 125% off, so the box reserved before load is the wrong shape (ceiling 25%)
            article > div.inspire-prose > figure.group.relative.my-6 > img.h-auto.w-auto.max-w-full  ⟨img · not a link · alt="Seorang qari berserban putih berjalur merah dan berjubah hitam duduk membaca daripada kitab terbuka, dengan mikrofon kepala di pipinya. Beberapa lelaki bersongkok dan berserban duduk membelakangi kamera di hadapannya."⟩
            "7707683563-images-s-majlis-doa-selamat-ahmad-ali-karim/high.webp"
[ ok ] /artikel/ucapan-doa/doa-pengantin-baru @1920   0 violation(s)  empty:0 rail:0 narrow:0 measure:0 clipped:0 over:0 clip:0 upscale:0 aspect:0 attr:1 unmeasurable:0 R2:0 R6:0 H6:0 H6.6:0 · +1 advisory
        image-attr-aspect ×1
          declared width="1200" height="800" (1.50:1) for a 2400x3600 file (0.67:1) — 125% off, so the box reserved before load is the wrong shape (ceiling 25%)
            article > div.inspire-prose > figure.group.relative.my-6 > img.h-auto.w-auto.max-w-full  ⟨img · not a link · alt="Seorang qari berserban putih berjalur merah dan berjubah hitam duduk membaca daripada kitab terbuka, dengan mikrofon kepala di pipinya. Beberapa lelaki bersongkok dan berserban duduk membelakangi kamera di hadapannya."⟩
            "7707683563-images-s-majlis-doa-selamat-ahmad-ali-karim/high.webp"
[FAIL] /artikel/hantaran-mas-kahwin/apa-itu-mas-kahwin @390 13 violation(s)  empty:0 rail:0 narrow:13 measure:0 clipped:0 over:0 clip:0 upscale:0 aspect:0 attr:1 unmeasurable:0 R2:0 R6:0 H6:0 H6.6:0 · +1 advisory
        narrow-text-column ×13
          90.4px column, 2 lines, box 90x58px (floor 120px)
            tbody > tr > th > p  ⟨p · not a link⟩
            "Mas kahwin"
          90.3px column, 2 lines, box 90x58px (floor 120px)
            tbody > tr > th > p  ⟨p · not a link⟩
            "Duit hantaran"
          94.3px column, 2 lines, box 94x58px (floor 120px)
            tbody > tr > td > p  ⟨p · not a link⟩
            "Wajib atau adat"
          94.3px column, 3 lines, box 94x87px (floor 120px)
            tbody > tr > td > p  ⟨p · not a link⟩
            "Diberi kepada siapa"
          … and 9 more
        image-attr-aspect ×1
          declared width="1200" height="800" (1.50:1) for a 1536x2048 file (0.75:1) — 100% off, so the box reserved before load is the wrong shape (ceiling 25%)
            article > div.inspire-prose > figure.group.relative.my-6 > img.h-auto.w-auto.max-w-full  ⟨img · not a link · alt="Deretan dulang hantaran bersarung kain putih bermanik disusun memanjang di atas permaidani masjid berwarna hijau. Antaranya bantal cincin, kotak baldu biru gelap, kotak bercermin, tali leher, sepasang kasut kulit coklat dan jambangan bunga ros putih."⟩
            "7655885049-images-s-dulang-hantaran-masjid-mylifestory/high.webp"
[FAIL] /artikel/hantaran-mas-kahwin/apa-itu-mas-kahwin @768 10 violation(s)  empty:0 rail:0 narrow:10 measure:0 clipped:0 over:0 clip:0 upscale:0 aspect:0 attr:1 unmeasurable:0 R2:0 R6:0 H6:0 H6.6:0 · +1 advisory
        narrow-text-column ×10
          115.3px column, 2 lines, box 115x60px (floor 120px)
            tbody > tr > th > p  ⟨p · not a link⟩
            "Duit hantaran"
          112.5px column, 2 lines, box 113x60px (floor 120px)
            tbody > tr > td > p  ⟨p · not a link⟩
            "Wajib atau adat"
          112.5px column, 2 lines, box 113x60px (floor 120px)
            tbody > tr > td > p  ⟨p · not a link⟩
            "Diberi kepada siapa"
          108.3px column, 2 lines, box 108x60px (floor 120px)
            tbody > tr > td > p  ⟨p · not a link⟩
            "Keluarga pengantin"
          … and 6 more
        image-attr-aspect ×1
          declared width="1200" height="800" (1.50:1) for a 1536x2048 file (0.75:1) — 100% off, so the box reserved before load is the wrong shape (ceiling 25%)
            article > div.inspire-prose > figure.group.relative.my-6 > img.h-auto.w-auto.max-w-full  ⟨img · not a link · alt="Deretan dulang hantaran bersarung kain putih bermanik disusun memanjang di atas permaidani masjid berwarna hijau. Antaranya bantal cincin, kotak baldu biru gelap, kotak bercermin, tali leher, sepasang kasut kulit coklat dan jambangan bunga ros putih."⟩
            "7655885049-images-s-dulang-hantaran-masjid-mylifestory/high.webp"
[FAIL] /artikel/hantaran-mas-kahwin/apa-itu-mas-kahwin @1024 10 violation(s)  empty:0 rail:0 narrow:10 measure:0 clipped:0 over:0 clip:0 upscale:0 aspect:0 attr:1 unmeasurable:0 R2:0 R6:0 H6:0 H6.6:0 · +1 advisory
        narrow-text-column ×10
          115.3px column, 2 lines, box 115x61px (floor 120px)
            tbody > tr > th > p  ⟨p · not a link⟩
            "Duit hantaran"
          113.2px column, 2 lines, box 113x61px (floor 120px)
            tbody > tr > td > p  ⟨p · not a link⟩
            "Wajib atau adat"
          113.2px column, 2 lines, box 113x61px (floor 120px)
            tbody > tr > td > p  ⟨p · not a link⟩
            "Diberi kepada siapa"
          109.0px column, 2 lines, box 109x61px (floor 120px)
            tbody > tr > td > p  ⟨p · not a link⟩
            "Keluarga pengantin"
          … and 6 more
        image-attr-aspect ×1
          declared width="1200" height="800" (1.50:1) for a 1536x2048 file (0.75:1) — 100% off, so the box reserved before load is the wrong shape (ceiling 25%)
            article > div.inspire-prose > figure.group.relative.my-6 > img.h-auto.w-auto.max-w-full  ⟨img · not a link · alt="Deretan dulang hantaran bersarung kain putih bermanik disusun memanjang di atas permaidani masjid berwarna hijau. Antaranya bantal cincin, kotak baldu biru gelap, kotak bercermin, tali leher, sepasang kasut kulit coklat dan jambangan bunga ros putih."⟩
            "7655885049-images-s-dulang-hantaran-masjid-mylifestory/high.webp"
[FAIL] /artikel/hantaran-mas-kahwin/apa-itu-mas-kahwin @1440 10 violation(s)  empty:0 rail:0 narrow:10 measure:0 clipped:0 over:0 clip:0 upscale:0 aspect:0 attr:1 unmeasurable:0 R2:0 R6:0 H6:0 H6.6:0 · +1 advisory
        narrow-text-column ×10
          118.3px column, 2 lines, box 118x61px (floor 120px)
            tbody > tr > th > p  ⟨p · not a link⟩
            "Duit hantaran"
          115.3px column, 2 lines, box 115x61px (floor 120px)
            tbody > tr > td > p  ⟨p · not a link⟩
            "Wajib atau adat"
          115.3px column, 2 lines, box 115x61px (floor 120px)
            tbody > tr > td > p  ⟨p · not a link⟩
            "Diberi kepada siapa"
          111.0px column, 2 lines, box 111x61px (floor 120px)
            tbody > tr > td > p  ⟨p · not a link⟩
            "Keluarga pengantin"
          … and 6 more
        image-attr-aspect ×1
          declared width="1200" height="800" (1.50:1) for a 1536x2048 file (0.75:1) — 100% off, so the box reserved before load is the wrong shape (ceiling 25%)
            article > div.inspire-prose > figure.group.relative.my-6 > img.h-auto.w-auto.max-w-full  ⟨img · not a link · alt="Deretan dulang hantaran bersarung kain putih bermanik disusun memanjang di atas permaidani masjid berwarna hijau. Antaranya bantal cincin, kotak baldu biru gelap, kotak bercermin, tali leher, sepasang kasut kulit coklat dan jambangan bunga ros putih."⟩
            "7655885049-images-s-dulang-hantaran-masjid-mylifestory/high.webp"
[FAIL] /artikel/hantaran-mas-kahwin/apa-itu-mas-kahwin @1920 10 violation(s)  empty:0 rail:0 narrow:10 measure:0 clipped:0 over:0 clip:0 upscale:0 aspect:0 attr:1 unmeasurable:0 R2:0 R6:0 H6:0 H6.6:0 · +1 advisory
        narrow-text-column ×10
          118.3px column, 2 lines, box 118x61px (floor 120px)
            tbody > tr > th > p  ⟨p · not a link⟩
            "Duit hantaran"
          115.3px column, 2 lines, box 115x61px (floor 120px)
            tbody > tr > td > p  ⟨p · not a link⟩
            "Wajib atau adat"
          115.3px column, 2 lines, box 115x61px (floor 120px)
            tbody > tr > td > p  ⟨p · not a link⟩
            "Diberi kepada siapa"
          111.0px column, 2 lines, box 111x61px (floor 120px)
            tbody > tr > td > p  ⟨p · not a link⟩
            "Keluarga pengantin"
          … and 6 more
        image-attr-aspect ×1
          declared width="1200" height="800" (1.50:1) for a 1536x2048 file (0.75:1) — 100% off, so the box reserved before load is the wrong shape (ceiling 25%)
            article > div.inspire-prose > figure.group.relative.my-6 > img.h-auto.w-auto.max-w-full  ⟨img · not a link · alt="Deretan dulang hantaran bersarung kain putih bermanik disusun memanjang di atas permaidani masjid berwarna hijau. Antaranya bantal cincin, kotak baldu biru gelap, kotak bercermin, tali leher, sepasang kasut kulit coklat dan jambangan bunga ros putih."⟩
            "7655885049-images-s-dulang-hantaran-masjid-mylifestory/high.webp"
[ ok ] /artikel/nikah-undang-undang/rukun-nikah @390  0 violation(s)  empty:0 rail:0 narrow:0 measure:0 clipped:0 over:0 clip:0 upscale:0 aspect:0 attr:2 unmeasurable:0 R2:0 R6:0 H6:0 H6.6:0 · +2 advisory
        image-attr-aspect ×2
          declared width="1200" height="800" (1.50:1) for a 1536x2048 file (0.75:1) — 100% off, so the box reserved before load is the wrong shape (ceiling 25%)
            article > div.inspire-prose > figure.group.relative.my-6 > img.h-auto.w-auto.max-w-full  ⟨img · not a link · alt="Pengantin lelaki berbaju melayu putih dan bersongkok hitam duduk bersila di atas tikar masjid, memegang mikrofon dengan sebelah tangan sementara tangan sebelah lagi berjabat dengan tok kadi yang membelakangi kamera. Beberapa lelaki bersongkok duduk mengapitnya, dan jemaah perempuan berbaju kurung berwarna-warni duduk di dinding belakang."⟩
            "kah/1788203511285-images-s-akad-ijab-qabul-mylifestory/high.webp"
          declared width="1200" height="800" (1.50:1) for a 1536x2048 file (0.75:1) — 100% off, so the box reserved before load is the wrong shape (ceiling 25%)
            article > div.inspire-prose > figure.group.relative.my-6 > img.h-auto.w-auto.max-w-full  ⟨img · not a link · alt="Tiga orang lelaki berumur duduk berbaris di dalam masjid, dilihat dari sisi. Yang paling hadapan berbaju melayu merah jambu dan bersongkok hitam memegang mikrofon; dua lagi di belakangnya berbaju biru muda dan hijau muda, juga bersongkok."⟩
            "1788203511285-images-s-wali-saksi-tok-kadi-mylifestory/high.webp"
[FAIL] /artikel/nikah-undang-undang/rukun-nikah @768  1 violation(s)  empty:0 rail:0 narrow:0 measure:1 clipped:0 over:0 clip:0 upscale:0 aspect:0 attr:2 unmeasurable:0 R2:0 R6:0 H6:0 H6.6:0 · +2 advisory
        reading-measure ×1
          81.3 characters per line — 610px column at 15.0px (ceiling 75)
            div > a.s-row > div > h3.t  ⟨h3 · link → /artikel/nikah-undang-undang/lafaz-akad-nikah⟩
            "Lafaz akad nikah: apa yang disebut, dan satu perkataan yang "
        image-attr-aspect ×2
          declared width="1200" height="800" (1.50:1) for a 1536x2048 file (0.75:1) — 100% off, so the box reserved before load is the wrong shape (ceiling 25%)
            article > div.inspire-prose > figure.group.relative.my-6 > img.h-auto.w-auto.max-w-full  ⟨img · not a link · alt="Pengantin lelaki berbaju melayu putih dan bersongkok hitam duduk bersila di atas tikar masjid, memegang mikrofon dengan sebelah tangan sementara tangan sebelah lagi berjabat dengan tok kadi yang membelakangi kamera. Beberapa lelaki bersongkok duduk mengapitnya, dan jemaah perempuan berbaju kurung berwarna-warni duduk di dinding belakang."⟩
            "kah/1788203511285-images-s-akad-ijab-qabul-mylifestory/high.webp"
          declared width="1200" height="800" (1.50:1) for a 1536x2048 file (0.75:1) — 100% off, so the box reserved before load is the wrong shape (ceiling 25%)
            article > div.inspire-prose > figure.group.relative.my-6 > img.h-auto.w-auto.max-w-full  ⟨img · not a link · alt="Tiga orang lelaki berumur duduk berbaris di dalam masjid, dilihat dari sisi. Yang paling hadapan berbaju melayu merah jambu dan bersongkok hitam memegang mikrofon; dua lagi di belakangnya berbaju biru muda dan hijau muda, juga bersongkok."⟩
            "1788203511285-images-s-wali-saksi-tok-kadi-mylifestory/high.webp"
[ ok ] /artikel/nikah-undang-undang/rukun-nikah @1024 0 violation(s)  empty:0 rail:0 narrow:0 measure:0 clipped:0 over:0 clip:0 upscale:0 aspect:0 attr:2 unmeasurable:0 R2:0 R6:0 H6:0 H6.6:0 · +2 advisory
        image-attr-aspect ×2
          declared width="1200" height="800" (1.50:1) for a 1536x2048 file (0.75:1) — 100% off, so the box reserved before load is the wrong shape (ceiling 25%)
            article > div.inspire-prose > figure.group.relative.my-6 > img.h-auto.w-auto.max-w-full  ⟨img · not a link · alt="Pengantin lelaki berbaju melayu putih dan bersongkok hitam duduk bersila di atas tikar masjid, memegang mikrofon dengan sebelah tangan sementara tangan sebelah lagi berjabat dengan tok kadi yang membelakangi kamera. Beberapa lelaki bersongkok duduk mengapitnya, dan jemaah perempuan berbaju kurung berwarna-warni duduk di dinding belakang."⟩
            "kah/1788203511285-images-s-akad-ijab-qabul-mylifestory/high.webp"
          declared width="1200" height="800" (1.50:1) for a 1536x2048 file (0.75:1) — 100% off, so the box reserved before load is the wrong shape (ceiling 25%)
            article > div.inspire-prose > figure.group.relative.my-6 > img.h-auto.w-auto.max-w-full  ⟨img · not a link · alt="Tiga orang lelaki berumur duduk berbaris di dalam masjid, dilihat dari sisi. Yang paling hadapan berbaju melayu merah jambu dan bersongkok hitam memegang mikrofon; dua lagi di belakangnya berbaju biru muda dan hijau muda, juga bersongkok."⟩
            "1788203511285-images-s-wali-saksi-tok-kadi-mylifestory/high.webp"
[ ok ] /artikel/nikah-undang-undang/rukun-nikah @1440 0 violation(s)  empty:0 rail:0 narrow:0 measure:0 clipped:0 over:0 clip:0 upscale:0 aspect:0 attr:2 unmeasurable:0 R2:0 R6:0 H6:0 H6.6:0 · +2 advisory
        image-attr-aspect ×2
          declared width="1200" height="800" (1.50:1) for a 1536x2048 file (0.75:1) — 100% off, so the box reserved before load is the wrong shape (ceiling 25%)
            article > div.inspire-prose > figure.group.relative.my-6 > img.h-auto.w-auto.max-w-full  ⟨img · not a link · alt="Pengantin lelaki berbaju melayu putih dan bersongkok hitam duduk bersila di atas tikar masjid, memegang mikrofon dengan sebelah tangan sementara tangan sebelah lagi berjabat dengan tok kadi yang membelakangi kamera. Beberapa lelaki bersongkok duduk mengapitnya, dan jemaah perempuan berbaju kurung berwarna-warni duduk di dinding belakang."⟩
            "kah/1788203511285-images-s-akad-ijab-qabul-mylifestory/high.webp"
          declared width="1200" height="800" (1.50:1) for a 1536x2048 file (0.75:1) — 100% off, so the box reserved before load is the wrong shape (ceiling 25%)
            article > div.inspire-prose > figure.group.relative.my-6 > img.h-auto.w-auto.max-w-full  ⟨img · not a link · alt="Tiga orang lelaki berumur duduk berbaris di dalam masjid, dilihat dari sisi. Yang paling hadapan berbaju melayu merah jambu dan bersongkok hitam memegang mikrofon; dua lagi di belakangnya berbaju biru muda dan hijau muda, juga bersongkok."⟩
            "1788203511285-images-s-wali-saksi-tok-kadi-mylifestory/high.webp"
[ ok ] /artikel/nikah-undang-undang/rukun-nikah @1920 0 violation(s)  empty:0 rail:0 narrow:0 measure:0 clipped:0 over:0 clip:0 upscale:0 aspect:0 attr:2 unmeasurable:0 R2:0 R6:0 H6:0 H6.6:0 · +2 advisory
        image-attr-aspect ×2
          declared width="1200" height="800" (1.50:1) for a 1536x2048 file (0.75:1) — 100% off, so the box reserved before load is the wrong shape (ceiling 25%)
            article > div.inspire-prose > figure.group.relative.my-6 > img.h-auto.w-auto.max-w-full  ⟨img · not a link · alt="Pengantin lelaki berbaju melayu putih dan bersongkok hitam duduk bersila di atas tikar masjid, memegang mikrofon dengan sebelah tangan sementara tangan sebelah lagi berjabat dengan tok kadi yang membelakangi kamera. Beberapa lelaki bersongkok duduk mengapitnya, dan jemaah perempuan berbaju kurung berwarna-warni duduk di dinding belakang."⟩
            "kah/1788203511285-images-s-akad-ijab-qabul-mylifestory/high.webp"
          declared width="1200" height="800" (1.50:1) for a 1536x2048 file (0.75:1) — 100% off, so the box reserved before load is the wrong shape (ceiling 25%)
            article > div.inspire-prose > figure.group.relative.my-6 > img.h-auto.w-auto.max-w-full  ⟨img · not a link · alt="Tiga orang lelaki berumur duduk berbaris di dalam masjid, dilihat dari sisi. Yang paling hadapan berbaju melayu merah jambu dan bersongkok hitam memegang mikrofon; dua lagi di belakangnya berbaju biru muda dan hijau muda, juga bersongkok."⟩
            "1788203511285-images-s-wali-saksi-tok-kadi-mylifestory/high.webp"
[ ok ] /artikel/real-wedding/perkahwinan-taman-kebun-yang-minimalis-di-hulu-langat @390 0 violation(s)  empty:0 rail:0 narrow:0 measure:0 clipped:0 over:0 clip:0 upscale:0 aspect:0 attr:8 unmeasurable:0 R2:0 R6:0 H6:0 H6.6:0 · +8 advisory
        image-attr-aspect ×8
          declared width="1200" height="800" (1.50:1) for a 1707x2560 file (0.67:1) — 125% off, so the box reserved before load is the wrong shape (ceiling 25%)
            article > div.inspire-prose > div.group.relative.lg:mx-auto > img.h-auto.w-auto.max-w-full  ⟨img · not a link · alt=null⟩
            "116-RW-AmeirFikriInasKhairulTemaKahwinMelayuKlasik-4-6/high.webp"
          declared width="1200" height="800" (1.50:1) for a 1707x2560 file (0.67:1) — 125% off, so the box reserved before load is the wrong shape (ceiling 25%)
            article > div.inspire-prose > div.group.relative.lg:mx-auto > img.h-auto.w-auto.max-w-full  ⟨img · not a link · alt=null⟩
            "516-RW-AmeirFikriInasKhairulTemaKahwinMelayuKlasik-5-6/high.webp"
          declared width="1200" height="800" (1.50:1) for a 1707x2560 file (0.67:1) — 125% off, so the box reserved before load is the wrong shape (ceiling 25%)
            article > div.inspire-prose > div.group.relative.lg:mx-auto > img.h-auto.w-auto.max-w-full  ⟨img · not a link · alt=null⟩
            "654-RW-AmeirFikriInasKhairulTemaKahwinMelayuKlasik-8-6/high.webp"
          declared width="1200" height="800" (1.50:1) for a 1707x2560 file (0.67:1) — 125% off, so the box reserved before load is the wrong shape (ceiling 25%)
            article > div.inspire-prose > div.group.relative.lg:mx-auto > img.h-auto.w-auto.max-w-full  ⟨img · not a link · alt=null⟩
            "577-RW-AmeirFikriInasKhairulTemaKahwinMelayuKlasik-9-6/high.webp"
          … and 4 more
[FAIL] /artikel/real-wedding/perkahwinan-taman-kebun-yang-minimalis-di-hulu-langat @768 4 violation(s)  empty:0 rail:0 narrow:0 measure:4 clipped:0 over:0 clip:0 upscale:0 aspect:0 attr:8 unmeasurable:0 R2:0 R6:0 H6:0 H6.6:0 · +8 advisory
        reading-measure ×4
          81.3 characters per line — 610px column at 15.0px (ceiling 75)
            div > a.s-row > div > h3.t  ⟨h3 · link → /artikel/real-wedding/yasaka-shrine⟩
            "Perkahwinan Jepun di Yasaka Shrine & Majlis Resepsi Bertemak"
          81.3 characters per line — 610px column at 15.0px (ceiling 75)
            div > a.s-row > div > h3.t  ⟨h3 · link → /artikel/real-wedding/cheong-fatt-tze-mansion⟩
            "Perkahwinan Pelbagai Budaya di Cheong Fatt Tze Mansion, Ikon"
          81.3 characters per line — 610px column at 15.0px (ceiling 75)
            div > a.s-row > div > h3.t  ⟨h3 · link → /artikel/real-wedding/sentosa-janda-baik⟩
            "Majlis Perkahwinan Penuh Nilai Budaya di Sentosa, Janda Baik"
          81.3 characters per line — 610px column at 15.0px (ceiling 75)
            div > a.s-row > div > h3.t  ⟨h3 · link → /artikel/real-wedding/villa-warisan⟩
            "Villa Warisan: Majlis Perkahwinan Tradisional di Lokasi Bern"
        image-attr-aspect ×8
          declared width="1200" height="800" (1.50:1) for a 1707x2560 file (0.67:1) — 125% off, so the box reserved before load is the wrong shape (ceiling 25%)
            article > div.inspire-prose > div.group.relative.lg:mx-auto > img.h-auto.w-auto.max-w-full  ⟨img · not a link · alt=null⟩
            "116-RW-AmeirFikriInasKhairulTemaKahwinMelayuKlasik-4-6/high.webp"
          declared width="1200" height="800" (1.50:1) for a 1707x2560 file (0.67:1) — 125% off, so the box reserved before load is the wrong shape (ceiling 25%)
            article > div.inspire-prose > div.group.relative.lg:mx-auto > img.h-auto.w-auto.max-w-full  ⟨img · not a link · alt=null⟩
            "516-RW-AmeirFikriInasKhairulTemaKahwinMelayuKlasik-5-6/high.webp"
          declared width="1200" height="800" (1.50:1) for a 1707x2560 file (0.67:1) — 125% off, so the box reserved before load is the wrong shape (ceiling 25%)
            article > div.inspire-prose > div.group.relative.lg:mx-auto > img.h-auto.w-auto.max-w-full  ⟨img · not a link · alt=null⟩
            "654-RW-AmeirFikriInasKhairulTemaKahwinMelayuKlasik-8-6/high.webp"
          declared width="1200" height="800" (1.50:1) for a 1707x2560 file (0.67:1) — 125% off, so the box reserved before load is the wrong shape (ceiling 25%)
            article > div.inspire-prose > div.group.relative.lg:mx-auto > img.h-auto.w-auto.max-w-full  ⟨img · not a link · alt=null⟩
            "577-RW-AmeirFikriInasKhairulTemaKahwinMelayuKlasik-9-6/high.webp"
          … and 4 more
[ ok ] /artikel/real-wedding/perkahwinan-taman-kebun-yang-minimalis-di-hulu-langat @1024 0 violation(s)  empty:0 rail:0 narrow:0 measure:0 clipped:0 over:0 clip:0 upscale:0 aspect:0 attr:8 unmeasurable:0 R2:0 R6:0 H6:0 H6.6:0 · +8 advisory
        image-attr-aspect ×8
          declared width="1200" height="800" (1.50:1) for a 1707x2560 file (0.67:1) — 125% off, so the box reserved before load is the wrong shape (ceiling 25%)
            article > div.inspire-prose > div.group.relative.lg:mx-auto > img.h-auto.w-auto.max-w-full  ⟨img · not a link · alt=null⟩
            "116-RW-AmeirFikriInasKhairulTemaKahwinMelayuKlasik-4-6/high.webp"
          declared width="1200" height="800" (1.50:1) for a 1707x2560 file (0.67:1) — 125% off, so the box reserved before load is the wrong shape (ceiling 25%)
            article > div.inspire-prose > div.group.relative.lg:mx-auto > img.h-auto.w-auto.max-w-full  ⟨img · not a link · alt=null⟩
            "516-RW-AmeirFikriInasKhairulTemaKahwinMelayuKlasik-5-6/high.webp"
          declared width="1200" height="800" (1.50:1) for a 1707x2560 file (0.67:1) — 125% off, so the box reserved before load is the wrong shape (ceiling 25%)
            article > div.inspire-prose > div.group.relative.lg:mx-auto > img.h-auto.w-auto.max-w-full  ⟨img · not a link · alt=null⟩
            "654-RW-AmeirFikriInasKhairulTemaKahwinMelayuKlasik-8-6/high.webp"
          declared width="1200" height="800" (1.50:1) for a 1707x2560 file (0.67:1) — 125% off, so the box reserved before load is the wrong shape (ceiling 25%)
            article > div.inspire-prose > div.group.relative.lg:mx-auto > img.h-auto.w-auto.max-w-full  ⟨img · not a link · alt=null⟩
            "577-RW-AmeirFikriInasKhairulTemaKahwinMelayuKlasik-9-6/high.webp"
          … and 4 more
[FAIL] /artikel/real-wedding/perkahwinan-taman-kebun-yang-minimalis-di-hulu-langat @1440 4 violation(s)  empty:0 rail:0 narrow:0 measure:4 clipped:0 over:0 clip:0 upscale:0 aspect:0 attr:8 unmeasurable:0 R2:0 R6:0 H6:0 H6.6:0 · +8 advisory
        reading-measure ×4
          88.0 characters per line — 924px column at 21.0px (ceiling 75)
            div > a.s-row > div > h3.t  ⟨h3 · link → /artikel/real-wedding/yasaka-shrine⟩
            "Perkahwinan Jepun di Yasaka Shrine & Majlis Resepsi Bertemak"
          88.0 characters per line — 924px column at 21.0px (ceiling 75)
            div > a.s-row > div > h3.t  ⟨h3 · link → /artikel/real-wedding/cheong-fatt-tze-mansion⟩
            "Perkahwinan Pelbagai Budaya di Cheong Fatt Tze Mansion, Ikon"
          88.0 characters per line — 924px column at 21.0px (ceiling 75)
            div > a.s-row > div > h3.t  ⟨h3 · link → /artikel/real-wedding/sentosa-janda-baik⟩
            "Majlis Perkahwinan Penuh Nilai Budaya di Sentosa, Janda Baik"
          88.0 characters per line — 924px column at 21.0px (ceiling 75)
            div > a.s-row > div > h3.t  ⟨h3 · link → /artikel/real-wedding/villa-warisan⟩
            "Villa Warisan: Majlis Perkahwinan Tradisional di Lokasi Bern"
        image-attr-aspect ×8
          declared width="1200" height="800" (1.50:1) for a 1707x2560 file (0.67:1) — 125% off, so the box reserved before load is the wrong shape (ceiling 25%)
            article > div.inspire-prose > div.group.relative.lg:mx-auto > img.h-auto.w-auto.max-w-full  ⟨img · not a link · alt=null⟩
            "116-RW-AmeirFikriInasKhairulTemaKahwinMelayuKlasik-4-6/high.webp"
          declared width="1200" height="800" (1.50:1) for a 1707x2560 file (0.67:1) — 125% off, so the box reserved before load is the wrong shape (ceiling 25%)
            article > div.inspire-prose > div.group.relative.lg:mx-auto > img.h-auto.w-auto.max-w-full  ⟨img · not a link · alt=null⟩
            "516-RW-AmeirFikriInasKhairulTemaKahwinMelayuKlasik-5-6/high.webp"
          declared width="1200" height="800" (1.50:1) for a 1707x2560 file (0.67:1) — 125% off, so the box reserved before load is the wrong shape (ceiling 25%)
            article > div.inspire-prose > div.group.relative.lg:mx-auto > img.h-auto.w-auto.max-w-full  ⟨img · not a link · alt=null⟩
            "654-RW-AmeirFikriInasKhairulTemaKahwinMelayuKlasik-8-6/high.webp"
          declared width="1200" height="800" (1.50:1) for a 1707x2560 file (0.67:1) — 125% off, so the box reserved before load is the wrong shape (ceiling 25%)
            article > div.inspire-prose > div.group.relative.lg:mx-auto > img.h-auto.w-auto.max-w-full  ⟨img · not a link · alt=null⟩
            "577-RW-AmeirFikriInasKhairulTemaKahwinMelayuKlasik-9-6/high.webp"
          … and 4 more
[ ok ] /artikel/real-wedding/perkahwinan-taman-kebun-yang-minimalis-di-hulu-langat @1920 0 violation(s)  empty:0 rail:0 narrow:0 measure:0 clipped:0 over:0 clip:0 upscale:0 aspect:0 attr:8 unmeasurable:0 R2:0 R6:0 H6:0 H6.6:0 · +8 advisory
        image-attr-aspect ×8
          declared width="1200" height="800" (1.50:1) for a 1707x2560 file (0.67:1) — 125% off, so the box reserved before load is the wrong shape (ceiling 25%)
            article > div.inspire-prose > div.group.relative.lg:mx-auto > img.h-auto.w-auto.max-w-full  ⟨img · not a link · alt=null⟩
            "116-RW-AmeirFikriInasKhairulTemaKahwinMelayuKlasik-4-6/high.webp"
          declared width="1200" height="800" (1.50:1) for a 1707x2560 file (0.67:1) — 125% off, so the box reserved before load is the wrong shape (ceiling 25%)
            article > div.inspire-prose > div.group.relative.lg:mx-auto > img.h-auto.w-auto.max-w-full  ⟨img · not a link · alt=null⟩
            "516-RW-AmeirFikriInasKhairulTemaKahwinMelayuKlasik-5-6/high.webp"
          declared width="1200" height="800" (1.50:1) for a 1707x2560 file (0.67:1) — 125% off, so the box reserved before load is the wrong shape (ceiling 25%)
            article > div.inspire-prose > div.group.relative.lg:mx-auto > img.h-auto.w-auto.max-w-full  ⟨img · not a link · alt=null⟩
            "654-RW-AmeirFikriInasKhairulTemaKahwinMelayuKlasik-8-6/high.webp"
          declared width="1200" height="800" (1.50:1) for a 1707x2560 file (0.67:1) — 125% off, so the box reserved before load is the wrong shape (ceiling 25%)
            article > div.inspire-prose > div.group.relative.lg:mx-auto > img.h-auto.w-auto.max-w-full  ⟨img · not a link · alt=null⟩
            "577-RW-AmeirFikriInasKhairulTemaKahwinMelayuKlasik-9-6/high.webp"
          … and 4 more
[ ok ] /artikel/hiasan-dekorasi/goodies-kahwin @390   0 violation(s)  empty:0 rail:0 narrow:0 measure:0 clipped:0 over:0 clip:0 upscale:0 aspect:0 attr:8 unmeasurable:0 R2:0 R6:0 H6:0 H6.6:0 · +8 advisory
        image-attr-aspect ×8
          declared width="1200" height="800" (1.50:1) for a 1024x1536 file (0.67:1) — 125% off, so the box reserved before load is the wrong shape (ceiling 25%)
            article > div.inspire-prose > div.group.relative.lg:mx-auto > img.h-auto.w-auto.max-w-full  ⟨img · not a link · alt=null⟩
            "95723319-IN_E2_80_94GoodiesKahwin-CookiesDalamBalang-1/high.webp"
          declared width="1200" height="800" (1.50:1) for a 1024x1536 file (0.67:1) — 125% off, so the box reserved before load is the wrong shape (ceiling 25%)
            article > div.inspire-prose > div.group.relative.lg:mx-auto > img.h-auto.w-auto.max-w-full  ⟨img · not a link · alt=null⟩
            "95725138-IN_E2_80_94GoodiesKahwin-CookiesDalamBalang-2/high.webp"
          declared width="1200" height="800" (1.50:1) for a 1024x1536 file (0.67:1) — 125% off, so the box reserved before load is the wrong shape (ceiling 25%)
            article > div.inspire-prose > div.group.relative.lg:mx-auto > img.h-auto.w-auto.max-w-full  ⟨img · not a link · alt=null⟩
            "in/1787395726692-IN_E2_80_94GoodiesKahwin-CoklatMini-1/high.webp"
          declared width="1200" height="800" (1.50:1) for a 1024x1536 file (0.67:1) — 125% off, so the box reserved before load is the wrong shape (ceiling 25%)
            article > div.inspire-prose > div.group.relative.lg:mx-auto > img.h-auto.w-auto.max-w-full  ⟨img · not a link · alt=null⟩
            "in/1787395728264-IN_E2_80_94GoodiesKahwin-CoklatMini-2/high.webp"
          … and 4 more
[ ok ] /artikel/hiasan-dekorasi/goodies-kahwin @768   0 violation(s)  empty:0 rail:0 narrow:0 measure:0 clipped:0 over:0 clip:0 upscale:0 aspect:0 attr:8 unmeasurable:0 R2:0 R6:0 H6:0 H6.6:0 · +8 advisory
        image-attr-aspect ×8
          declared width="1200" height="800" (1.50:1) for a 1024x1536 file (0.67:1) — 125% off, so the box reserved before load is the wrong shape (ceiling 25%)
            article > div.inspire-prose > div.group.relative.lg:mx-auto > img.h-auto.w-auto.max-w-full  ⟨img · not a link · alt=null⟩
            "95723319-IN_E2_80_94GoodiesKahwin-CookiesDalamBalang-1/high.webp"
          declared width="1200" height="800" (1.50:1) for a 1024x1536 file (0.67:1) — 125% off, so the box reserved before load is the wrong shape (ceiling 25%)
            article > div.inspire-prose > div.group.relative.lg:mx-auto > img.h-auto.w-auto.max-w-full  ⟨img · not a link · alt=null⟩
            "95725138-IN_E2_80_94GoodiesKahwin-CookiesDalamBalang-2/high.webp"
          declared width="1200" height="800" (1.50:1) for a 1024x1536 file (0.67:1) — 125% off, so the box reserved before load is the wrong shape (ceiling 25%)
            article > div.inspire-prose > div.group.relative.lg:mx-auto > img.h-auto.w-auto.max-w-full  ⟨img · not a link · alt=null⟩
            "in/1787395726692-IN_E2_80_94GoodiesKahwin-CoklatMini-1/high.webp"
          declared width="1200" height="800" (1.50:1) for a 1024x1536 file (0.67:1) — 125% off, so the box reserved before load is the wrong shape (ceiling 25%)
            article > div.inspire-prose > div.group.relative.lg:mx-auto > img.h-auto.w-auto.max-w-full  ⟨img · not a link · alt=null⟩
            "in/1787395728264-IN_E2_80_94GoodiesKahwin-CoklatMini-2/high.webp"
          … and 4 more
[ ok ] /artikel/hiasan-dekorasi/goodies-kahwin @1024  0 violation(s)  empty:0 rail:0 narrow:0 measure:0 clipped:0 over:0 clip:0 upscale:0 aspect:0 attr:8 unmeasurable:0 R2:0 R6:0 H6:0 H6.6:0 · +8 advisory
        image-attr-aspect ×8
          declared width="1200" height="800" (1.50:1) for a 1024x1536 file (0.67:1) — 125% off, so the box reserved before load is the wrong shape (ceiling 25%)
            article > div.inspire-prose > div.group.relative.lg:mx-auto > img.h-auto.w-auto.max-w-full  ⟨img · not a link · alt=null⟩
            "95723319-IN_E2_80_94GoodiesKahwin-CookiesDalamBalang-1/high.webp"
          declared width="1200" height="800" (1.50:1) for a 1024x1536 file (0.67:1) — 125% off, so the box reserved before load is the wrong shape (ceiling 25%)
            article > div.inspire-prose > div.group.relative.lg:mx-auto > img.h-auto.w-auto.max-w-full  ⟨img · not a link · alt=null⟩
            "95725138-IN_E2_80_94GoodiesKahwin-CookiesDalamBalang-2/high.webp"
          declared width="1200" height="800" (1.50:1) for a 1024x1536 file (0.67:1) — 125% off, so the box reserved before load is the wrong shape (ceiling 25%)
            article > div.inspire-prose > div.group.relative.lg:mx-auto > img.h-auto.w-auto.max-w-full  ⟨img · not a link · alt=null⟩
            "in/1787395726692-IN_E2_80_94GoodiesKahwin-CoklatMini-1/high.webp"
          declared width="1200" height="800" (1.50:1) for a 1024x1536 file (0.67:1) — 125% off, so the box reserved before load is the wrong shape (ceiling 25%)
            article > div.inspire-prose > div.group.relative.lg:mx-auto > img.h-auto.w-auto.max-w-full  ⟨img · not a link · alt=null⟩
            "in/1787395728264-IN_E2_80_94GoodiesKahwin-CoklatMini-2/high.webp"
          … and 4 more
[ ok ] /artikel/hiasan-dekorasi/goodies-kahwin @1440  0 violation(s)  empty:0 rail:0 narrow:0 measure:0 clipped:0 over:0 clip:0 upscale:0 aspect:0 attr:8 unmeasurable:0 R2:0 R6:0 H6:0 H6.6:0 · +8 advisory
        image-attr-aspect ×8
          declared width="1200" height="800" (1.50:1) for a 1024x1536 file (0.67:1) — 125% off, so the box reserved before load is the wrong shape (ceiling 25%)
            article > div.inspire-prose > div.group.relative.lg:mx-auto > img.h-auto.w-auto.max-w-full  ⟨img · not a link · alt=null⟩
            "95723319-IN_E2_80_94GoodiesKahwin-CookiesDalamBalang-1/high.webp"
          declared width="1200" height="800" (1.50:1) for a 1024x1536 file (0.67:1) — 125% off, so the box reserved before load is the wrong shape (ceiling 25%)
            article > div.inspire-prose > div.group.relative.lg:mx-auto > img.h-auto.w-auto.max-w-full  ⟨img · not a link · alt=null⟩
            "95725138-IN_E2_80_94GoodiesKahwin-CookiesDalamBalang-2/high.webp"
          declared width="1200" height="800" (1.50:1) for a 1024x1536 file (0.67:1) — 125% off, so the box reserved before load is the wrong shape (ceiling 25%)
            article > div.inspire-prose > div.group.relative.lg:mx-auto > img.h-auto.w-auto.max-w-full  ⟨img · not a link · alt=null⟩
            "in/1787395726692-IN_E2_80_94GoodiesKahwin-CoklatMini-1/high.webp"
          declared width="1200" height="800" (1.50:1) for a 1024x1536 file (0.67:1) — 125% off, so the box reserved before load is the wrong shape (ceiling 25%)
            article > div.inspire-prose > div.group.relative.lg:mx-auto > img.h-auto.w-auto.max-w-full  ⟨img · not a link · alt=null⟩
            "in/1787395728264-IN_E2_80_94GoodiesKahwin-CoklatMini-2/high.webp"
          … and 4 more
[ ok ] /artikel/hiasan-dekorasi/goodies-kahwin @1920  0 violation(s)  empty:0 rail:0 narrow:0 measure:0 clipped:0 over:0 clip:0 upscale:0 aspect:0 attr:8 unmeasurable:0 R2:0 R6:0 H6:0 H6.6:0 · +8 advisory
        image-attr-aspect ×8
          declared width="1200" height="800" (1.50:1) for a 1024x1536 file (0.67:1) — 125% off, so the box reserved before load is the wrong shape (ceiling 25%)
            article > div.inspire-prose > div.group.relative.lg:mx-auto > img.h-auto.w-auto.max-w-full  ⟨img · not a link · alt=null⟩
            "95723319-IN_E2_80_94GoodiesKahwin-CookiesDalamBalang-1/high.webp"
          declared width="1200" height="800" (1.50:1) for a 1024x1536 file (0.67:1) — 125% off, so the box reserved before load is the wrong shape (ceiling 25%)
            article > div.inspire-prose > div.group.relative.lg:mx-auto > img.h-auto.w-auto.max-w-full  ⟨img · not a link · alt=null⟩
            "95725138-IN_E2_80_94GoodiesKahwin-CookiesDalamBalang-2/high.webp"
          declared width="1200" height="800" (1.50:1) for a 1024x1536 file (0.67:1) — 125% off, so the box reserved before load is the wrong shape (ceiling 25%)
            article > div.inspire-prose > div.group.relative.lg:mx-auto > img.h-auto.w-auto.max-w-full  ⟨img · not a link · alt=null⟩
            "in/1787395726692-IN_E2_80_94GoodiesKahwin-CoklatMini-1/high.webp"
          declared width="1200" height="800" (1.50:1) for a 1024x1536 file (0.67:1) — 125% off, so the box reserved before load is the wrong shape (ceiling 25%)
            article > div.inspire-prose > div.group.relative.lg:mx-auto > img.h-auto.w-auto.max-w-full  ⟨img · not a link · alt=null⟩
            "in/1787395728264-IN_E2_80_94GoodiesKahwin-CoklatMini-2/high.webp"
          … and 4 more
[FAIL] /artikel/idea-dan-nasihat/wedding-planner-terbaik-di-malaysia @390 1 violation(s)  empty:0 rail:0 narrow:0 measure:0 clipped:0 over:1 clip:0 upscale:0 aspect:0 attr:9 unmeasurable:0 R2:0 R6:0 H6:0 H6.6:0 · +9 advisory
        viewport-overflow ×1
          right edge 402.5px in a 390px viewport (element 252.8px wide, 12.5px past)
            ul > li > p > a  ⟨a · link → https://www.instagram.com/jasamoureweddingconcept/?hl=en⟩
            "@jasamoureweddingconcept"
        image-attr-aspect ×9
          declared width="1200" height="800" (1.50:1) for a 1080x1312 file (0.82:1) — 82% off, so the box reserved before load is the wrong shape (ceiling 25%)
            article > div.inspire-prose > figure.group.relative.my-6 > img.h-auto.w-auto.max-w-full  ⟨img · not a link · alt=null⟩
            "999-IN_E2_80_94WeddingPlannerTerbaikdiMalaysia-Wedding/high.webp"
          declared width="1200" height="800" (1.50:1) for a 1080x1404 file (0.77:1) — 95% off, so the box reserved before load is the wrong shape (ceiling 25%)
            article > div.inspire-prose > figure.group.relative.my-6 > img.h-auto.w-auto.max-w-full  ⟨img · not a link · alt=null⟩
            "590-IN_E2_80_94WeddingPlannerTerbaikdiMalaysia-Munstar/high.webp"
          declared width="1200" height="800" (1.50:1) for a 1080x1350 file (0.80:1) — 87% off, so the box reserved before load is the wrong shape (ceiling 25%)
            article > div.inspire-prose > figure.group.relative.my-6 > img.h-auto.w-auto.max-w-full  ⟨img · not a link · alt=null⟩
            "057-IN_E2_80_94WeddingPlannerTerbaikdiMalaysia-FarahHa/high.webp"
          declared width="1200" height="800" (1.50:1) for a 1080x1350 file (0.80:1) — 87% off, so the box reserved before load is the wrong shape (ceiling 25%)
            article > div.inspire-prose > figure.group.relative.my-6 > img.h-auto.w-auto.max-w-full  ⟨img · not a link · alt=null⟩
            "140-IN_E2_80_94WeddingPlannerTerbaikdiMalaysia-FlairDe/high.webp"
          … and 5 more
[ ok ] /artikel/idea-dan-nasihat/wedding-planner-terbaik-di-malaysia @768 0 violation(s)  empty:0 rail:0 narrow:0 measure:0 clipped:0 over:0 clip:0 upscale:0 aspect:0 attr:9 unmeasurable:0 R2:0 R6:0 H6:0 H6.6:0 · +9 advisory
        image-attr-aspect ×9
          declared width="1200" height="800" (1.50:1) for a 1080x1312 file (0.82:1) — 82% off, so the box reserved before load is the wrong shape (ceiling 25%)
            article > div.inspire-prose > figure.group.relative.my-6 > img.h-auto.w-auto.max-w-full  ⟨img · not a link · alt=null⟩
            "999-IN_E2_80_94WeddingPlannerTerbaikdiMalaysia-Wedding/high.webp"
          declared width="1200" height="800" (1.50:1) for a 1080x1404 file (0.77:1) — 95% off, so the box reserved before load is the wrong shape (ceiling 25%)
            article > div.inspire-prose > figure.group.relative.my-6 > img.h-auto.w-auto.max-w-full  ⟨img · not a link · alt=null⟩
            "590-IN_E2_80_94WeddingPlannerTerbaikdiMalaysia-Munstar/high.webp"
          declared width="1200" height="800" (1.50:1) for a 1080x1350 file (0.80:1) — 87% off, so the box reserved before load is the wrong shape (ceiling 25%)
            article > div.inspire-prose > figure.group.relative.my-6 > img.h-auto.w-auto.max-w-full  ⟨img · not a link · alt=null⟩
            "057-IN_E2_80_94WeddingPlannerTerbaikdiMalaysia-FarahHa/high.webp"
          declared width="1200" height="800" (1.50:1) for a 1080x1350 file (0.80:1) — 87% off, so the box reserved before load is the wrong shape (ceiling 25%)
            article > div.inspire-prose > figure.group.relative.my-6 > img.h-auto.w-auto.max-w-full  ⟨img · not a link · alt=null⟩
            "140-IN_E2_80_94WeddingPlannerTerbaikdiMalaysia-FlairDe/high.webp"
          … and 5 more
[ ok ] /artikel/idea-dan-nasihat/wedding-planner-terbaik-di-malaysia @1024 0 violation(s)  empty:0 rail:0 narrow:0 measure:0 clipped:0 over:0 clip:0 upscale:0 aspect:0 attr:9 unmeasurable:0 R2:0 R6:0 H6:0 H6.6:0 · +9 advisory
        image-attr-aspect ×9
          declared width="1200" height="800" (1.50:1) for a 1080x1312 file (0.82:1) — 82% off, so the box reserved before load is the wrong shape (ceiling 25%)
            article > div.inspire-prose > figure.group.relative.my-6 > img.h-auto.w-auto.max-w-full  ⟨img · not a link · alt=null⟩
            "999-IN_E2_80_94WeddingPlannerTerbaikdiMalaysia-Wedding/high.webp"
          declared width="1200" height="800" (1.50:1) for a 1080x1404 file (0.77:1) — 95% off, so the box reserved before load is the wrong shape (ceiling 25%)
            article > div.inspire-prose > figure.group.relative.my-6 > img.h-auto.w-auto.max-w-full  ⟨img · not a link · alt=null⟩
            "590-IN_E2_80_94WeddingPlannerTerbaikdiMalaysia-Munstar/high.webp"
          declared width="1200" height="800" (1.50:1) for a 1080x1350 file (0.80:1) — 87% off, so the box reserved before load is the wrong shape (ceiling 25%)
            article > div.inspire-prose > figure.group.relative.my-6 > img.h-auto.w-auto.max-w-full  ⟨img · not a link · alt=null⟩
            "057-IN_E2_80_94WeddingPlannerTerbaikdiMalaysia-FarahHa/high.webp"
          declared width="1200" height="800" (1.50:1) for a 1080x1350 file (0.80:1) — 87% off, so the box reserved before load is the wrong shape (ceiling 25%)
            article > div.inspire-prose > figure.group.relative.my-6 > img.h-auto.w-auto.max-w-full  ⟨img · not a link · alt=null⟩
            "140-IN_E2_80_94WeddingPlannerTerbaikdiMalaysia-FlairDe/high.webp"
          … and 5 more
[ ok ] /artikel/idea-dan-nasihat/wedding-planner-terbaik-di-malaysia @1440 0 violation(s)  empty:0 rail:0 narrow:0 measure:0 clipped:0 over:0 clip:0 upscale:0 aspect:0 attr:9 unmeasurable:0 R2:0 R6:0 H6:0 H6.6:0 · +9 advisory
        image-attr-aspect ×9
          declared width="1200" height="800" (1.50:1) for a 1080x1312 file (0.82:1) — 82% off, so the box reserved before load is the wrong shape (ceiling 25%)
            article > div.inspire-prose > figure.group.relative.my-6 > img.h-auto.w-auto.max-w-full  ⟨img · not a link · alt=null⟩
            "999-IN_E2_80_94WeddingPlannerTerbaikdiMalaysia-Wedding/high.webp"
          declared width="1200" height="800" (1.50:1) for a 1080x1404 file (0.77:1) — 95% off, so the box reserved before load is the wrong shape (ceiling 25%)
            article > div.inspire-prose > figure.group.relative.my-6 > img.h-auto.w-auto.max-w-full  ⟨img · not a link · alt=null⟩
            "590-IN_E2_80_94WeddingPlannerTerbaikdiMalaysia-Munstar/high.webp"
          declared width="1200" height="800" (1.50:1) for a 1080x1350 file (0.80:1) — 87% off, so the box reserved before load is the wrong shape (ceiling 25%)
            article > div.inspire-prose > figure.group.relative.my-6 > img.h-auto.w-auto.max-w-full  ⟨img · not a link · alt=null⟩
            "057-IN_E2_80_94WeddingPlannerTerbaikdiMalaysia-FarahHa/high.webp"
          declared width="1200" height="800" (1.50:1) for a 1080x1350 file (0.80:1) — 87% off, so the box reserved before load is the wrong shape (ceiling 25%)
            article > div.inspire-prose > figure.group.relative.my-6 > img.h-auto.w-auto.max-w-full  ⟨img · not a link · alt=null⟩
            "140-IN_E2_80_94WeddingPlannerTerbaikdiMalaysia-FlairDe/high.webp"
          … and 5 more
[ ok ] /artikel/idea-dan-nasihat/wedding-planner-terbaik-di-malaysia @1920 0 violation(s)  empty:0 rail:0 narrow:0 measure:0 clipped:0 over:0 clip:0 upscale:0 aspect:0 attr:9 unmeasurable:0 R2:0 R6:0 H6:0 H6.6:0 · +9 advisory
        image-attr-aspect ×9
          declared width="1200" height="800" (1.50:1) for a 1080x1312 file (0.82:1) — 82% off, so the box reserved before load is the wrong shape (ceiling 25%)
            article > div.inspire-prose > figure.group.relative.my-6 > img.h-auto.w-auto.max-w-full  ⟨img · not a link · alt=null⟩
            "999-IN_E2_80_94WeddingPlannerTerbaikdiMalaysia-Wedding/high.webp"
          declared width="1200" height="800" (1.50:1) for a 1080x1404 file (0.77:1) — 95% off, so the box reserved before load is the wrong shape (ceiling 25%)
            article > div.inspire-prose > figure.group.relative.my-6 > img.h-auto.w-auto.max-w-full  ⟨img · not a link · alt=null⟩
            "590-IN_E2_80_94WeddingPlannerTerbaikdiMalaysia-Munstar/high.webp"
          declared width="1200" height="800" (1.50:1) for a 1080x1350 file (0.80:1) — 87% off, so the box reserved before load is the wrong shape (ceiling 25%)
            article > div.inspire-prose > figure.group.relative.my-6 > img.h-auto.w-auto.max-w-full  ⟨img · not a link · alt=null⟩
            "057-IN_E2_80_94WeddingPlannerTerbaikdiMalaysia-FarahHa/high.webp"
          declared width="1200" height="800" (1.50:1) for a 1080x1350 file (0.80:1) — 87% off, so the box reserved before load is the wrong shape (ceiling 25%)
            article > div.inspire-prose > figure.group.relative.my-6 > img.h-auto.w-auto.max-w-full  ⟨img · not a link · alt=null⟩
            "140-IN_E2_80_94WeddingPlannerTerbaikdiMalaysia-FlairDe/high.webp"
          … and 5 more
[ ok ] /artikel/pantai-santai/perkahwinan-indah-di-laman-fajar-menyinsing-port-dickson @390 0 violation(s)  empty:0 rail:0 narrow:0 measure:0 clipped:0 over:0 clip:0 upscale:0 aspect:0 attr:15 unmeasurable:0 R2:0 R6:0 H6:0 H6.6:0 · +15 advisory
        image-attr-aspect ×15
          declared width="1200" height="800" (1.50:1) for a 683x1024 file (0.67:1) — 125% off, so the box reserved before load is the wrong shape (ceiling 25%)
            article > div.inspire-prose > div.group.relative.lg:mx-auto > img.h-auto.w-auto.max-w-full  ⟨img · not a link · alt=null⟩
            "n/1787396035564-RW-CandidNailahHakimVillaPortDickson-2/high.webp"
          declared width="1200" height="800" (1.50:1) for a 683x1024 file (0.67:1) — 125% off, so the box reserved before load is the wrong shape (ceiling 25%)
            article > div.inspire-prose > div.group.relative.lg:mx-auto > img.h-auto.w-auto.max-w-full  ⟨img · not a link · alt=null⟩
            "n/1787396063685-RW-CandidNailahHakimVillaPortDickson-8/high.webp"
          declared width="1200" height="800" (1.50:1) for a 683x1024 file (0.67:1) — 125% off, so the box reserved before load is the wrong shape (ceiling 25%)
            article > div.inspire-prose > div.group.relative.lg:mx-auto > img.h-auto.w-auto.max-w-full  ⟨img · not a link · alt=null⟩
            "/1787396066526-RW-CandidNailahHakimVillaPortDickson-10/high.webp"
          declared width="1200" height="800" (1.50:1) for a 683x1024 file (0.67:1) — 125% off, so the box reserved before load is the wrong shape (ceiling 25%)
            article > div.inspire-prose > div.group.relative.lg:mx-auto > img.h-auto.w-auto.max-w-full  ⟨img · not a link · alt=null⟩
            "/1787396067971-RW-CandidNailahHakimVillaPortDickson-11/high.webp"
          … and 11 more
[ ok ] /artikel/pantai-santai/perkahwinan-indah-di-laman-fajar-menyinsing-port-dickson @768 0 violation(s)  empty:0 rail:0 narrow:0 measure:0 clipped:0 over:0 clip:0 upscale:0 aspect:0 attr:15 unmeasurable:0 R2:0 R6:0 H6:0 H6.6:0 · +15 advisory
        image-attr-aspect ×15
          declared width="1200" height="800" (1.50:1) for a 683x1024 file (0.67:1) — 125% off, so the box reserved before load is the wrong shape (ceiling 25%)
            article > div.inspire-prose > div.group.relative.lg:mx-auto > img.h-auto.w-auto.max-w-full  ⟨img · not a link · alt=null⟩
            "n/1787396035564-RW-CandidNailahHakimVillaPortDickson-2/high.webp"
          declared width="1200" height="800" (1.50:1) for a 683x1024 file (0.67:1) — 125% off, so the box reserved before load is the wrong shape (ceiling 25%)
            article > div.inspire-prose > div.group.relative.lg:mx-auto > img.h-auto.w-auto.max-w-full  ⟨img · not a link · alt=null⟩
            "n/1787396063685-RW-CandidNailahHakimVillaPortDickson-8/high.webp"
          declared width="1200" height="800" (1.50:1) for a 683x1024 file (0.67:1) — 125% off, so the box reserved before load is the wrong shape (ceiling 25%)
            article > div.inspire-prose > div.group.relative.lg:mx-auto > img.h-auto.w-auto.max-w-full  ⟨img · not a link · alt=null⟩
            "/1787396066526-RW-CandidNailahHakimVillaPortDickson-10/high.webp"
          declared width="1200" height="800" (1.50:1) for a 683x1024 file (0.67:1) — 125% off, so the box reserved before load is the wrong shape (ceiling 25%)
            article > div.inspire-prose > div.group.relative.lg:mx-auto > img.h-auto.w-auto.max-w-full  ⟨img · not a link · alt=null⟩
            "/1787396067971-RW-CandidNailahHakimVillaPortDickson-11/high.webp"
          … and 11 more
[ ok ] /artikel/pantai-santai/perkahwinan-indah-di-laman-fajar-menyinsing-port-dickson @1024 0 violation(s)  empty:0 rail:0 narrow:0 measure:0 clipped:0 over:0 clip:0 upscale:0 aspect:0 attr:15 unmeasurable:0 R2:0 R6:0 H6:0 H6.6:0 · +15 advisory
        image-attr-aspect ×15
          declared width="1200" height="800" (1.50:1) for a 683x1024 file (0.67:1) — 125% off, so the box reserved before load is the wrong shape (ceiling 25%)
            article > div.inspire-prose > div.group.relative.lg:mx-auto > img.h-auto.w-auto.max-w-full  ⟨img · not a link · alt=null⟩
            "n/1787396035564-RW-CandidNailahHakimVillaPortDickson-2/high.webp"
          declared width="1200" height="800" (1.50:1) for a 683x1024 file (0.67:1) — 125% off, so the box reserved before load is the wrong shape (ceiling 25%)
            article > div.inspire-prose > div.group.relative.lg:mx-auto > img.h-auto.w-auto.max-w-full  ⟨img · not a link · alt=null⟩
            "n/1787396063685-RW-CandidNailahHakimVillaPortDickson-8/high.webp"
          declared width="1200" height="800" (1.50:1) for a 683x1024 file (0.67:1) — 125% off, so the box reserved before load is the wrong shape (ceiling 25%)
            article > div.inspire-prose > div.group.relative.lg:mx-auto > img.h-auto.w-auto.max-w-full  ⟨img · not a link · alt=null⟩
            "/1787396066526-RW-CandidNailahHakimVillaPortDickson-10/high.webp"
          declared width="1200" height="800" (1.50:1) for a 683x1024 file (0.67:1) — 125% off, so the box reserved before load is the wrong shape (ceiling 25%)
            article > div.inspire-prose > div.group.relative.lg:mx-auto > img.h-auto.w-auto.max-w-full  ⟨img · not a link · alt=null⟩
            "/1787396067971-RW-CandidNailahHakimVillaPortDickson-11/high.webp"
          … and 11 more
[ ok ] /artikel/pantai-santai/perkahwinan-indah-di-laman-fajar-menyinsing-port-dickson @1440 0 violation(s)  empty:0 rail:0 narrow:0 measure:0 clipped:0 over:0 clip:0 upscale:0 aspect:0 attr:15 unmeasurable:0 R2:0 R6:0 H6:0 H6.6:0 · +15 advisory
        image-attr-aspect ×15
          declared width="1200" height="800" (1.50:1) for a 683x1024 file (0.67:1) — 125% off, so the box reserved before load is the wrong shape (ceiling 25%)
            article > div.inspire-prose > div.group.relative.lg:mx-auto > img.h-auto.w-auto.max-w-full  ⟨img · not a link · alt=null⟩
            "n/1787396035564-RW-CandidNailahHakimVillaPortDickson-2/high.webp"
          declared width="1200" height="800" (1.50:1) for a 683x1024 file (0.67:1) — 125% off, so the box reserved before load is the wrong shape (ceiling 25%)
            article > div.inspire-prose > div.group.relative.lg:mx-auto > img.h-auto.w-auto.max-w-full  ⟨img · not a link · alt=null⟩
            "n/1787396063685-RW-CandidNailahHakimVillaPortDickson-8/high.webp"
          declared width="1200" height="800" (1.50:1) for a 683x1024 file (0.67:1) — 125% off, so the box reserved before load is the wrong shape (ceiling 25%)
            article > div.inspire-prose > div.group.relative.lg:mx-auto > img.h-auto.w-auto.max-w-full  ⟨img · not a link · alt=null⟩
            "/1787396066526-RW-CandidNailahHakimVillaPortDickson-10/high.webp"
          declared width="1200" height="800" (1.50:1) for a 683x1024 file (0.67:1) — 125% off, so the box reserved before load is the wrong shape (ceiling 25%)
            article > div.inspire-prose > div.group.relative.lg:mx-auto > img.h-auto.w-auto.max-w-full  ⟨img · not a link · alt=null⟩
            "/1787396067971-RW-CandidNailahHakimVillaPortDickson-11/high.webp"
          … and 11 more
[ ok ] /artikel/pantai-santai/perkahwinan-indah-di-laman-fajar-menyinsing-port-dickson @1920 0 violation(s)  empty:0 rail:0 narrow:0 measure:0 clipped:0 over:0 clip:0 upscale:0 aspect:0 attr:15 unmeasurable:0 R2:0 R6:0 H6:0 H6.6:0 · +15 advisory
        image-attr-aspect ×15
          declared width="1200" height="800" (1.50:1) for a 683x1024 file (0.67:1) — 125% off, so the box reserved before load is the wrong shape (ceiling 25%)
            article > div.inspire-prose > div.group.relative.lg:mx-auto > img.h-auto.w-auto.max-w-full  ⟨img · not a link · alt=null⟩
            "n/1787396035564-RW-CandidNailahHakimVillaPortDickson-2/high.webp"
          declared width="1200" height="800" (1.50:1) for a 683x1024 file (0.67:1) — 125% off, so the box reserved before load is the wrong shape (ceiling 25%)
            article > div.inspire-prose > div.group.relative.lg:mx-auto > img.h-auto.w-auto.max-w-full  ⟨img · not a link · alt=null⟩
            "n/1787396063685-RW-CandidNailahHakimVillaPortDickson-8/high.webp"
          declared width="1200" height="800" (1.50:1) for a 683x1024 file (0.67:1) — 125% off, so the box reserved before load is the wrong shape (ceiling 25%)
            article > div.inspire-prose > div.group.relative.lg:mx-auto > img.h-auto.w-auto.max-w-full  ⟨img · not a link · alt=null⟩
            "/1787396066526-RW-CandidNailahHakimVillaPortDickson-10/high.webp"
          declared width="1200" height="800" (1.50:1) for a 683x1024 file (0.67:1) — 125% off, so the box reserved before load is the wrong shape (ceiling 25%)
            article > div.inspire-prose > div.group.relative.lg:mx-auto > img.h-auto.w-auto.max-w-full  ⟨img · not a link · alt=null⟩
            "/1787396067971-RW-CandidNailahHakimVillaPortDickson-11/high.webp"
          … and 11 more
[ ok ] /artikel/fotografi-videografi/lokasi-pre-wedding-photoshoot-terbaik @390 0 violation(s)  empty:0 rail:0 narrow:0 measure:0 clipped:0 over:0 clip:0 upscale:0 aspect:0 attr:1 unmeasurable:0 R2:0 R6:0 H6:0 H6.6:0 · +1 advisory
        image-attr-aspect ×1
          declared width="1024" height="57" (17.96:1) for a 1280x720 file (1.78:1) — 911% off, so the box reserved before load is the wrong shape (ceiling 25%)
            article > div.inspire-prose > div.group.relative.lg:mx-auto > img.h-auto.w-auto.max-w-full  ⟨img · not a link · alt=null⟩
            "290-IN-PreWeddingPhotoshoot-TamanBotaniPerdana-1024x57/high.webp"
[ ok ] /artikel/fotografi-videografi/lokasi-pre-wedding-photoshoot-terbaik @768 0 violation(s)  empty:0 rail:0 narrow:0 measure:0 clipped:0 over:0 clip:0 upscale:0 aspect:0 attr:1 unmeasurable:0 R2:0 R6:0 H6:0 H6.6:0 · +1 advisory
        image-attr-aspect ×1
          declared width="1024" height="57" (17.96:1) for a 1280x720 file (1.78:1) — 911% off, so the box reserved before load is the wrong shape (ceiling 25%)
            article > div.inspire-prose > div.group.relative.lg:mx-auto > img.h-auto.w-auto.max-w-full  ⟨img · not a link · alt=null⟩
            "290-IN-PreWeddingPhotoshoot-TamanBotaniPerdana-1024x57/high.webp"
[ ok ] /artikel/fotografi-videografi/lokasi-pre-wedding-photoshoot-terbaik @1024 0 violation(s)  empty:0 rail:0 narrow:0 measure:0 clipped:0 over:0 clip:0 upscale:0 aspect:0 attr:1 unmeasurable:0 R2:0 R6:0 H6:0 H6.6:0 · +1 advisory
        image-attr-aspect ×1
          declared width="1024" height="57" (17.96:1) for a 1280x720 file (1.78:1) — 911% off, so the box reserved before load is the wrong shape (ceiling 25%)
            article > div.inspire-prose > div.group.relative.lg:mx-auto > img.h-auto.w-auto.max-w-full  ⟨img · not a link · alt=null⟩
            "290-IN-PreWeddingPhotoshoot-TamanBotaniPerdana-1024x57/high.webp"
[ ok ] /artikel/fotografi-videografi/lokasi-pre-wedding-photoshoot-terbaik @1440 0 violation(s)  empty:0 rail:0 narrow:0 measure:0 clipped:0 over:0 clip:0 upscale:0 aspect:0 attr:1 unmeasurable:0 R2:0 R6:0 H6:0 H6.6:0 · +1 advisory
        image-attr-aspect ×1
          declared width="1024" height="57" (17.96:1) for a 1280x720 file (1.78:1) — 911% off, so the box reserved before load is the wrong shape (ceiling 25%)
            article > div.inspire-prose > div.group.relative.lg:mx-auto > img.h-auto.w-auto.max-w-full  ⟨img · not a link · alt=null⟩
            "290-IN-PreWeddingPhotoshoot-TamanBotaniPerdana-1024x57/high.webp"
[ ok ] /artikel/fotografi-videografi/lokasi-pre-wedding-photoshoot-terbaik @1920 0 violation(s)  empty:0 rail:0 narrow:0 measure:0 clipped:0 over:0 clip:0 upscale:0 aspect:0 attr:1 unmeasurable:0 R2:0 R6:0 H6:0 H6.6:0 · +1 advisory
        image-attr-aspect ×1
          declared width="1024" height="57" (17.96:1) for a 1280x720 file (1.78:1) — 911% off, so the box reserved before load is the wrong shape (ceiling 25%)
            article > div.inspire-prose > div.group.relative.lg:mx-auto > img.h-auto.w-auto.max-w-full  ⟨img · not a link · alt=null⟩
            "290-IN-PreWeddingPhotoshoot-TamanBotaniPerdana-1024x57/high.webp"
[ ok ] /artikel/real-wedding/yasaka-shrine @390       0 violation(s)  empty:0 rail:0 narrow:0 measure:0 clipped:0 over:0 clip:0 upscale:0 aspect:0 attr:12 unmeasurable:0 R2:0 R6:0 H6:0 H6.6:0 · +12 advisory
        image-attr-aspect ×12
          declared width="1200" height="800" (1.50:1) for a 1707x2560 file (0.67:1) — 125% off, so the box reserved before load is the wrong shape (ceiling 25%)
            article > div.inspire-prose > div.group.relative.lg:mx-auto > img.h-auto.w-auto.max-w-full  ⟨img · not a link · alt=null⟩
            "rine/1787396207882-RW-TheVallureNanaAfifYasakaShrine-4/high.webp"
          declared width="1200" height="800" (1.50:1) for a 1707x2560 file (0.67:1) — 125% off, so the box reserved before load is the wrong shape (ceiling 25%)
            article > div.inspire-prose > div.group.relative.lg:mx-auto > img.h-auto.w-auto.max-w-full  ⟨img · not a link · alt=null⟩
            "rine/1787396210070-RW-TheVallureNanaAfifYasakaShrine-5/high.webp"
          declared width="1200" height="800" (1.50:1) for a 1707x2560 file (0.67:1) — 125% off, so the box reserved before load is the wrong shape (ceiling 25%)
            article > div.inspire-prose > div.group.relative.lg:mx-auto > img.h-auto.w-auto.max-w-full  ⟨img · not a link · alt=null⟩
            "rine/1787396212452-RW-TheVallureNanaAfifYasakaShrine-6/high.webp"
          declared width="1200" height="800" (1.50:1) for a 2400x3600 file (0.67:1) — 125% off, so the box reserved before load is the wrong shape (ceiling 25%)
            article > div.inspire-prose > div.group.relative.lg:mx-auto > img.h-auto.w-auto.max-w-full  ⟨img · not a link · alt=null⟩
            "ine/1787396223409-RW-TheVallureNanaAfifYasakaShrine-10/high.webp"
          … and 8 more
[FAIL] /artikel/real-wedding/yasaka-shrine @768       3 violation(s)  empty:0 rail:0 narrow:0 measure:3 clipped:0 over:0 clip:0 upscale:0 aspect:0 attr:12 unmeasurable:0 R2:0 R6:0 H6:0 H6.6:0 · +12 advisory
        reading-measure ×3
          81.3 characters per line — 610px column at 15.0px (ceiling 75)
            div > a.s-row > div > h3.t  ⟨h3 · link → /artikel/real-wedding/cheong-fatt-tze-mansion⟩
            "Perkahwinan Pelbagai Budaya di Cheong Fatt Tze Mansion, Ikon"
          81.3 characters per line — 610px column at 15.0px (ceiling 75)
            div > a.s-row > div > h3.t  ⟨h3 · link → /artikel/real-wedding/sentosa-janda-baik⟩
            "Majlis Perkahwinan Penuh Nilai Budaya di Sentosa, Janda Baik"
          81.3 characters per line — 610px column at 15.0px (ceiling 75)
            div > a.s-row > div > h3.t  ⟨h3 · link → /artikel/real-wedding/villa-warisan⟩
            "Villa Warisan: Majlis Perkahwinan Tradisional di Lokasi Bern"
        image-attr-aspect ×12
          declared width="1200" height="800" (1.50:1) for a 1707x2560 file (0.67:1) — 125% off, so the box reserved before load is the wrong shape (ceiling 25%)
            article > div.inspire-prose > div.group.relative.lg:mx-auto > img.h-auto.w-auto.max-w-full  ⟨img · not a link · alt=null⟩
            "rine/1787396207882-RW-TheVallureNanaAfifYasakaShrine-4/high.webp"
          declared width="1200" height="800" (1.50:1) for a 1707x2560 file (0.67:1) — 125% off, so the box reserved before load is the wrong shape (ceiling 25%)
            article > div.inspire-prose > div.group.relative.lg:mx-auto > img.h-auto.w-auto.max-w-full  ⟨img · not a link · alt=null⟩
            "rine/1787396210070-RW-TheVallureNanaAfifYasakaShrine-5/high.webp"
          declared width="1200" height="800" (1.50:1) for a 1707x2560 file (0.67:1) — 125% off, so the box reserved before load is the wrong shape (ceiling 25%)
            article > div.inspire-prose > div.group.relative.lg:mx-auto > img.h-auto.w-auto.max-w-full  ⟨img · not a link · alt=null⟩
            "rine/1787396212452-RW-TheVallureNanaAfifYasakaShrine-6/high.webp"
          declared width="1200" height="800" (1.50:1) for a 2400x3600 file (0.67:1) — 125% off, so the box reserved before load is the wrong shape (ceiling 25%)
            article > div.inspire-prose > div.group.relative.lg:mx-auto > img.h-auto.w-auto.max-w-full  ⟨img · not a link · alt=null⟩
            "ine/1787396223409-RW-TheVallureNanaAfifYasakaShrine-10/high.webp"
          … and 8 more
[ ok ] /artikel/real-wedding/yasaka-shrine @1024      0 violation(s)  empty:0 rail:0 narrow:0 measure:0 clipped:0 over:0 clip:0 upscale:0 aspect:0 attr:12 unmeasurable:0 R2:0 R6:0 H6:0 H6.6:0 · +12 advisory
        image-attr-aspect ×12
          declared width="1200" height="800" (1.50:1) for a 1707x2560 file (0.67:1) — 125% off, so the box reserved before load is the wrong shape (ceiling 25%)
            article > div.inspire-prose > div.group.relative.lg:mx-auto > img.h-auto.w-auto.max-w-full  ⟨img · not a link · alt=null⟩
            "rine/1787396207882-RW-TheVallureNanaAfifYasakaShrine-4/high.webp"
          declared width="1200" height="800" (1.50:1) for a 1707x2560 file (0.67:1) — 125% off, so the box reserved before load is the wrong shape (ceiling 25%)
            article > div.inspire-prose > div.group.relative.lg:mx-auto > img.h-auto.w-auto.max-w-full  ⟨img · not a link · alt=null⟩
            "rine/1787396210070-RW-TheVallureNanaAfifYasakaShrine-5/high.webp"
          declared width="1200" height="800" (1.50:1) for a 1707x2560 file (0.67:1) — 125% off, so the box reserved before load is the wrong shape (ceiling 25%)
            article > div.inspire-prose > div.group.relative.lg:mx-auto > img.h-auto.w-auto.max-w-full  ⟨img · not a link · alt=null⟩
            "rine/1787396212452-RW-TheVallureNanaAfifYasakaShrine-6/high.webp"
          declared width="1200" height="800" (1.50:1) for a 2400x3600 file (0.67:1) — 125% off, so the box reserved before load is the wrong shape (ceiling 25%)
            article > div.inspire-prose > div.group.relative.lg:mx-auto > img.h-auto.w-auto.max-w-full  ⟨img · not a link · alt=null⟩
            "ine/1787396223409-RW-TheVallureNanaAfifYasakaShrine-10/high.webp"
          … and 8 more
[FAIL] /artikel/real-wedding/yasaka-shrine @1440      3 violation(s)  empty:0 rail:0 narrow:0 measure:3 clipped:0 over:0 clip:0 upscale:0 aspect:0 attr:12 unmeasurable:0 R2:0 R6:0 H6:0 H6.6:0 · +12 advisory
        reading-measure ×3
          88.0 characters per line — 924px column at 21.0px (ceiling 75)
            div > a.s-row > div > h3.t  ⟨h3 · link → /artikel/real-wedding/cheong-fatt-tze-mansion⟩
            "Perkahwinan Pelbagai Budaya di Cheong Fatt Tze Mansion, Ikon"
          88.0 characters per line — 924px column at 21.0px (ceiling 75)
            div > a.s-row > div > h3.t  ⟨h3 · link → /artikel/real-wedding/sentosa-janda-baik⟩
            "Majlis Perkahwinan Penuh Nilai Budaya di Sentosa, Janda Baik"
          88.0 characters per line — 924px column at 21.0px (ceiling 75)
            div > a.s-row > div > h3.t  ⟨h3 · link → /artikel/real-wedding/villa-warisan⟩
            "Villa Warisan: Majlis Perkahwinan Tradisional di Lokasi Bern"
        image-attr-aspect ×12
          declared width="1200" height="800" (1.50:1) for a 1707x2560 file (0.67:1) — 125% off, so the box reserved before load is the wrong shape (ceiling 25%)
            article > div.inspire-prose > div.group.relative.lg:mx-auto > img.h-auto.w-auto.max-w-full  ⟨img · not a link · alt=null⟩
            "rine/1787396207882-RW-TheVallureNanaAfifYasakaShrine-4/high.webp"
          declared width="1200" height="800" (1.50:1) for a 1707x2560 file (0.67:1) — 125% off, so the box reserved before load is the wrong shape (ceiling 25%)
            article > div.inspire-prose > div.group.relative.lg:mx-auto > img.h-auto.w-auto.max-w-full  ⟨img · not a link · alt=null⟩
            "rine/1787396210070-RW-TheVallureNanaAfifYasakaShrine-5/high.webp"
          declared width="1200" height="800" (1.50:1) for a 1707x2560 file (0.67:1) — 125% off, so the box reserved before load is the wrong shape (ceiling 25%)
            article > div.inspire-prose > div.group.relative.lg:mx-auto > img.h-auto.w-auto.max-w-full  ⟨img · not a link · alt=null⟩
            "rine/1787396212452-RW-TheVallureNanaAfifYasakaShrine-6/high.webp"
          declared width="1200" height="800" (1.50:1) for a 2400x3600 file (0.67:1) — 125% off, so the box reserved before load is the wrong shape (ceiling 25%)
            article > div.inspire-prose > div.group.relative.lg:mx-auto > img.h-auto.w-auto.max-w-full  ⟨img · not a link · alt=null⟩
            "ine/1787396223409-RW-TheVallureNanaAfifYasakaShrine-10/high.webp"
          … and 8 more
[ ok ] /artikel/real-wedding/yasaka-shrine @1920      0 violation(s)  empty:0 rail:0 narrow:0 measure:0 clipped:0 over:0 clip:0 upscale:0 aspect:0 attr:12 unmeasurable:0 R2:0 R6:0 H6:0 H6.6:0 · +12 advisory
        image-attr-aspect ×12
          declared width="1200" height="800" (1.50:1) for a 1707x2560 file (0.67:1) — 125% off, so the box reserved before load is the wrong shape (ceiling 25%)
            article > div.inspire-prose > div.group.relative.lg:mx-auto > img.h-auto.w-auto.max-w-full  ⟨img · not a link · alt=null⟩
            "rine/1787396207882-RW-TheVallureNanaAfifYasakaShrine-4/high.webp"
          declared width="1200" height="800" (1.50:1) for a 1707x2560 file (0.67:1) — 125% off, so the box reserved before load is the wrong shape (ceiling 25%)
            article > div.inspire-prose > div.group.relative.lg:mx-auto > img.h-auto.w-auto.max-w-full  ⟨img · not a link · alt=null⟩
            "rine/1787396210070-RW-TheVallureNanaAfifYasakaShrine-5/high.webp"
          declared width="1200" height="800" (1.50:1) for a 1707x2560 file (0.67:1) — 125% off, so the box reserved before load is the wrong shape (ceiling 25%)
            article > div.inspire-prose > div.group.relative.lg:mx-auto > img.h-auto.w-auto.max-w-full  ⟨img · not a link · alt=null⟩
            "rine/1787396212452-RW-TheVallureNanaAfifYasakaShrine-6/high.webp"
          declared width="1200" height="800" (1.50:1) for a 2400x3600 file (0.67:1) — 125% off, so the box reserved before load is the wrong shape (ceiling 25%)
            article > div.inspire-prose > div.group.relative.lg:mx-auto > img.h-auto.w-auto.max-w-full  ⟨img · not a link · alt=null⟩
            "ine/1787396223409-RW-TheVallureNanaAfifYasakaShrine-10/high.webp"
          … and 8 more
[ ok ] /artikel/idea-dan-nasihat/garden-wedding @390  0 violation(s)  empty:0 rail:0 narrow:0 measure:0 clipped:0 over:0 clip:0 upscale:0 aspect:0 attr:10 unmeasurable:0 R2:0 R6:0 H6:0 H6.6:0 · +10 advisory
        image-attr-aspect ×10
          declared width="1200" height="800" (1.50:1) for a 684x1024 file (0.67:1) — 125% off, so the box reserved before load is the wrong shape (ceiling 25%)
            article > div.inspire-prose > figure.group.relative.my-6 > img.h-auto.w-auto.max-w-full  ⟨img · not a link · alt=null⟩
            "garden-wedding/1787397070738-IN-GardenWedding-Cove55-2/high.webp"
          declared width="1200" height="800" (1.50:1) for a 786x669 file (1.17:1) — 28% off, so the box reserved before load is the wrong shape (ceiling 25%)
            article > div.inspire-prose > div.group.relative.lg:mx-auto > img.h-auto.w-auto.max-w-full  ⟨img · not a link · alt=null⟩
            "ding/1787397101516-IN-GardenWedding-JardinEventVenue-1/high.webp"
          declared width="1200" height="800" (1.50:1) for a 786x743 file (1.06:1) — 42% off, so the box reserved before load is the wrong shape (ceiling 25%)
            article > div.inspire-prose > div.group.relative.lg:mx-auto > img.h-auto.w-auto.max-w-full  ⟨img · not a link · alt=null⟩
            "ding/1787397102800-IN-GardenWedding-JardinEventVenue-2/high.webp"
          declared width="1200" height="800" (1.50:1) for a 628x786 file (0.80:1) — 88% off, so the box reserved before load is the wrong shape (ceiling 25%)
            article > div.inspire-prose > div.group.relative.lg:mx-auto > img.h-auto.w-auto.max-w-full  ⟨img · not a link · alt=null⟩
            "ding/1787397105442-IN-GardenWedding-JardinEventVenue-4/high.webp"
          … and 6 more
[ ok ] /artikel/idea-dan-nasihat/garden-wedding @768  0 violation(s)  empty:0 rail:0 narrow:0 measure:0 clipped:0 over:0 clip:0 upscale:0 aspect:0 attr:10 unmeasurable:0 R2:0 R6:0 H6:0 H6.6:0 · +10 advisory
        image-attr-aspect ×10
          declared width="1200" height="800" (1.50:1) for a 684x1024 file (0.67:1) — 125% off, so the box reserved before load is the wrong shape (ceiling 25%)
            article > div.inspire-prose > figure.group.relative.my-6 > img.h-auto.w-auto.max-w-full  ⟨img · not a link · alt=null⟩
            "garden-wedding/1787397070738-IN-GardenWedding-Cove55-2/high.webp"
          declared width="1200" height="800" (1.50:1) for a 786x669 file (1.17:1) — 28% off, so the box reserved before load is the wrong shape (ceiling 25%)
            article > div.inspire-prose > div.group.relative.lg:mx-auto > img.h-auto.w-auto.max-w-full  ⟨img · not a link · alt=null⟩
            "ding/1787397101516-IN-GardenWedding-JardinEventVenue-1/high.webp"
          declared width="1200" height="800" (1.50:1) for a 786x743 file (1.06:1) — 42% off, so the box reserved before load is the wrong shape (ceiling 25%)
            article > div.inspire-prose > div.group.relative.lg:mx-auto > img.h-auto.w-auto.max-w-full  ⟨img · not a link · alt=null⟩
            "ding/1787397102800-IN-GardenWedding-JardinEventVenue-2/high.webp"
          declared width="1200" height="800" (1.50:1) for a 628x786 file (0.80:1) — 88% off, so the box reserved before load is the wrong shape (ceiling 25%)
            article > div.inspire-prose > div.group.relative.lg:mx-auto > img.h-auto.w-auto.max-w-full  ⟨img · not a link · alt=null⟩
            "ding/1787397105442-IN-GardenWedding-JardinEventVenue-4/high.webp"
          … and 6 more
[ ok ] /artikel/idea-dan-nasihat/garden-wedding @1024 0 violation(s)  empty:0 rail:0 narrow:0 measure:0 clipped:0 over:0 clip:0 upscale:0 aspect:0 attr:10 unmeasurable:0 R2:0 R6:0 H6:0 H6.6:0 · +10 advisory
        image-attr-aspect ×10
          declared width="1200" height="800" (1.50:1) for a 684x1024 file (0.67:1) — 125% off, so the box reserved before load is the wrong shape (ceiling 25%)
            article > div.inspire-prose > figure.group.relative.my-6 > img.h-auto.w-auto.max-w-full  ⟨img · not a link · alt=null⟩
            "garden-wedding/1787397070738-IN-GardenWedding-Cove55-2/high.webp"
          declared width="1200" height="800" (1.50:1) for a 786x669 file (1.17:1) — 28% off, so the box reserved before load is the wrong shape (ceiling 25%)
            article > div.inspire-prose > div.group.relative.lg:mx-auto > img.h-auto.w-auto.max-w-full  ⟨img · not a link · alt=null⟩
            "ding/1787397101516-IN-GardenWedding-JardinEventVenue-1/high.webp"
          declared width="1200" height="800" (1.50:1) for a 786x743 file (1.06:1) — 42% off, so the box reserved before load is the wrong shape (ceiling 25%)
            article > div.inspire-prose > div.group.relative.lg:mx-auto > img.h-auto.w-auto.max-w-full  ⟨img · not a link · alt=null⟩
            "ding/1787397102800-IN-GardenWedding-JardinEventVenue-2/high.webp"
          declared width="1200" height="800" (1.50:1) for a 628x786 file (0.80:1) — 88% off, so the box reserved before load is the wrong shape (ceiling 25%)
            article > div.inspire-prose > div.group.relative.lg:mx-auto > img.h-auto.w-auto.max-w-full  ⟨img · not a link · alt=null⟩
            "ding/1787397105442-IN-GardenWedding-JardinEventVenue-4/high.webp"
          … and 6 more
[ ok ] /artikel/idea-dan-nasihat/garden-wedding @1440 0 violation(s)  empty:0 rail:0 narrow:0 measure:0 clipped:0 over:0 clip:0 upscale:0 aspect:0 attr:10 unmeasurable:0 R2:0 R6:0 H6:0 H6.6:0 · +10 advisory
        image-attr-aspect ×10
          declared width="1200" height="800" (1.50:1) for a 684x1024 file (0.67:1) — 125% off, so the box reserved before load is the wrong shape (ceiling 25%)
            article > div.inspire-prose > figure.group.relative.my-6 > img.h-auto.w-auto.max-w-full  ⟨img · not a link · alt=null⟩
            "garden-wedding/1787397070738-IN-GardenWedding-Cove55-2/high.webp"
          declared width="1200" height="800" (1.50:1) for a 786x669 file (1.17:1) — 28% off, so the box reserved before load is the wrong shape (ceiling 25%)
            article > div.inspire-prose > div.group.relative.lg:mx-auto > img.h-auto.w-auto.max-w-full  ⟨img · not a link · alt=null⟩
            "ding/1787397101516-IN-GardenWedding-JardinEventVenue-1/high.webp"
          declared width="1200" height="800" (1.50:1) for a 786x743 file (1.06:1) — 42% off, so the box reserved before load is the wrong shape (ceiling 25%)
            article > div.inspire-prose > div.group.relative.lg:mx-auto > img.h-auto.w-auto.max-w-full  ⟨img · not a link · alt=null⟩
            "ding/1787397102800-IN-GardenWedding-JardinEventVenue-2/high.webp"
          declared width="1200" height="800" (1.50:1) for a 628x786 file (0.80:1) — 88% off, so the box reserved before load is the wrong shape (ceiling 25%)
            article > div.inspire-prose > div.group.relative.lg:mx-auto > img.h-auto.w-auto.max-w-full  ⟨img · not a link · alt=null⟩
            "ding/1787397105442-IN-GardenWedding-JardinEventVenue-4/high.webp"
          … and 6 more
[ ok ] /artikel/idea-dan-nasihat/garden-wedding @1920 0 violation(s)  empty:0 rail:0 narrow:0 measure:0 clipped:0 over:0 clip:0 upscale:0 aspect:0 attr:10 unmeasurable:0 R2:0 R6:0 H6:0 H6.6:0 · +10 advisory
        image-attr-aspect ×10
          declared width="1200" height="800" (1.50:1) for a 684x1024 file (0.67:1) — 125% off, so the box reserved before load is the wrong shape (ceiling 25%)
            article > div.inspire-prose > figure.group.relative.my-6 > img.h-auto.w-auto.max-w-full  ⟨img · not a link · alt=null⟩
            "garden-wedding/1787397070738-IN-GardenWedding-Cove55-2/high.webp"
          declared width="1200" height="800" (1.50:1) for a 786x669 file (1.17:1) — 28% off, so the box reserved before load is the wrong shape (ceiling 25%)
            article > div.inspire-prose > div.group.relative.lg:mx-auto > img.h-auto.w-auto.max-w-full  ⟨img · not a link · alt=null⟩
            "ding/1787397101516-IN-GardenWedding-JardinEventVenue-1/high.webp"
          declared width="1200" height="800" (1.50:1) for a 786x743 file (1.06:1) — 42% off, so the box reserved before load is the wrong shape (ceiling 25%)
            article > div.inspire-prose > div.group.relative.lg:mx-auto > img.h-auto.w-auto.max-w-full  ⟨img · not a link · alt=null⟩
            "ding/1787397102800-IN-GardenWedding-JardinEventVenue-2/high.webp"
          declared width="1200" height="800" (1.50:1) for a 628x786 file (0.80:1) — 88% off, so the box reserved before load is the wrong shape (ceiling 25%)
            article > div.inspire-prose > div.group.relative.lg:mx-auto > img.h-auto.w-auto.max-w-full  ⟨img · not a link · alt=null⟩
            "ding/1787397105442-IN-GardenWedding-JardinEventVenue-4/high.webp"
          … and 6 more
[ ok ] /artikel/moden-kontemporari/sime-darby-convention-centre @390 0 violation(s)  empty:0 rail:0 narrow:0 measure:0 clipped:0 over:0 clip:0 upscale:0 aspect:0 attr:15 unmeasurable:0 R2:0 R6:0 H6:0 H6.6:0 · +15 advisory
        image-attr-aspect ×15
          declared width="1200" height="800" (1.50:1) for a 2400x3600 file (0.67:1) — 125% off, so the box reserved before load is the wrong shape (ceiling 25%)
            article > div.inspire-prose > div.group.relative.lg:mx-auto > img.h-auto.w-auto.max-w-full  ⟨img · not a link · alt=null⟩
            "564-RW-WhiteneryYasminEsyraqSime-DarbyConventionCentre/high.webp"
          declared width="1200" height="800" (1.50:1) for a 2400x3600 file (0.67:1) — 125% off, so the box reserved before load is the wrong shape (ceiling 25%)
            article > div.inspire-prose > div.group.relative.lg:mx-auto > img.h-auto.w-auto.max-w-full  ⟨img · not a link · alt=null⟩
            "537-RW-WhiteneryYasminEsyraqSime-DarbyConventionCentre/high.webp"
          declared width="1200" height="800" (1.50:1) for a 2400x3600 file (0.67:1) — 125% off, so the box reserved before load is the wrong shape (ceiling 25%)
            article > div.inspire-prose > div.group.relative.lg:mx-auto > img.h-auto.w-auto.max-w-full  ⟨img · not a link · alt=null⟩
            "042-RW-WhiteneryYasminEsyraqSime-DarbyConventionCentre/high.webp"
          declared width="1200" height="800" (1.50:1) for a 2400x3600 file (0.67:1) — 125% off, so the box reserved before load is the wrong shape (ceiling 25%)
            article > div.inspire-prose > div.group.relative.lg:mx-auto > img.h-auto.w-auto.max-w-full  ⟨img · not a link · alt=null⟩
            "732-RW-WhiteneryYasminEsyraqSime-DarbyConventionCentre/high.webp"
          … and 11 more
[ ok ] /artikel/moden-kontemporari/sime-darby-convention-centre @768 0 violation(s)  empty:0 rail:0 narrow:0 measure:0 clipped:0 over:0 clip:0 upscale:0 aspect:0 attr:15 unmeasurable:0 R2:0 R6:0 H6:0 H6.6:0 · +15 advisory
        image-attr-aspect ×15
          declared width="1200" height="800" (1.50:1) for a 2400x3600 file (0.67:1) — 125% off, so the box reserved before load is the wrong shape (ceiling 25%)
            article > div.inspire-prose > div.group.relative.lg:mx-auto > img.h-auto.w-auto.max-w-full  ⟨img · not a link · alt=null⟩
            "564-RW-WhiteneryYasminEsyraqSime-DarbyConventionCentre/high.webp"
          declared width="1200" height="800" (1.50:1) for a 2400x3600 file (0.67:1) — 125% off, so the box reserved before load is the wrong shape (ceiling 25%)
            article > div.inspire-prose > div.group.relative.lg:mx-auto > img.h-auto.w-auto.max-w-full  ⟨img · not a link · alt=null⟩
            "537-RW-WhiteneryYasminEsyraqSime-DarbyConventionCentre/high.webp"
          declared width="1200" height="800" (1.50:1) for a 2400x3600 file (0.67:1) — 125% off, so the box reserved before load is the wrong shape (ceiling 25%)
            article > div.inspire-prose > div.group.relative.lg:mx-auto > img.h-auto.w-auto.max-w-full  ⟨img · not a link · alt=null⟩
            "042-RW-WhiteneryYasminEsyraqSime-DarbyConventionCentre/high.webp"
          declared width="1200" height="800" (1.50:1) for a 2400x3600 file (0.67:1) — 125% off, so the box reserved before load is the wrong shape (ceiling 25%)
            article > div.inspire-prose > div.group.relative.lg:mx-auto > img.h-auto.w-auto.max-w-full  ⟨img · not a link · alt=null⟩
            "732-RW-WhiteneryYasminEsyraqSime-DarbyConventionCentre/high.webp"
          … and 11 more
[ ok ] /artikel/moden-kontemporari/sime-darby-convention-centre @1024 0 violation(s)  empty:0 rail:0 narrow:0 measure:0 clipped:0 over:0 clip:0 upscale:0 aspect:0 attr:15 unmeasurable:0 R2:0 R6:0 H6:0 H6.6:0 · +15 advisory
        image-attr-aspect ×15
          declared width="1200" height="800" (1.50:1) for a 2400x3600 file (0.67:1) — 125% off, so the box reserved before load is the wrong shape (ceiling 25%)
            article > div.inspire-prose > div.group.relative.lg:mx-auto > img.h-auto.w-auto.max-w-full  ⟨img · not a link · alt=null⟩
            "564-RW-WhiteneryYasminEsyraqSime-DarbyConventionCentre/high.webp"
          declared width="1200" height="800" (1.50:1) for a 2400x3600 file (0.67:1) — 125% off, so the box reserved before load is the wrong shape (ceiling 25%)
            article > div.inspire-prose > div.group.relative.lg:mx-auto > img.h-auto.w-auto.max-w-full  ⟨img · not a link · alt=null⟩
            "537-RW-WhiteneryYasminEsyraqSime-DarbyConventionCentre/high.webp"
          declared width="1200" height="800" (1.50:1) for a 2400x3600 file (0.67:1) — 125% off, so the box reserved before load is the wrong shape (ceiling 25%)
            article > div.inspire-prose > div.group.relative.lg:mx-auto > img.h-auto.w-auto.max-w-full  ⟨img · not a link · alt=null⟩
            "042-RW-WhiteneryYasminEsyraqSime-DarbyConventionCentre/high.webp"
          declared width="1200" height="800" (1.50:1) for a 2400x3600 file (0.67:1) — 125% off, so the box reserved before load is the wrong shape (ceiling 25%)
            article > div.inspire-prose > div.group.relative.lg:mx-auto > img.h-auto.w-auto.max-w-full  ⟨img · not a link · alt=null⟩
            "732-RW-WhiteneryYasminEsyraqSime-DarbyConventionCentre/high.webp"
          … and 11 more
[ ok ] /artikel/moden-kontemporari/sime-darby-convention-centre @1440 0 violation(s)  empty:0 rail:0 narrow:0 measure:0 clipped:0 over:0 clip:0 upscale:0 aspect:0 attr:15 unmeasurable:0 R2:0 R6:0 H6:0 H6.6:0 · +15 advisory
        image-attr-aspect ×15
          declared width="1200" height="800" (1.50:1) for a 2400x3600 file (0.67:1) — 125% off, so the box reserved before load is the wrong shape (ceiling 25%)
            article > div.inspire-prose > div.group.relative.lg:mx-auto > img.h-auto.w-auto.max-w-full  ⟨img · not a link · alt=null⟩
            "564-RW-WhiteneryYasminEsyraqSime-DarbyConventionCentre/high.webp"
          declared width="1200" height="800" (1.50:1) for a 2400x3600 file (0.67:1) — 125% off, so the box reserved before load is the wrong shape (ceiling 25%)
            article > div.inspire-prose > div.group.relative.lg:mx-auto > img.h-auto.w-auto.max-w-full  ⟨img · not a link · alt=null⟩
            "537-RW-WhiteneryYasminEsyraqSime-DarbyConventionCentre/high.webp"
          declared width="1200" height="800" (1.50:1) for a 2400x3600 file (0.67:1) — 125% off, so the box reserved before load is the wrong shape (ceiling 25%)
            article > div.inspire-prose > div.group.relative.lg:mx-auto > img.h-auto.w-auto.max-w-full  ⟨img · not a link · alt=null⟩
            "042-RW-WhiteneryYasminEsyraqSime-DarbyConventionCentre/high.webp"
          declared width="1200" height="800" (1.50:1) for a 2400x3600 file (0.67:1) — 125% off, so the box reserved before load is the wrong shape (ceiling 25%)
            article > div.inspire-prose > div.group.relative.lg:mx-auto > img.h-auto.w-auto.max-w-full  ⟨img · not a link · alt=null⟩
            "732-RW-WhiteneryYasminEsyraqSime-DarbyConventionCentre/high.webp"
          … and 11 more
[ ok ] /artikel/moden-kontemporari/sime-darby-convention-centre @1920 0 violation(s)  empty:0 rail:0 narrow:0 measure:0 clipped:0 over:0 clip:0 upscale:0 aspect:0 attr:15 unmeasurable:0 R2:0 R6:0 H6:0 H6.6:0 · +15 advisory
        image-attr-aspect ×15
          declared width="1200" height="800" (1.50:1) for a 2400x3600 file (0.67:1) — 125% off, so the box reserved before load is the wrong shape (ceiling 25%)
            article > div.inspire-prose > div.group.relative.lg:mx-auto > img.h-auto.w-auto.max-w-full  ⟨img · not a link · alt=null⟩
            "564-RW-WhiteneryYasminEsyraqSime-DarbyConventionCentre/high.webp"
          declared width="1200" height="800" (1.50:1) for a 2400x3600 file (0.67:1) — 125% off, so the box reserved before load is the wrong shape (ceiling 25%)
            article > div.inspire-prose > div.group.relative.lg:mx-auto > img.h-auto.w-auto.max-w-full  ⟨img · not a link · alt=null⟩
            "537-RW-WhiteneryYasminEsyraqSime-DarbyConventionCentre/high.webp"
          declared width="1200" height="800" (1.50:1) for a 2400x3600 file (0.67:1) — 125% off, so the box reserved before load is the wrong shape (ceiling 25%)
            article > div.inspire-prose > div.group.relative.lg:mx-auto > img.h-auto.w-auto.max-w-full  ⟨img · not a link · alt=null⟩
            "042-RW-WhiteneryYasminEsyraqSime-DarbyConventionCentre/high.webp"
          declared width="1200" height="800" (1.50:1) for a 2400x3600 file (0.67:1) — 125% off, so the box reserved before load is the wrong shape (ceiling 25%)
            article > div.inspire-prose > div.group.relative.lg:mx-auto > img.h-auto.w-auto.max-w-full  ⟨img · not a link · alt=null⟩
            "732-RW-WhiteneryYasminEsyraqSime-DarbyConventionCentre/high.webp"
          … and 11 more
──────────────────────────────────────────────────────────────────────────────
totals: empty-content 0
        rail-collapsed 0
        narrow-text-column 1116
        reading-measure 23
        clipped-text 0
        viewport-overflow 4
        scroll-container-clip 46
        image-upscale 0
        image-aspect 0
        image-attr-aspect 822 (advisory, does not fail the build)
        image-unmeasurable 0
        shaped-slot-variant 0
        shaped-slot-dims 0
        category-diversity 0
        source-order 0
build fingerprint (last width measured, per target):
  /artikel/hantaran-mas-kahwin/hantaran-coklat
    200 HIT age=70 sin1::sin1::ddtvl-1788293157378-30523740951b css=[e754448c3010263a.css 19b83a0982f1e330.css ece0345a72e045ca.css]
  /artikel/hantaran-mas-kahwin/hantaran-tema-warna
    200 HIT age=117 sin1::sin1::smzxr-1788293258324-b9a0bff322f3 css=[e754448c3010263a.css 19b83a0982f1e330.css ece0345a72e045ca.css]
  /artikel/hantaran-mas-kahwin/hantaran-tunang-simple
    200 HIT age=219 sin1::sin1::v6x2m-1788293359783-f991f862f9f3 css=[e754448c3010263a.css 19b83a0982f1e330.css ece0345a72e045ca.css]
  /artikel/nikah-undang-undang/lafaz-taklik
    200 STALE age=329 sin1::sin1::h8kxj-1788293470855-5c10614f5afe css=[e754448c3010263a.css 19b83a0982f1e330.css ece0345a72e045ca.css]
  /artikel/hantaran-mas-kahwin/hidden-hantaran
    200 HIT age=32 sin1::sin1::c6sg4-1788293571442-50a6aa4e837d css=[e754448c3010263a.css 19b83a0982f1e330.css ece0345a72e045ca.css]
  /artikel/hantaran-mas-kahwin/gubahan-hantaran
    200 REVALIDATED age=0 sin1::sin1::ft4br-1788293673955-09745114a3fd css=[e754448c3010263a.css 19b83a0982f1e330.css ece0345a72e045ca.css]
  /artikel/hantaran-mas-kahwin/hantaran-tempah-atau-buat-sendiri
    200 HIT age=1 sin1::sin1::zz8rs-1788293777865-fd9aa44eb3b0 css=[e754448c3010263a.css 19b83a0982f1e330.css ece0345a72e045ca.css]
  /artikel/hantaran-mas-kahwin/mas-kahwin-ikut-negeri
    200 HIT age=76 sin1::sin1::87x26-1788293888170-531eca7554cc css=[e754448c3010263a.css 19b83a0982f1e330.css ece0345a72e045ca.css]
  /artikel/moden-kontemporari/perkahwinan-romantis-di-jen-shangri-la-puteri-harbour
    200 HIT age=76 sin1::sin1::f8qtl-1788293998563-717b45b9e0d6 css=[e754448c3010263a.css 19b83a0982f1e330.css ece0345a72e045ca.css]
  /artikel/idea-dan-nasihat/sewa-dewan-kahwin
    200 HIT age=77 sin1::sin1::bfsj5-1788294110420-4d11716ca378 css=[e754448c3010263a.css 19b83a0982f1e330.css ece0345a72e045ca.css]
  /artikel/idea-dan-nasihat/majlis-kahwin
    200 HIT age=73 sin1::sin1::tz6sw-1788294216885-ddbc65acd161 css=[e754448c3010263a.css 19b83a0982f1e330.css ece0345a72e045ca.css]
  /artikel/busana-pengantin/songket-tenunan-tangan-atau-cetak
    200 HIT age=85 sin1::sin1::tdnf7-1788294320437-79010e0ee59f css=[e754448c3010263a.css 19b83a0982f1e330.css ece0345a72e045ca.css]
  /artikel/minimalis-mewah/the-danna-langkawi
    200 HIT age=13 sin1::sin1::497dg-1788294366272-c9c52c3c5282 css=[e754448c3010263a.css 19b83a0982f1e330.css ece0345a72e045ca.css]
  /artikel/pelamin-kad-cenderahati/pelamin
    200 HIT age=32 sin1::sin1::2khd9-1788294439774-8e92d176d48c css=[e754448c3010263a.css 19b83a0982f1e330.css ece0345a72e045ca.css]
  /artikel/idea-dan-nasihat/hadiah-untuk-pengantin
    200 HIT age=71 sin1::sin1::sf5rn-1788294543557-e1b39e586ff3 css=[e754448c3010263a.css 19b83a0982f1e330.css ece0345a72e045ca.css]
  /artikel/ucapan-doa/doa-penutup-majlis
    200 HIT age=67 sin1::sin1::sf5rn-1788294643949-cfae983b1737 css=[e754448c3010263a.css 19b83a0982f1e330.css ece0345a72e045ca.css]
  /artikel/sebelum-nikah/taaruf-maksud
    200 HIT age=258 sin1::sin1::pps68-1788294748195-351c98c9214d css=[e754448c3010263a.css 19b83a0982f1e330.css ece0345a72e045ca.css]
  /artikel/ucapan-doa/ucapan-ulang-tahun-perkahwinan
    200 HIT age=71 sin1::sin1::kdmxp-1788294852613-dc50c0c3f984 css=[e754448c3010263a.css 19b83a0982f1e330.css ece0345a72e045ca.css]
  /artikel/ucapan-doa/doa-makan-majlis
    200 HIT age=86 sin1::sin1::s6qtn-1788294952916-2aff2e3b31ac css=[e754448c3010263a.css 19b83a0982f1e330.css ece0345a72e045ca.css]
  /artikel/hantaran-mas-kahwin/mas-kahwin-johor
    200 HIT age=189 sin1::sin1::htklt-1788295057039-2e8cae7c0d89 css=[e754448c3010263a.css 19b83a0982f1e330.css ece0345a72e045ca.css]
  /artikel/hantaran-mas-kahwin/mas-kahwin-melebihi-kadar-minimum
    200 HIT age=289 sin1::sin1::578xf-1788295156707-99acd7bda9df css=[e754448c3010263a.css 19b83a0982f1e330.css ece0345a72e045ca.css]
  /artikel/nikah-undang-undang/syarat-sah-nikah
    200 HIT age=69 sin1::sin1::h8kvn-1788295258222-bd230c79c042 css=[e754448c3010263a.css 19b83a0982f1e330.css ece0345a72e045ca.css]
  /artikel/ucapan-doa/doa-selamat-majlis
    200 HIT age=184 sin1::sin1::85wz4-1788295358895-c342c0f94274 css=[e754448c3010263a.css 19b83a0982f1e330.css ece0345a72e045ca.css]
  /artikel/hantaran-mas-kahwin/dulang-hantaran
    200 HIT age=291 sin1::sin1::f8qtl-1788295459738-b2cf0c91ced4 css=[e754448c3010263a.css 19b83a0982f1e330.css ece0345a72e045ca.css]
  /artikel/ucapan-doa/walimatul-urus
    200 HIT age=71 sin1::sin1::rqw5l-1788295563768-e6dcd65c6915 css=[e754448c3010263a.css 19b83a0982f1e330.css ece0345a72e045ca.css]
  /artikel/nikah-undang-undang/lafaz-akad-nikah
    200 HIT age=31 sin1::sin1::jr6kj-1788295671177-980249a213b0 css=[e754448c3010263a.css 19b83a0982f1e330.css ece0345a72e045ca.css]
  /artikel/sebelum-nikah/doa-jodoh
    200 HIT age=126 sin1::sin1::sdmwv-1788295772724-e1f59ad8a776 css=[e754448c3010263a.css 19b83a0982f1e330.css ece0345a72e045ca.css]
  /artikel/hantaran-mas-kahwin/hantaran-kahwin-bajet
    200 HIT age=228 sin1::sin1::v2qdr-1788295874768-62c2c3576b2e css=[e754448c3010263a.css 19b83a0982f1e330.css ece0345a72e045ca.css]
  /artikel/ucapan-doa/skrip-pengacara-majlis-perkahwinan
    200 REVALIDATED age=0 sin1::sin1::ft4br-1788295978120-909f6244d6da css=[e754448c3010263a.css 19b83a0982f1e330.css ece0345a72e045ca.css]
  /artikel/hantaran-mas-kahwin/barang-hantaran-berguna
    200 HIT age=70 sin1::sin1::h8kxj-1788296079857-9b48919a1e21 css=[e754448c3010263a.css 19b83a0982f1e330.css ece0345a72e045ca.css]
  /artikel/hantaran-mas-kahwin/berapa-dulang-hantaran-tunang
    200 HIT age=67 sin1::sin1::f8qtl-1788296179093-c0f200d1e674 css=[e754448c3010263a.css 19b83a0982f1e330.css ece0345a72e045ca.css]
  /artikel/hantaran-mas-kahwin/hantaran-tunang-untuk-perempuan
    200 HIT age=31 sin1::sin1::vhppx-1788296278907-948f628dd124 css=[cd038c78e3b16e63.css 19b83a0982f1e330.css ece0345a72e045ca.css]
  /artikel/hantaran-mas-kahwin/persiapan-hantaran-kahwin
    200 HIT age=68 sin1::sin1::jnn6k-1788296379212-1cfe8829fd5d css=[cd038c78e3b16e63.css 19b83a0982f1e330.css ece0345a72e045ca.css]
  /artikel/hantaran-mas-kahwin/barang-hantaran-tunang
    200 HIT age=67 sin1::sin1::jb4rd-1788296479126-af7a61ec6870 css=[cd038c78e3b16e63.css 19b83a0982f1e330.css ece0345a72e045ca.css]
  /artikel/hantaran-mas-kahwin/tempat-beli-hantaran
    200 HIT age=264 sin1::sin1::ncmpm-1788296578964-e2604dc0d64c css=[cd038c78e3b16e63.css 19b83a0982f1e330.css ece0345a72e045ca.css]
  /artikel/pelamin-kad-cenderahati/bunga-telur
    200 HIT age=64 sin1::sin1::v8dn9-1788296683443-67e48cd3d30b css=[cd038c78e3b16e63.css 19b83a0982f1e330.css ece0345a72e045ca.css]
  /artikel/hantaran-mas-kahwin/hantaran-wajib-atau-adat
    200 HIT age=151 sin1::sin1::vbqm7-1788296783575-e9ee79e419ea css=[cd038c78e3b16e63.css 19b83a0982f1e330.css ece0345a72e045ca.css]
  /artikel/hantaran-mas-kahwin/sirih-junjung
    200 HIT age=252 sin1::sin1::m2sjv-1788296884600-a57ae234672d css=[cd038c78e3b16e63.css 19b83a0982f1e330.css ece0345a72e045ca.css]
  /artikel/pelamin-kad-cenderahati/contoh-kad-jemputan-kahwin
    200 HIT age=73 sin1::sin1::tfsgd-1788296990772-a41254e9a710 css=[cd038c78e3b16e63.css 19b83a0982f1e330.css ece0345a72e045ca.css]
  /artikel/sebelum-nikah/cincin-tunang
    200 HIT age=69 sin1::sin1::82m6v-1788297092802-004b72125561 css=[cd038c78e3b16e63.css 19b83a0982f1e330.css ece0345a72e045ca.css]
  /artikel/ucapan-doa/doa-pengantin-baru
    200 HIT age=68 sin1::sin1::jdmbx-1788297193479-0542bc2c72f8 css=[cd038c78e3b16e63.css 19b83a0982f1e330.css ece0345a72e045ca.css]
  /artikel/hantaran-mas-kahwin/apa-itu-mas-kahwin
    200 HIT age=67 sin1::sin1::zg82w-1788297292908-3567364af52b css=[cd038c78e3b16e63.css 19b83a0982f1e330.css ece0345a72e045ca.css]
  /artikel/nikah-undang-undang/rukun-nikah
    200 HIT age=67 sin1::sin1::jdmbx-1788297392457-82a6ec056384 css=[cd038c78e3b16e63.css 19b83a0982f1e330.css ece0345a72e045ca.css]
  /artikel/real-wedding/perkahwinan-taman-kebun-yang-minimalis-di-hulu-langat
    200 HIT age=214 sin1::sin1::g6wqd-1788297494374-30aa51368b20 css=[cd038c78e3b16e63.css 19b83a0982f1e330.css ece0345a72e045ca.css]
  /artikel/hiasan-dekorasi/goodies-kahwin
    200 HIT age=69 sin1::sin1::sdmwv-1788297597078-d458c81bcb00 css=[cd038c78e3b16e63.css 19b83a0982f1e330.css ece0345a72e045ca.css]
  /artikel/idea-dan-nasihat/wedding-planner-terbaik-di-malaysia
    200 HIT age=71 sin1::sin1::7ls96-1788297701325-5d4b8caeffd7 css=[cd038c78e3b16e63.css 19b83a0982f1e330.css ece0345a72e045ca.css]
  /artikel/pantai-santai/perkahwinan-indah-di-laman-fajar-menyinsing-port-dickson
    200 HIT age=14 sin1::sin1::pps68-1788297748199-2ceff7a132a4 css=[cd038c78e3b16e63.css 19b83a0982f1e330.css ece0345a72e045ca.css]
  /artikel/fotografi-videografi/lokasi-pre-wedding-photoshoot-terbaik
    200 HIT age=16 sin1::sin1::sdfj4-1788297768443-f5319b4c98f0 css=[cd038c78e3b16e63.css 19b83a0982f1e330.css ece0345a72e045ca.css]
  /artikel/real-wedding/yasaka-shrine
    200 HIT age=69 sin1::sin1::xl7fb-1788297840982-77b9996ee7f3 css=[cd038c78e3b16e63.css 19b83a0982f1e330.css ece0345a72e045ca.css]
  /artikel/idea-dan-nasihat/garden-wedding
    200 HIT age=76 sin1::sin1::lx5j9-1788297950577-1cecd20f9a94 css=[cd038c78e3b16e63.css 19b83a0982f1e330.css ece0345a72e045ca.css]
  /artikel/moden-kontemporari/sime-darby-convention-centre
    200 HIT age=70 sin1::sin1::lsn2w-1788298054904-da3baf1d6eaa css=[cd038c78e3b16e63.css 19b83a0982f1e330.css ece0345a72e045ca.css]
UILINT EXIT: 1
